price,negotiable,bedrooms,bathrooms,city,district,house_size_sqft,land_size_perches
18500000.0,0,3,2,82,4,2850.0,10.5
12500000.0,0,3,1,62,9,2850.0,9.0
14000000.0,0,3,2,50,6,2850.0,13.8
17500000.0,1,3,2,13,9,2850.0,10.5
35000000.0,0,4,4,155,9,2850.0,10.0
27500000.0,0,5,2,13,9,2850.0,8.5
15500000.0,1,3,1,166,4,2850.0,10.5
75000000.0,0,4,2,41,4,2850.0,11.0
15500000.0,0,1,1,166,4,2850.0,15.0
110000000.0,0,4,3,166,4,3200.0,9.7
26000000.0,1,4,3,166,4,2080.0,10.4
9000000.0,0,4,1,48,5,2850.0,15.0
8900000.0,1,2,1,51,10,2850.0,9.5
97500000.0,0,5,4,166,4,4000.0,22.0
150000000.0,0,4,2,25,4,2850.0,11.0
28500000.0,0,5,3,13,9,2850.0,20.0
9000000.0,0,3,2,155,9,2850.0,13.0
22000000.0,0,1,1,62,9,2850.0,150.0
46500000.0,1,5,3,73,9,2850.0,13.5
35000000.0,0,4,3,73,9,2850.0,6.0
10000000.0,0,2,1,13,9,2850.0,11.0
33000000.0,1,3,4,166,4,2000.0,2.5
2700000.0,0,1,1,22,16,2850.0,65.0
6000000.0,0,1,1,163,16,2850.0,80.0
2800000.0,0,1,1,153,23,2850.0,2.0
3800000.0,0,3,1,97,2,2850.0,54.0
1600000.0,1,3,1,97,2,2850.0,1.0
1000000.0,1,2,1,97,2,2850.0,40.0
78000000.0,0,3,1,166,4,2850.0,1.0
6500000.0,0,1,1,62,9,2850.0,20.0
32500000.0,0,5,1,62,9,2850.0,10.0
6500000.0,0,5,2,76,10,3224.75,11.0
17500000.0,0,5,2,66,6,2850.0,12.5
2600000.0,0,1,1,64,6,2850.0,12.5
45000000.0,1,5,3,50,6,2850.0,10.5
71400000.0,0,1,1,114,13,2850.0,238.0
50000000.0,0,1,1,58,4,2850.0,35.0
16500000.0,0,3,1,62,9,2850.0,10.0
11000000.0,0,4,1,9,4,2850.0,3.0
14000000.0,0,1,1,9,4,2850.0,20.0
8000000.0,0,1,1,119,6,2850.0,35.0
15500000.0,0,3,1,96,4,1120.0,7.0
280000000.0,1,3,2,166,4,2850.0,7.0
3800000.0,0,3,2,8,4,2000.0,7.0
14500000.0,1,3,2,8,4,2850.0,10.0
16500000.0,0,3,1,166,4,2850.0,10.0
19000000.0,0,3,2,8,4,2850.0,7.03
14000000.0,0,3,1,166,4,2850.0,7.0
24000000.0,0,3,2,166,4,1200.0,6.7
14175000.0,0,2,1,166,4,1700.0,16.2
13500000.0,0,3,1,69,4,2850.0,10.0
270000000.0,0,5,5,166,4,10000.0,17.0
16000000.0,0,4,2,166,4,2850.0,12.0
8000000.0,0,1,1,53,13,2850.0,80.0
42500000.0,0,1,1,114,13,2850.0,6.0
7000000.0,0,3,1,119,6,2850.0,12.0
37500000.0,0,4,2,92,13,2850.0,10.0
12000000.0,0,4,2,92,13,2850.0,15.0
25000000.0,0,5,2,92,13,2850.0,16.0
20000000.0,1,3,1,19,6,2850.0,15.0
35000000.0,0,7,2,92,13,2850.0,164.0
27000000.0,0,5,2,92,13,2850.0,20.0
5900000.0,1,3,1,92,13,2850.0,15.0
5550000.0,1,3,1,107,1,2850.0,1.0
8750000.0,1,4,1,107,1,2850.0,70.0
13500000.0,0,3,1,132,10,2850.0,1.0
45000000.0,0,8,2,113,4,2850.0,13.0
28500000.0,0,4,1,48,5,2850.0,22.5
6000000.0,1,2,1,50,6,2850.0,9.0
75000000.0,1,5,2,50,6,3727.0,22.5
14000000.0,0,5,1,66,6,2850.0,20.0
8200000.0,1,2,1,66,6,2850.0,11.0
27500000.0,0,4,2,138,6,2850.0,19.0
19500000.0,0,3,1,84,6,2850.0,8.0
15000000.0,0,2,1,66,6,2850.0,19.0
27500000.0,1,4,2,66,6,2850.0,19.0
13000000.0,1,3,1,66,6,2850.0,12.5
24500000.0,0,4,2,166,4,2850.0,8.0
56000000.0,0,1,1,50,6,2850.0,5.0
11200000.0,0,3,1,66,6,2850.0,15.0
34000000.0,0,5,2,48,5,2850.0,298.0
18500000.0,0,1,1,166,4,2850.0,11.5
16000000.0,0,1,1,166,4,2850.0,4.0
15800000.0,0,3,2,76,10,2850.0,6.0
16500000.0,0,2,1,76,10,2850.0,5.0
8800000.0,0,3,1,166,17,2850.0,24.0
12800000.0,0,3,2,76,10,2850.0,12.0
35000000.0,1,4,3,166,4,2600.0,12.5
58000000.0,1,5,4,166,4,2850.0,12.3
702000000.0,0,1,1,166,4,2850.0,23.4
17500000.0,1,3,2,166,4,2850.0,7.0
19800000.0,0,2,1,50,6,2850.0,34.8
12500000.0,0,2,1,76,10,2800.0,20.0
18500000.0,0,1,1,73,9,2570.0,47.04
26900000.0,1,4,2,166,4,2850.0,15.0
13500000.0,1,4,2,50,6,2850.0,8.0
11000000.0,0,4,3,166,4,1500.0,10.0
40000000.0,1,5,4,50,6,2850.0,30.0
34500000.0,0,3,3,166,4,2100.0,7.0
30000000.0,1,4,3,50,6,2100.0,10.0
22000000.0,1,3,2,166,4,2000.0,10.0
28500000.0,1,4,2,166,4,2644.0,12.49
27000000.0,0,2,1,48,5,2380.0,10.0
11000000.0,1,2,2,73,9,2850.0,10.0
34000000.0,1,6,3,166,4,4000.0,17.75
24000000.0,1,5,2,166,4,2500.0,10.0
24000000.0,0,3,2,166,4,2850.0,7.0
32500000.0,1,5,3,166,4,3000.0,7.5
39700000.0,1,5,2,89,4,2414.0,13.24
38500000.0,0,3,2,166,4,2850.0,7.0
32500000.0,0,3,2,166,4,1600.0,24.4
28000000.0,0,3,3,166,4,2850.0,8.4
31000000.0,0,1,1,166,4,2850.0,18.0
46000000.0,1,3,3,96,4,2850.0,7.85
40000000.0,1,3,3,166,4,2850.0,3.0
41500000.0,0,4,3,166,4,2850.0,13.38
40000000.0,0,4,1,142,4,2850.0,11.0
31000000.0,0,4,2,166,4,2850.0,7.7
22500000.0,0,3,2,166,4,2850.0,7.31
21000000.0,0,3,1,133,4,2850.0,7.0
60000000.0,0,6,2,166,4,2850.0,7.3
110000000.0,0,4,3,41,4,2850.0,16.7
70000000.0,1,6,6,20,4,2850.0,20.0
26700000.0,0,4,2,9,4,1600.0,11.0
22500000.0,1,3,2,61,4,2850.0,10.0
37500000.0,0,5,3,98,4,2850.0,8.0
12000000.0,0,4,1,61,4,2850.0,18.0
9500000.0,0,4,2,50,6,2850.0,10.0
44500000.0,1,5,3,61,4,2850.0,14.9
79500000.0,0,4,4,50,6,4500.0,9.0
7500000.0,1,2,1,50,6,2850.0,3.0
10000000.0,0,2,1,157,6,2850.0,5.0
19000000.0,0,3,2,133,4,2850.0,7.5
50000000.0,0,1,1,121,4,2850.0,20.0
46000000.0,0,3,3,96,4,2850.0,7.85
8700000.0,0,2,2,166,6,2850.0,6.2
40000000.0,0,7,3,64,6,2850.0,15.75
13800000.0,0,3,1,166,6,2850.0,6.5
40000000.0,0,4,4,50,6,2850.0,17.0
8500000.0,0,3,1,50,6,2850.0,7.0
27000000.0,0,3,2,166,4,2850.0,6.0
13800000.0,0,3,1,61,4,2850.0,6.0
9500000.0,0,3,1,62,9,2850.0,40.0
9000000.0,0,2,1,61,4,2850.0,17.0
9300000.0,0,3,1,61,4,2850.0,6.6
16800000.0,0,3,2,61,4,1395.0,10.0
17200000.0,0,3,2,61,4,2850.0,12.5
39700000.0,0,5,2,166,4,2414.0,13.24
16000000.0,0,3,1,166,4,2850.0,10.8
24000000.0,1,5,1,129,4,2850.0,10.0
30000000.0,1,4,2,96,4,2850.0,9.0
22500000.0,1,3,2,128,4,2850.0,6.75
25000000.0,0,2,1,128,4,2850.0,6.0
53000000.0,1,3,3,142,4,2600.0,9.1
24000000.0,1,3,2,96,4,2850.0,7.0
27000000.0,1,2,1,166,4,2850.0,9.9
37500000.0,1,3,2,96,4,2850.0,6.3
46500000.0,0,2,2,20,4,3163.0,10.0
25000000.0,1,3,2,166,4,2850.0,12.0
25000000.0,1,3,3,96,4,2850.0,8.0
15500000.0,0,3,1,166,4,2850.0,7.2
25000000.0,0,3,2,20,4,2850.0,10.0
25000000.0,0,2,1,128,4,2850.0,15.0
28000000.0,1,2,1,20,4,2850.0,9.3
26000000.0,0,5,2,166,4,2680.0,14.6
14000000.0,0,1,1,166,4,2850.0,5.0
21000000.0,1,3,1,166,4,2850.0,7.0
24500000.0,0,3,3,128,4,2850.0,7.0
12500000.0,0,3,1,166,4,2850.0,10.0
19000000.0,0,2,1,166,4,2850.0,11.0
25000000.0,0,3,2,50,6,1126.0,7.0
10000000.0,0,3,2,61,4,2850.0,11.0
9500000.0,0,3,1,92,13,2850.0,32.0
9700000.0,0,3,2,166,4,2850.0,11.0
21000000.0,0,4,3,61,4,2850.0,8.5
8750000.0,1,3,2,73,9,2850.0,26.0
21500000.0,0,3,3,73,9,2850.0,11.75
14500000.0,0,3,1,76,10,2850.0,10.0
79000000.0,0,5,3,50,6,4000.0,20.0
16500000.0,0,3,2,50,6,2850.0,11.0
34000000.0,0,3,3,50,6,3540.0,7.5
95000000.0,0,3,3,50,6,2500.0,19.25
62500000.0,0,1,1,50,6,3500.0,38.0
23000000.0,0,4,2,50,6,2850.0,11.0
33000000.0,0,6,2,166,4,2850.0,11.0
35000000.0,0,5,3,166,4,2850.0,15.0
55000000.0,0,6,6,166,4,4000.0,12.0
45000000.0,1,4,2,166,4,2580.0,11.66
19000000.0,0,3,1,166,4,1400.0,11.0
22500000.0,0,3,2,166,4,2800.0,8.0
33500000.0,0,4,3,50,6,2850.0,11.0
80000000.0,0,4,2,166,4,2850.0,34.0
38000000.0,0,4,2,166,4,2500.0,13.5
30000000.0,0,3,2,166,4,2850.0,10.0
65000000.0,0,5,3,166,4,3000.0,13.5
43500000.0,1,4,3,166,4,2500.0,12.0
40000000.0,1,3,1,166,4,1000.0,11.0
60000000.0,1,5,2,50,6,2850.0,12.5
52000000.0,0,3,2,50,6,2850.0,11.0
21500000.0,0,3,3,166,4,1200.0,6.0
19000000.0,0,4,2,166,4,2850.0,6.0
26500000.0,0,2,2,50,6,1500.0,14.0
115000000.0,1,5,2,166,4,2850.0,26.8
15000000.0,0,4,2,166,4,2850.0,3.0
62500000.0,0,4,4,166,4,4250.0,8.0
39000000.0,0,4,2,166,4,2700.0,15.1
75000000.0,1,5,4,166,4,4200.0,16.0
46000000.0,0,4,2,166,4,2400.0,8.0
135000000.0,0,7,6,166,4,5000.0,31.0
39000000.0,0,5,3,50,6,4400.0,10.0
21500000.0,0,3,3,166,4,1200.0,6.0
69500000.0,0,5,4,166,4,2850.0,20.0
26000000.0,0,3,2,50,6,1990.0,7.0
37500000.0,0,5,3,8,4,2800.0,8.5
75000000.0,0,4,3,133,4,3200.0,18.9
42500000.0,0,6,3,166,4,3000.0,15.0
39000000.0,1,5,3,50,6,4400.0,10.0
250000000.0,0,6,6,166,4,5500.0,11.0
37000000.0,1,4,2,166,4,1800.0,8.0
47000000.0,0,5,4,166,4,2500.0,10.0
35500000.0,0,4,2,166,4,3000.0,10.0
33000000.0,0,4,2,166,4,2400.0,10.0
40000000.0,0,3,2,166,4,2500.0,6.1
19500000.0,1,3,2,166,4,2850.0,7.0
89000000.0,0,3,3,50,6,4200.0,11.5
35000000.0,1,5,2,50,6,3000.0,10.0
22000000.0,0,3,2,166,6,2850.0,10.0
450000000.0,0,6,7,135,18,8000.0,19.0
60000000.0,0,6,3,166,4,3846.0,23.5
32000000.0,0,3,2,50,6,2850.0,6.5
42500000.0,1,5,3,166,4,2850.0,10.0
25000000.0,1,3,2,166,4,1450.0,7.5
67500000.0,0,3,3,166,4,2900.0,8.5
28500000.0,0,4,3,166,4,2080.0,10.4
78500000.0,0,5,4,166,4,2800.0,8.8
47500000.0,0,5,3,166,4,2850.0,13.5
18500000.0,1,3,1,8,4,2850.0,10.0
22000000.0,1,3,3,166,4,2850.0,8.4
37500000.0,0,4,4,166,4,2850.0,11.0
165000000.0,0,5,4,166,4,5300.0,17.0
37500000.0,1,3,4,166,4,3200.0,7.0
25500000.0,1,3,3,166,4,2850.0,8.0
33000000.0,0,4,3,166,4,2305.0,7.4
50000000.0,0,10,4,50,6,2850.0,16.5
17500000.0,0,4,3,166,4,2850.0,10.0
24900000.0,0,5,3,50,6,2850.0,13.0
140000000.0,1,3,2,166,4,2000.0,8.7
23500000.0,0,7,5,166,4,2850.0,5.25
2300000.0,0,2,1,166,4,2850.0,11.0
400000000.0,0,6,6,76,10,2850.0,11.0
45000000.0,0,4,2,166,4,2850.0,8.5
76000000.0,0,3,2,166,4,2850.0,20.0
11000000.0,0,1,1,96,4,2850.0,5.0
26000000.0,1,3,2,166,4,2850.0,8.7
27000000.0,0,4,2,50,6,2850.0,11.0
35000000.0,0,1,1,50,6,2850.0,20.0
79000000.0,0,5,7,50,6,5000.0,12.75
23000000.0,1,2,1,50,6,2850.0,8.5
8000000.0,0,2,1,166,4,2850.0,7.0
43000000.0,0,1,1,30,4,537.0,11.0
35000000.0,1,3,1,166,4,950.0,6.0
6500000.0,1,2,1,126,9,2850.0,5.0
80000000.0,0,2,2,166,4,1800.0,12.4
65000000.0,1,5,4,166,4,3800.0,7.0
15000000.0,0,3,2,166,4,2850.0,8.0
102000000.0,1,5,5,166,4,3800.0,38.5
33000000.0,0,4,2,166,4,2850.0,12.0
31000000.0,1,3,2,166,4,3400.0,8.2
23500000.0,0,2,1,166,4,1150.0,6.5
18800000.0,1,3,1,166,4,2850.0,7.0
34500000.0,0,3,3,166,4,2100.0,7.0
170000000.0,1,2,1,113,4,950.0,11.0
18000000.0,1,2,2,166,4,2850.0,11.0
14000000.0,0,2,2,166,4,2850.0,3.25
50000000.0,1,5,3,166,4,3192.0,17.5
200000000.0,1,9,9,166,15,2850.0,80.0
35000000.0,0,4,4,166,4,2850.0,13.0
28500000.0,0,3,2,166,4,2850.0,9.8
3950000.0,1,2,1,29,4,2850.0,11.0
23000000.0,0,2,1,50,6,2850.0,8.5
5500000.0,0,3,1,109,6,2850.0,10.0
60000000.0,1,5,2,92,13,2850.0,200.0
2350000.0,0,2,1,50,6,2850.0,5.0
13000000.0,1,3,1,109,6,2850.0,37.0
8800000.0,0,4,1,112,16,2850.0,40.0
6700000.0,0,3,1,115,19,2850.0,15.0
14000000.0,1,3,1,99,19,2850.0,38.0
8000000.0,1,3,1,115,19,2850.0,80.0
24000000.0,1,1,1,115,19,2850.0,11.0
14000000.0,1,3,1,99,19,2850.0,11.0
4700000.0,1,1,1,115,19,2850.0,20.0
6250000.0,0,2,1,99,19,2850.0,15.0
16800000.0,1,3,1,115,19,2850.0,15.0
8500000.0,0,3,1,99,19,2850.0,12.5
10000000.0,0,2,1,99,19,2850.0,10.7
15500000.0,0,3,1,97,2,2850.0,40.0
4500000.0,0,2,1,97,2,2850.0,11.0
12000000.0,0,2,1,76,10,2850.0,10.0
9000000.0,1,1,1,76,10,2850.0,2.0
32000000.0,1,1,1,166,4,2850.0,12.8
8500000.0,0,1,1,50,6,2850.0,11.0
5000000.0,0,3,1,50,6,2850.0,15.0
17500000.0,0,1,1,100,14,2850.0,16.0
28000000.0,0,4,2,92,13,2850.0,32.0
30000000.0,0,1,1,48,5,2850.0,80.0
22000000.0,0,5,2,76,10,2850.0,25.0
27500000.0,0,4,4,50,6,2850.0,12.9
41000000.0,1,3,2,166,4,1235.0,6.3
55000000.0,0,3,2,166,4,2850.0,16.0
9000000.0,1,2,1,77,16,2850.0,40.0
7800000.0,0,1,1,77,16,2850.0,87.0
64000000.0,1,6,1,77,16,2850.0,2.0
4500000.0,0,1,1,77,16,2850.0,25.0
16500000.0,1,2,1,77,16,2850.0,30.0
7500000.0,0,2,1,44,20,2850.0,13.0
7500000.0,0,3,1,44,20,2850.0,10.0
8700000.0,0,3,1,166,6,2850.0,10.0
45000000.0,0,3,3,166,4,2850.0,9.0
5800000.0,1,2,1,44,20,2850.0,40.0
29500000.0,0,3,1,166,4,2850.0,11.0
50000000.0,0,3,2,166,4,2300.0,7.0
13500000.0,0,3,2,166,4,2850.0,3.6
35000000.0,0,3,2,166,4,2850.0,7.0
65000000.0,0,8,5,50,6,2850.0,8.0
120000000.0,0,4,4,166,4,2850.0,25.7
30000000.0,0,5,2,166,4,2850.0,14.0
19500000.0,1,3,1,166,4,2850.0,8.0
4500000.0,0,2,1,122,17,2850.0,7.0
19500000.0,1,2,2,76,10,2850.0,105.0
26000000.0,0,5,3,76,10,2850.0,20.0
8000000.0,0,3,2,76,10,2850.0,12.0
30000000.0,0,4,2,76,10,2850.0,66.6
19500000.0,1,5,4,122,17,2850.0,15.0
29500000.0,0,3,2,76,10,2850.0,18.0
17000000.0,0,1,1,152,22,2850.0,11.0
1950000.0,0,1,1,152,22,3500.0,11.0
9200000.0,0,3,1,166,4,2000.0,7.0
12500000.0,0,4,2,138,6,1500.0,10.5
200000.0,0,1,1,76,10,2850.0,66.0
4200000.0,0,2,1,166,4,2850.0,7.0
385000000.0,0,1,1,50,6,3680.0,33.5
27000000.0,1,3,2,50,6,2500.0,14.3
14950000.0,1,4,1,166,4,2850.0,10.0
11000000.0,1,3,3,57,7,2000.0,18.0
12300000.0,0,4,1,50,6,2000.0,12.85
5800000.0,0,3,1,166,4,2850.0,15.8
31000000.0,0,5,2,50,6,2600.0,11.0
14000000.0,0,3,1,62,9,2500.0,23.0
90000000.0,1,3,2,166,6,2850.0,15.75
80000000.0,0,4,2,50,6,3000.0,16.0
29400000.0,0,2,1,48,5,2850.0,16.8
29000000.0,0,3,2,166,4,2850.0,10.4
30000000.0,1,4,1,166,4,2850.0,17.0
55000000.0,0,6,3,166,4,2850.0,7.9
70000000.0,0,6,3,166,4,2850.0,26.75
58000000.0,0,3,1,166,4,2850.0,20.0
65000000.0,0,5,3,166,4,2850.0,8.9
60000000.0,0,6,5,166,4,2850.0,6.75
10000000.0,0,2,1,66,6,2850.0,12.5
52000000.0,0,3,2,166,4,1560.0,11.0
7500000.0,1,4,1,13,9,2850.0,10.0
65000000.0,0,4,3,166,4,3500.0,10.0
30000000.0,0,4,1,166,4,2850.0,40.0
160000000.0,0,4,4,101,15,2850.0,133.0
13950000.0,1,1,1,166,4,2850.0,9.3
25000000.0,0,3,2,166,6,1100.0,11.0
65000000.0,0,6,7,166,4,2850.0,6.0
46000000.0,0,1,1,92,13,2850.0,115.0
130000000.0,0,4,1,34,4,2850.0,10.0
230000000.0,0,4,3,166,4,4300.0,26.5
192000000.0,0,2,1,33,4,2850.0,12.0
40000000.0,0,4,1,166,4,2850.0,10.0
380000000.0,0,1,1,32,4,2850.0,19.1
26000000.0,0,1,1,35,4,2850.0,10.0
68000000.0,1,5,3,166,4,2850.0,10.5
37500000.0,1,6,4,142,4,2850.0,12.2
27000000.0,0,2,1,166,4,2850.0,4.0
140000000.0,1,8,6,37,4,2850.0,11.0
105000000.0,0,3,1,101,15,2850.0,3.75
16000000.0,0,3,1,165,6,2850.0,15.0
48500000.0,0,3,3,66,6,2850.0,11.0
22500000.0,0,4,3,73,9,2850.0,6.5
14000000.0,0,3,2,50,6,2850.0,8.5
33500000.0,0,3,3,138,6,2850.0,9.3
39500000.0,0,4,3,166,4,2850.0,7.0
26000000.0,0,3,2,166,4,1200.0,7.0
60000000.0,0,4,5,157,6,2850.0,10.0
38000000.0,0,4,4,8,4,2500.0,8.0
42500000.0,0,6,3,84,6,2850.0,12.0
43000000.0,0,4,3,166,4,3000.0,6.0
46000000.0,1,4,5,166,4,2900.0,9.6
16500000.0,0,4,1,138,6,2850.0,9.0
10500000.0,0,2,1,50,6,2850.0,7.0
28000000.0,0,1,1,166,4,1160.0,3.6
58500000.0,0,4,4,84,6,4000.0,12.0
13500000.0,0,3,1,66,6,2850.0,17.5
25000000.0,0,4,2,138,6,2850.0,10.0
39500000.0,0,3,3,98,4,1855.0,14.0
60000000.0,0,6,2,166,4,2850.0,11.0
45000000.0,1,4,3,166,4,2950.0,6.0
69500000.0,0,5,4,166,4,3500.0,13.0
22500000.0,0,3,3,166,4,1400.0,10.0
29500000.0,0,3,3,73,9,3000.0,8.0
45000000.0,1,3,3,166,4,4000.0,10.5
39000000.0,0,4,2,166,4,2750.0,10.0
90000000.0,0,5,1,96,4,3650.0,17.0
35000000.0,0,4,4,50,6,2100.0,6.0
25000000.0,0,3,3,50,6,1450.0,19.95
43000000.0,0,4,2,166,6,2200.0,12.0
110000000.0,0,4,2,166,4,2850.0,18.5
67000000.0,0,4,3,166,4,2850.0,7.0
75000000.0,0,5,4,166,4,2850.0,20.0
77000000.0,0,5,5,166,4,2850.0,56.0
33000000.0,0,2,1,166,4,2850.0,6.0
100000000.0,1,4,3,33,4,2850.0,9.35
55000000.0,0,3,3,166,4,3000.0,12.5
155000000.0,0,5,2,166,4,4000.0,15.0
69500000.0,0,7,4,166,4,3500.0,13.15
45000000.0,0,6,3,166,4,2700.0,12.0
27500000.0,0,2,2,166,4,870.0,11.0
85000000.0,0,4,3,76,10,5500.0,17.0
42000000.0,0,6,6,166,4,4229.0,84.0
65000000.0,0,6,3,166,4,4500.0,7.5
51000000.0,0,5,3,166,4,3200.0,10.25
60000000.0,0,4,3,166,4,3000.0,11.0
260000000.0,0,4,3,35,4,2850.0,7.0
165000000.0,0,6,4,166,4,4300.0,35.5
47000000.0,0,2,3,15,4,1600.0,7.0
110000000.0,0,1,1,166,4,2850.0,30.0
90000000.0,1,5,2,166,4,3800.0,27.8
70000000.0,0,4,3,166,4,3400.0,10.0
115000000.0,0,3,2,166,4,6200.0,9.7
105000000.0,0,6,4,20,4,2850.0,27.0
62500000.0,0,5,5,87,4,2850.0,6.0
85000000.0,0,4,3,166,4,2850.0,12.0
80000000.0,0,1,1,20,4,2800.0,9.84
10125000.0,0,4,3,121,4,2850.0,20.25
80000000.0,0,2,2,166,9,2850.0,12.0
39500000.0,0,4,2,73,9,1500.0,7.0
39500000.0,0,2,1,166,4,1200.0,6.9
135000000.0,0,4,1,122,17,3000.0,12.0
110000000.0,0,6,2,166,4,4000.0,15.5
52000000.0,1,3,2,166,4,2500.0,10.2
30000000.0,0,3,1,166,4,1000.0,13.0
92000000.0,0,1,1,166,4,2850.0,10.0
43000000.0,0,4,3,166,4,2850.0,9.8
42000000.0,0,1,1,166,4,2850.0,9.5
52000000.0,1,2,2,157,6,3000.0,9.5
84000000.0,0,4,4,166,4,2850.0,14.1
350000000.0,0,4,5,166,4,8000.0,11.0
29500000.0,0,3,1,133,4,2850.0,20.0
12500000.0,0,4,1,123,4,2850.0,18.0
60000000.0,0,4,2,76,10,2850.0,5.0
52500000.0,0,4,2,166,4,2850.0,11.0
22000000.0,0,3,2,8,4,2850.0,8.5
29000000.0,0,4,3,73,9,2850.0,10.0
9700000.0,0,5,2,166,4,2850.0,16.0
65000000.0,0,7,1,79,11,2850.0,20.0
16000000.0,0,3,1,101,15,2850.0,15.0
33000000.0,0,4,4,89,4,2250.0,8.0
2500000.0,1,2,1,76,10,2850.0,11.0
5500000.0,0,2,1,166,6,2850.0,20.0
6200000.0,0,4,1,50,6,2850.0,10.0
6900000.0,0,3,2,110,6,2850.0,16.0
6000000.0,1,3,1,42,6,2850.0,14.0
3200000.0,1,3,1,50,6,2850.0,15.0
27500000.0,0,4,3,50,6,2850.0,10.0
3000000.0,0,2,1,50,6,2850.0,16.0
13000000.0,0,1,1,92,13,2850.0,25.0
22500000.0,0,1,1,69,4,2850.0,13.0
13500000.0,0,3,1,5,0,2850.0,19.0
15000000.0,0,3,1,61,4,2850.0,10.0
24500000.0,0,4,1,166,4,2850.0,10.0
30000000.0,1,5,3,109,6,2850.0,140.0
19000000.0,1,3,1,166,6,2850.0,8.5
13500000.0,1,2,1,50,6,2850.0,10.0
32500000.0,1,5,3,166,4,2850.0,10.0
20000000.0,0,4,2,50,6,1435.0,5.5
9000000.0,1,3,1,66,6,2850.0,10.0
17000000.0,1,3,2,81,6,2850.0,10.0
21000000.0,1,5,3,66,6,2850.0,11.0
12500000.0,1,2,2,66,6,2850.0,10.0
8500000.0,1,3,1,50,6,2850.0,6.0
22500000.0,1,4,2,66,6,2850.0,11.0
15000000.0,1,2,1,50,6,2850.0,6.0
13000000.0,1,3,1,50,6,2850.0,9.8
9800000.0,1,2,1,66,6,2850.0,10.0
16500000.0,1,4,2,66,6,2850.0,10.0
48500000.0,1,4,2,50,6,2850.0,12.5
9500000.0,1,1,1,81,6,2850.0,7.0
19000000.0,0,2,1,166,4,2850.0,10.0
34000000.0,0,4,2,66,6,2850.0,33.0
32000000.0,0,4,2,66,6,2850.0,10.0
13000000.0,1,4,2,66,6,2850.0,12.5
17000000.0,1,2,1,50,6,860.0,8.0
27500000.0,0,1,1,8,4,2850.0,18.0
14000000.0,1,3,2,66,6,2850.0,8.5
5500000.0,0,2,1,106,13,2850.0,52.0
27000000.0,0,3,2,92,13,2850.0,24.5
38000000.0,0,4,1,41,4,2850.0,8.0
22000000.0,0,3,2,50,6,2850.0,15.0
15500000.0,0,2,1,50,6,2850.0,25.0
13500000.0,0,1,1,1,15,2850.0,11.0
15000000.0,1,2,1,89,4,2850.0,17.0
14000000.0,0,3,1,50,6,2850.0,13.5
13000000.0,0,4,1,165,6,2850.0,11.0
10000000.0,0,2,2,166,4,2850.0,12.5
14000000.0,0,3,1,50,6,2850.0,13.0
9000000.0,0,3,1,66,6,2850.0,10.0
34000000.0,0,5,3,166,4,3280.0,17.75
37500000.0,0,4,2,166,4,2993.0,10.0
8500000.0,0,3,1,92,13,2850.0,25.0
11200000.0,1,2,1,110,6,2850.0,25.0
50000000.0,1,5,3,76,10,2850.0,4.5
32500000.0,0,3,3,54,4,2850.0,11.0
54000000.0,1,3,2,147,4,2850.0,6.8
59000000.0,0,4,3,166,4,3200.0,7.0
17500000.0,0,3,2,166,4,1280.0,8.5
35000000.0,0,5,2,166,4,2850.0,8.7
26000000.0,0,3,2,166,4,2850.0,10.0
28000000.0,0,4,2,166,4,2850.0,20.0
55000000.0,0,5,3,96,4,3100.0,10.0
51000000.0,0,4,4,89,4,2850.0,10.0
11000000.0,0,3,1,166,4,2850.0,8.0
39000000.0,0,4,3,166,4,3100.0,6.0
37000000.0,0,4,3,96,4,2880.0,10.5
62000000.0,0,4,3,166,4,2850.0,32.0
110000000.0,0,5,4,50,6,4500.0,13.0
14000000.0,0,2,1,166,4,2850.0,10.0
44500000.0,0,4,1,61,4,2850.0,14.0
24000000.0,0,3,2,166,4,1280.0,6.5
25000000.0,0,3,2,166,4,2850.0,7.5
65000000.0,0,4,4,166,4,2880.0,20.0
13000000.0,0,3,1,166,4,2850.0,7.0
37500000.0,0,5,3,166,4,2826.0,10.0
54000000.0,1,5,4,166,4,2850.0,6.4
23500000.0,0,2,2,166,4,2850.0,8.0
19000000.0,0,3,2,128,4,2850.0,7.75
44100000.0,0,3,2,96,4,2850.0,21.0
12500000.0,0,2,1,166,4,2850.0,7.0
12000000.0,0,1,1,166,4,2850.0,6.0
35000000.0,0,3,2,166,4,1350.0,6.0
22000000.0,1,3,3,166,4,2850.0,6.0
96000000.0,0,5,4,166,4,3180.0,16.0
85000000.0,0,4,3,41,4,4100.0,7.0
22500000.0,0,3,2,166,4,1275.0,10.4
30000000.0,0,3,2,166,4,1650.0,10.0
42000000.0,0,3,1,128,4,2850.0,20.0
390000000.0,1,6,4,166,4,9000.0,52.0
37000000.0,1,4,3,166,4,2148.0,8.0
11500000.0,0,2,1,166,4,2850.0,11.0
55000000.0,0,5,4,166,4,5000.0,12.8
56000000.0,0,4,3,166,4,3000.0,11.0
12000000.0,0,2,1,166,4,2850.0,8.0
59000000.0,0,5,5,166,4,2850.0,68.0
59000000.0,0,6,4,166,4,2850.0,23.0
23500000.0,1,2,1,166,4,1150.0,6.5
11000000.0,0,3,1,92,13,2850.0,20.0
6500000.0,0,2,1,101,15,2850.0,96.0
18500000.0,0,1,1,76,10,2850.0,13.0
18000000.0,0,3,1,84,6,2850.0,20.0
13500000.0,1,3,2,76,10,2850.0,7.0
17500000.0,1,2,1,166,4,2850.0,10.0
68500000.0,0,5,5,166,4,4012.0,7.0
14500000.0,0,3,1,166,4,1200.0,11.5
17500000.0,1,4,1,165,6,2850.0,16.0
150000000.0,0,8,1,166,4,5250.0,14.5
85000000.0,0,3,2,9,4,1780.0,6.0
65000000.0,0,5,3,166,4,3250.0,11.6
65000000.0,0,8,8,78,6,2850.0,19.0
30000000.0,0,6,3,79,11,2850.0,55.0
300000000.0,0,5,1,31,4,4000.0,12.8
6500000.0,0,1,1,50,6,2850.0,85.0
6000000.0,0,1,1,148,16,2850.0,40.0
4500000.0,0,1,1,148,16,2850.0,40.0
6000000.0,0,1,1,148,16,2850.0,1.0
9000000.0,1,3,1,4,7,2850.0,80.0
9000000.0,0,3,1,4,7,2850.0,80.0
7500000.0,0,2,1,6,1,2850.0,90.0
13500000.0,1,2,1,64,6,2850.0,10.0
13500000.0,1,2,1,64,6,2850.0,10.0
8800000.0,1,3,1,165,6,2850.0,10.0
8800000.0,1,3,1,119,6,2850.0,11.5
9800000.0,1,3,1,165,6,2850.0,15.0
29000000.0,1,6,3,165,6,2850.0,18.2
5800000.0,1,3,1,50,6,2850.0,12.5
9500000.0,0,4,1,50,6,2850.0,25.0
8000000.0,0,2,1,50,6,2850.0,16.6
4200000.0,1,2,1,165,6,2850.0,15.0
19000000.0,1,3,2,165,6,2850.0,14.0
6000000.0,1,3,1,66,6,2850.0,13.0
19800000.0,1,5,2,165,6,2850.0,20.0
14000000.0,1,3,2,50,6,2850.0,14.0
4800000.0,1,3,1,165,6,2850.0,11.0
29000000.0,0,5,1,50,6,2850.0,89.0
12000000.0,1,3,1,50,6,2850.0,12.5
9800000.0,1,4,2,119,6,2850.0,20.0
29500000.0,1,7,3,165,6,2850.0,17.0
6000000.0,1,3,1,50,6,2850.0,7.5
8200000.0,1,2,1,50,6,2850.0,14.0
8500000.0,0,3,1,50,6,2850.0,12.5
24500000.0,1,3,1,50,6,2850.0,35.0
22000000.0,1,7,3,165,6,2850.0,17.0
30000000.0,1,4,1,165,6,2850.0,20.0
7500000.0,1,4,1,165,6,2850.0,15.5
8200000.0,1,3,1,50,6,2850.0,12.5
4800000.0,1,4,1,50,6,2850.0,10.0
9000000.0,0,3,1,165,6,2850.0,12.0
30000000.0,1,5,2,165,6,2850.0,22.0
17500000.0,1,3,1,165,6,2850.0,40.0
3400000.0,0,2,1,90,13,2850.0,10.0
2200000.0,0,4,1,159,7,2850.0,11.0
14800000.0,0,3,1,61,4,2850.0,10.5
21590000.0,0,2,1,166,4,2850.0,12.7
21000000.0,1,4,3,109,6,2850.0,21.0
40000000.0,1,4,1,48,5,1400.0,20.0
13500000.0,1,3,2,154,6,2850.0,12.5
3700000.0,1,1,1,141,20,2850.0,10.0
18500000.0,0,8,2,133,4,2850.0,8.0
18000000.0,1,2,1,166,4,2850.0,10.0
10000000.0,0,3,1,50,6,2850.0,5.0
10000000.0,0,3,1,58,4,2850.0,10.0
31000000.0,0,3,3,166,4,3000.0,120.0
10000000.0,0,3,1,61,4,2850.0,11.78
42000000.0,0,4,2,166,6,2850.0,30.0
10000000.0,1,3,2,166,4,2850.0,9.7
36000000.0,1,3,1,66,6,2300.0,40.7
27500000.0,0,3,2,133,4,2475.0,10.68
9000000.0,1,2,1,20,4,2850.0,5.35
18000000.0,1,3,1,84,6,2850.0,20.0
32500000.0,0,4,2,166,4,2000.0,7.3
31500000.0,1,4,2,50,6,2850.0,14.0
1800000.0,0,2,1,112,16,2850.0,60.0
7500000.0,0,3,1,44,20,2850.0,10.0
12500000.0,0,1,1,126,9,2850.0,14.5
6800000.0,0,2,1,44,20,2850.0,40.0
4500000.0,1,7,1,57,7,2850.0,40.0
15500000.0,0,1,1,166,4,2850.0,15.0
42500000.0,0,4,3,166,4,2450.0,7.5
29000000.0,0,4,2,166,4,2600.0,15.0
21000000.0,1,7,2,166,4,3500.0,10.0
33000000.0,1,4,2,69,4,2850.0,21.6
21000000.0,0,2,1,8,4,2850.0,10.0
24000000.0,0,3,2,8,4,2850.0,20.0
39000000.0,1,2,1,166,4,2850.0,18.1
43000000.0,1,4,3,98,4,2950.0,6.0
19500000.0,0,3,2,166,4,1480.0,10.0
12500000.0,0,3,3,8,4,2850.0,14.0
10000000.0,0,3,1,8,4,2850.0,6.0
24000000.0,1,6,3,166,4,2850.0,10.0
35500000.0,0,4,3,166,4,2575.0,6.4
15000000.0,0,3,1,166,4,1050.0,6.0
13500000.0,0,3,1,61,4,2850.0,10.0
13500000.0,0,3,2,61,4,2850.0,11.0
13400000.0,1,3,1,61,4,2850.0,10.0
9500000.0,0,3,1,61,4,2850.0,6.5
6000000.0,0,3,1,62,9,2850.0,12.5
235000000.0,0,3,2,61,4,2850.0,10.0
15000000.0,0,3,1,61,4,2850.0,10.0
55000000.0,1,5,4,166,4,4500.0,10.0
20000000.0,1,5,2,19,6,2850.0,15.0
22500000.0,0,2,1,61,4,2850.0,10.0
45000000.0,0,6,7,166,4,8000.0,19.0
27500000.0,0,5,3,14,2,2850.0,15.0
20000000.0,1,1,1,64,6,2850.0,21.5
6500000.0,0,1,1,64,6,2850.0,14.5
9000000.0,1,1,1,64,6,2850.0,8.0
15000000.0,0,1,1,92,13,2850.0,15.0
50000000.0,1,1,1,84,6,2850.0,20.0
26500000.0,1,3,2,43,20,3300.0,10.0
8800000.0,1,2,1,73,9,2850.0,15.6
27000000.0,0,2,2,101,15,540.0,17.3
18000000.0,0,3,1,76,10,2000.0,60.0
28000000.0,1,5,2,57,7,2850.0,20.0
8000000.0,0,1,1,119,6,2850.0,11.0
11000000.0,0,1,1,21,11,2850.0,92.0
580000.0,0,1,1,50,6,2850.0,21.0
5500000.0,0,1,1,79,11,2850.0,11.0
6800000.0,0,4,1,134,13,2850.0,57.0
16000000.0,0,2,1,119,6,2850.0,22.0
6600000.0,0,2,1,50,6,2850.0,4.0
105000000.0,1,4,4,166,4,2850.0,11.0
125000000.0,0,5,3,8,4,3700.0,18.0
42000000.0,0,4,3,166,4,2500.0,7.5
23500000.0,0,2,1,166,4,1142.0,6.5
49500000.0,0,4,3,166,4,3150.0,6.0
33500000.0,0,4,3,73,9,2850.0,8.0
32000000.0,0,5,2,126,9,3000.0,10.0
10000000.0,1,4,1,13,9,2850.0,12.0
55000000.0,0,3,2,8,4,2850.0,12.0
26000000.0,1,2,1,126,9,2850.0,12.5
12000000.0,1,5,3,166,4,2850.0,11.5
25000000.0,1,4,3,133,4,2850.0,13.0
15000000.0,1,3,1,166,4,2850.0,10.0
32000000.0,0,5,2,3,5,2850.0,10.0
13300000.0,0,2,1,8,4,2850.0,6.1
8000000.0,0,3,1,166,4,2850.0,22.0
15300000.0,0,2,1,61,4,2850.0,9.5
12500000.0,1,3,2,166,4,2850.0,12.5
11000000.0,1,3,2,8,4,2850.0,12.0
7500000.0,1,3,1,8,4,2850.0,5.0
22500000.0,0,3,3,61,4,2850.0,10.0
44500000.0,0,4,4,50,6,2850.0,7.25
25000000.0,0,10,10,117,6,2850.0,25.0
85000000.0,0,4,5,15,4,4450.0,16.5
66000000.0,0,4,4,15,4,2850.0,8.8
29500000.0,1,5,2,50,6,2178.0,8.0
27500000.0,0,4,2,64,6,2000.0,8.0
34000000.0,0,3,2,50,6,1450.0,5.5
39000000.0,0,3,1,166,6,3000.0,15.5
49000000.0,0,4,3,50,6,3400.0,10.0
32000000.0,0,3,2,50,6,2100.0,9.0
46000000.0,0,5,3,50,6,4500.0,17.9
57500000.0,0,5,4,50,6,3200.0,9.5
72500000.0,1,5,5,166,4,4050.0,9.1
32000000.0,1,3,2,157,6,1600.0,6.75
48000000.0,1,5,2,166,6,4900.0,23.0
37500000.0,0,3,2,76,10,3900.0,10.0
48000000.0,1,4,5,50,6,4000.0,10.0
39500000.0,0,3,3,166,6,1850.0,6.6
39000000.0,1,4,4,166,6,2700.0,6.3
72000000.0,0,4,3,166,4,3990.0,20.0
55000000.0,1,4,6,50,6,3500.0,12.1
57000000.0,1,5,5,50,6,4100.0,7.0
45000000.0,1,4,3,50,6,4100.0,20.0
49800000.0,0,6,2,166,4,3200.0,29.8
53000000.0,0,4,3,50,6,3700.0,12.5
24000000.0,1,3,2,166,4,1500.0,10.0
45000000.0,1,5,2,166,4,5000.0,20.0
49000000.0,0,4,3,50,6,3400.0,10.0
35000000.0,1,4,4,50,6,2900.0,6.0
95000000.0,1,5,5,50,6,5100.0,10.6
82000000.0,0,5,5,50,6,4000.0,11.3
62000000.0,0,7,3,50,6,7000.0,15.0
69000000.0,0,3,2,166,6,3400.0,18.0
38500000.0,0,4,3,166,4,2800.0,11.5
37000000.0,0,5,2,50,6,2760.0,10.2
29000000.0,1,4,2,73,9,2850.0,23.0
16500000.0,1,3,1,166,4,2850.0,18.0
26000000.0,1,3,1,166,4,2850.0,10.0
14200000.0,0,3,1,166,4,2850.0,13.0
13500000.0,0,3,1,166,4,2850.0,10.5
49000000.0,1,6,2,166,4,4000.0,32.0
28500000.0,1,5,5,61,4,2850.0,8.5
70000000.0,1,5,5,50,6,5300.0,16.5
14500000.0,0,3,2,166,4,2850.0,10.0
1250000.0,0,2,1,166,4,2850.0,9.8
15300000.0,0,2,1,61,4,2850.0,9.5
28000000.0,1,4,1,66,6,2850.0,25.0
4700000.0,0,3,1,50,6,2850.0,15.0
2700000.0,0,2,1,166,6,2850.0,5.7
5500000.0,0,1,1,119,6,2850.0,15.4
26000000.0,0,3,2,165,6,2850.0,15.0
16000000.0,0,3,1,165,6,2850.0,15.0
31500000.0,0,4,2,119,6,2850.0,15.0
12000000.0,0,3,1,166,4,2850.0,43.0
4300000.0,0,2,1,166,6,2850.0,10.0
4700000.0,0,2,1,119,6,2850.0,8.0
98000000.0,0,6,1,76,10,2850.0,11.0
34500000.0,1,4,2,66,6,2850.0,8.5
32000000.0,1,4,2,166,4,2850.0,9.7
85000000.0,1,5,3,166,4,3000.0,9.0
145000000.0,0,3,2,33,4,1990.0,8.25
100000000.0,0,4,1,166,4,2500.0,20.4
5500000.0,0,3,1,24,4,2850.0,15.0
160000000.0,1,4,4,166,4,4500.0,15.0
62000000.0,0,4,4,166,4,2670.0,11.0
49500000.0,1,5,3,166,4,4500.0,20.0
45000000.0,0,3,3,166,4,2850.0,7.0
70000000.0,0,6,5,166,4,4600.0,8.5
14000000.0,0,2,2,166,4,2850.0,10.0
18000000.0,1,4,3,73,9,2850.0,11.0
26500000.0,1,3,2,166,4,1200.0,6.7
43000000.0,1,4,3,166,4,2500.0,10.0
34500000.0,0,4,2,166,4,2850.0,8.0
35000000.0,0,5,2,166,6,2850.0,10.0
30000000.0,0,7,3,64,6,2000.0,13.0
16000000.0,1,1,1,50,6,2850.0,14.5
50400000.0,0,10,7,166,4,2850.0,14.4
45000000.0,0,3,2,166,4,2850.0,5.5
30250000.0,0,1,1,166,8,2850.0,30.0
75000000.0,0,5,5,166,4,3000.0,6.0
28000000.0,0,4,2,166,4,1400.0,2.5
50000000.0,0,5,1,166,4,2200.0,6.0
9000000.0,1,2,1,96,4,2850.0,6.5
19000000.0,0,5,2,126,9,2850.0,19.5
55000000.0,1,4,2,60,5,3240.0,18.0
53000000.0,1,6,6,50,6,2850.0,20.6
45000000.0,1,8,1,166,4,2850.0,13.0
19000000.0,0,3,1,61,4,2850.0,17.5
17000000.0,0,4,2,126,9,2850.0,15.5
60000000.0,0,6,6,141,20,2850.0,5.0
10500000.0,1,3,1,92,13,2850.0,31.0
18000000.0,0,5,2,126,9,2850.0,10.0
35000000.0,1,4,3,166,4,3000.0,6.5
39000000.0,0,4,3,113,4,2850.0,6.73
19500000.0,1,3,2,166,4,2850.0,7.0
37000000.0,1,1,1,133,4,2850.0,28.0
50000000.0,1,10,4,101,15,2850.0,10.0
37500000.0,1,4,4,73,9,2850.0,7.0
22500000.0,1,1,1,92,13,2850.0,48.0
52000000.0,0,4,2,166,4,2850.0,11.0
50000000.0,0,4,2,73,9,2578.0,20.0
12000000.0,0,3,1,119,6,2850.0,17.0
6000000.0,0,1,1,119,6,2850.0,13.5
16500000.0,0,1,1,119,6,2850.0,80.0
24000000.0,1,3,1,166,4,2850.0,8.3
28000000.0,0,3,1,166,4,2850.0,13.0
72500000.0,0,4,4,166,4,2850.0,6.0
2250000.0,1,3,2,166,4,2850.0,4.5
38000000.0,0,3,1,166,4,2850.0,10.0
39000000.0,0,3,1,166,4,2850.0,7.8
150000.0,0,2,1,166,4,2850.0,13.0
39000000.0,0,3,2,166,4,2850.0,10.0
19000000.0,1,3,1,166,4,2850.0,3.0
85000000.0,1,5,2,166,4,2850.0,12.0
17500000.0,1,3,3,166,4,2850.0,3.5
49000000.0,1,5,3,166,4,2850.0,11.0
26000000.0,0,4,2,166,4,2850.0,6.5
39000000.0,0,2,2,166,4,2850.0,8.0
39000000.0,0,3,2,166,4,2850.0,10.0
150000000.0,1,7,7,166,4,6522.0,14.27
120000000.0,0,3,3,166,4,2850.0,14.0
18500000.0,0,6,5,166,4,2850.0,40.0
29000000.0,1,4,4,166,4,2850.0,3.6
28000000.0,0,3,2,166,4,2850.0,5.6
68000000.0,1,7,4,166,4,2850.0,7.5
75000000.0,1,10,6,166,4,2850.0,6.0
49000000.0,1,6,3,76,10,2850.0,20.0
23000000.0,0,3,1,76,10,2850.0,35.0
85000000.0,0,6,2,166,4,2850.0,12.0
39000000.0,0,5,4,33,4,2850.0,8.0
90000000.0,1,6,6,76,10,2850.0,10.0
55000000.0,1,4,3,166,4,2850.0,6.0
122000000.0,0,3,1,166,4,882.0,6.3
7500000.0,0,2,1,79,11,2850.0,46.0
13500000.0,0,5,1,79,11,2850.0,13.5
9500000.0,0,2,1,79,11,2850.0,20.0
12500000.0,0,1,1,166,4,2850.0,12.0
16500000.0,0,2,1,79,11,2850.0,19.2
5900000.0,0,2,1,166,4,2850.0,11.0
9000000.0,0,3,1,92,13,2850.0,11.0
6500000.0,0,1,1,73,9,2850.0,40.0
6500000.0,0,2,1,166,4,2850.0,10.0
45000000.0,0,3,2,48,5,2850.0,39.0
110000000.0,0,5,6,166,4,6000.0,11.0
150000000.0,0,8,7,166,4,5250.0,14.5
83000000.0,0,1,1,166,4,300.0,9.0
48000000.0,0,6,2,31,4,2850.0,3.0
39000000.0,0,3,2,34,4,2850.0,3.8
7000000.0,0,2,2,166,4,2850.0,2.0
14000000.0,0,2,2,166,4,2850.0,6.0
65000000.0,1,4,4,166,4,4500.0,10.0
12000000.0,0,2,2,166,4,2850.0,3.6
23000000.0,0,7,1,166,4,2850.0,17.0
14500000.0,0,2,1,29,4,2850.0,4.0
15000000.0,0,2,2,166,4,2850.0,3.5
15000000.0,0,1,1,166,4,2850.0,3.5
160000000.0,0,1,1,166,4,2850.0,4.0
9500000.0,0,2,1,166,4,2850.0,1.5
30000000.0,0,3,1,166,4,2850.0,5.5
20000000.0,0,5,3,166,4,2850.0,4.0
50000000.0,0,1,1,166,4,2850.0,7.5
12000000.0,1,2,1,166,4,2850.0,3.0
11000000.0,0,2,1,166,4,2850.0,2.3
35000000.0,0,3,1,166,4,1200.0,10.65
9500000.0,0,2,1,25,4,2850.0,1.5
35000000.0,0,5,3,166,4,2850.0,5.5
16500000.0,0,2,1,166,4,2850.0,6.0
45000000.0,0,7,2,166,4,2850.0,34.0
20000000.0,0,4,3,166,4,2850.0,10.0
11500000.0,0,1,1,166,4,2850.0,3.0
12500000.0,0,2,2,166,4,2850.0,4.9
9500000.0,0,2,2,166,4,2850.0,3.5
35000000.0,0,3,2,166,4,2850.0,15.0
13000000.0,0,2,2,166,4,2850.0,4.0
35000.0,0,2,1,166,4,2850.0,11.0
9500000.0,0,4,4,166,4,2850.0,2.4
12000000.0,1,2,2,166,4,2850.0,3.6
3000000.0,1,2,1,166,4,2850.0,5.5
15000000.0,0,4,2,166,4,2850.0,3.0
9000000.0,0,2,1,166,4,2850.0,3.5
13000000.0,0,3,2,166,4,2850.0,3.0
10000000.0,1,1,1,25,4,2850.0,2.0
45000000.0,0,1,1,166,4,2850.0,2.0
20000000.0,0,3,2,166,4,2850.0,6.8
52000000.0,1,3,3,166,4,2850.0,7.5
100000.0,0,2,1,166,4,2850.0,3.0
60000000.0,0,3,3,50,6,2760.0,6.2
6000000.0,0,2,1,166,4,2850.0,3.3
17500000.0,0,2,1,166,4,2850.0,6.5
4000000.0,0,2,1,166,4,2850.0,2.5
39000000.0,0,3,2,32,4,1150.0,11.0
40000000.0,0,4,3,166,4,2850.0,6.0
3500000.0,1,1,1,166,4,2850.0,2.0
8000000.0,0,1,1,36,4,2850.0,2.29
6500000.0,0,2,1,166,4,2850.0,2.5
13000000.0,0,2,2,166,4,2850.0,3.5
6500000.0,0,1,1,25,4,2850.0,2.0
6000000.0,0,2,1,166,4,2850.0,2.0
18000000.0,0,4,2,166,4,2850.0,3.3
27500000.0,0,3,2,166,4,1700.0,7.0
11500000.0,0,4,1,166,4,1200.0,9.5
27000000.0,1,2,1,48,5,2380.0,10.0
215900000.0,1,2,1,166,4,2850.0,12.7
50000000.0,1,3,3,166,4,2000.0,20.0
24000000.0,0,3,1,166,4,2850.0,12.95
25000000.0,0,4,1,57,7,2850.0,40.0
19000000.0,1,3,2,50,6,2850.0,15.0
17500000.0,0,3,2,141,20,2850.0,22.5
60000000.0,1,3,1,27,4,1500.0,8.8
80000000.0,0,4,5,73,9,7500.0,88.0
27500000.0,1,3,2,50,6,1300.0,18.5
57500000.0,1,3,5,73,9,5052.0,11.37
25000000.0,0,4,2,73,9,3500.0,11.0
29000000.0,1,5,2,166,4,3000.0,10.0
10000000.0,1,4,3,57,7,2850.0,20.0
6000000.0,0,2,1,166,7,2850.0,20.0
52500000.0,1,6,3,166,4,2850.0,13.7
13500000.0,1,3,1,166,4,1498.0,10.0
89000000.0,1,5,4,166,4,3500.0,19.0
15500000.0,0,3,1,166,4,2850.0,10.8
15000000.0,1,4,3,166,4,5000.0,16.5
16000000.0,0,3,1,50,6,1600.0,40.0
32000000.0,1,2,1,50,6,2850.0,16.0
47500000.0,0,4,3,73,9,2850.0,6.0
49500000.0,0,4,3,166,4,2850.0,11.0
20000000.0,1,6,3,50,6,2850.0,56.5
38500000.0,1,5,2,73,9,2850.0,30.0
21000000.0,0,2,2,76,10,1400.0,12.0
20000000.0,1,4,2,76,10,2850.0,18.0
17000000.0,0,3,1,73,9,2000.0,23.0
14500000.0,1,3,1,166,4,1300.0,12.0
55000000.0,1,2,1,92,13,900.0,12.0
47000000.0,0,4,3,101,15,2700.0,7.94
29000000.0,1,4,2,166,6,1800.0,20.0
23000000.0,1,7,2,92,13,2500.0,26.5
6800000.0,1,3,1,50,6,2850.0,12.0
39950000.0,1,4,2,50,6,2100.0,11.0
25000000.0,1,3,2,166,4,2586.35,9.5
37500000.0,1,4,3,166,4,2850.0,7.23
10500000.0,0,2,1,166,6,1150.0,13.3
29500000.0,1,2,1,50,6,2850.0,20.0
125000000.0,1,3,2,50,6,2850.0,15.0
18000000.0,0,3,2,166,4,1100.0,11.0
16800000.0,1,5,2,101,15,3000.0,15.0
8000000.0,0,3,1,76,10,800.0,13.0
34500000.0,1,4,2,166,4,2850.0,8.0
88000000.0,0,3,2,166,4,2850.0,2.5
18500000.0,0,3,1,166,4,1127.13,9.5
11500000.0,0,3,2,50,6,2850.0,7.9
12500000.0,0,2,2,50,6,2850.0,7.0
58500000.0,0,8,4,166,4,4000.0,117.0
58000000.0,0,6,5,166,4,4000.0,10.37
30000000.0,0,6,4,166,4,4000.0,10.0
28000000.0,0,8,1,35,4,2850.0,28.5
98400000.0,1,5,4,166,4,3509.0,23.7
45000000.0,0,3,2,166,4,2860.0,9.8
37000000.0,0,2,2,166,4,1000.0,11.0
155000000.0,0,5,4,32,4,5500.0,10.0
80000000.0,0,5,5,50,6,5000.0,12.75
100000000.0,0,7,6,51,10,4500.0,33.0
16000000.0,0,5,2,50,6,2400.0,23.5
400000000.0,1,7,3,166,4,3130.0,16.5
170000000.0,1,5,4,138,6,2850.0,56.0
39000000.0,1,5,3,166,6,4400.0,10.0
80000000.0,0,6,4,76,10,5000.0,15.0
45000000.0,0,3,2,166,4,2850.0,11.0
300000000.0,0,5,3,31,4,4000.0,12.8
14000000.0,0,7,7,166,4,1400.0,11.0
185000000.0,0,2,1,48,5,2850.0,11.0
325000000.0,1,4,3,35,4,3280.0,12.8
127000000.0,0,7,5,50,6,5500.0,21.0
7900000.0,0,2,1,50,6,2850.0,6.0
15000000.0,0,5,2,166,4,2850.0,7.0
90000000.0,0,5,2,34,4,3500.0,8.25
85000000.0,0,5,7,166,4,3900.0,14.9
11500000.0,0,4,2,64,6,2850.0,11.0
15000000.0,0,4,2,64,6,2850.0,8.0
22500000.0,1,1,1,166,4,2850.0,5.5
80500000.0,1,1,1,166,4,2850.0,23.0
14500000.0,0,3,1,166,4,2850.0,5.0
29000000.0,0,1,1,166,4,2850.0,3.5
47000000.0,1,3,2,166,4,12.41,11.0
60000000.0,0,3,3,166,4,2850.0,7.0
46000000.0,1,4,2,166,4,2850.0,6.0
21000000.0,1,1,1,166,4,2850.0,7.0
6500000.0,0,1,1,166,4,2850.0,11.0
6500000.0,0,1,1,166,4,2850.0,2.0
10000000.0,0,1,1,166,4,2850.0,3.5
6500000.0,1,1,1,166,4,2850.0,2.5
35000000.0,0,3,1,166,4,950.0,11.0
28000000.0,1,4,2,166,4,1400.0,2.5
26000000.0,0,2,2,166,4,890.0,11.0
50000000.0,0,5,3,166,4,2850.0,9.9
32000000.0,1,4,2,166,4,2850.0,9.7
22800000.0,0,4,3,73,9,2200.0,6.5
22500000.0,0,4,3,73,9,2850.0,6.5
42500000.0,0,4,3,133,4,2850.0,7.5
34000000.0,0,4,3,166,4,2850.0,20.0
55000000.0,0,5,3,96,4,3100.0,10.0
42500000.0,0,4,3,50,6,2400.0,13.0
36000000.0,1,5,4,166,4,2850.0,17.0
16300000.0,0,3,2,48,5,2850.0,10.0
19000000.0,1,3,2,50,6,1700.0,6.5
88000000.0,0,4,4,166,4,2801.0,8.0
65000000.0,0,5,3,166,4,4850.0,8.0
48000000.0,1,4,3,166,4,2650.0,6.0
45000000.0,1,4,4,166,4,2500.0,5.8
23000000.0,1,3,2,166,4,2850.0,3.5
22000000.0,1,3,2,166,6,2850.0,12.5
22000000.0,0,3,1,50,6,2850.0,10.0
14000000.0,1,1,1,50,6,2850.0,12.01
29500000.0,1,3,2,50,6,2850.0,6.0
19000000.0,0,3,1,117,6,2850.0,20.0
225000000.0,0,3,2,117,6,2850.0,10.0
58500000.0,0,8,4,50,6,2850.0,10.0
68000000.0,0,4,3,166,4,3800.0,8.4
42000000.0,0,5,3,166,4,3800.0,7.98
11400000.0,0,7,6,166,4,2850.0,11.4
85000000.0,0,5,3,166,4,4000.0,10.45
30457500.0,0,1,1,36,4,2850.0,19.65
75000000.0,0,6,8,166,4,4300.0,9.0
47000000.0,0,3,2,166,4,1500.0,16.0
53500000.0,0,3,3,166,4,2500.0,8.25
200000000.0,0,5,3,166,4,5618.0,20.0
380000000.0,0,5,5,166,4,4000.0,58.0
47500000.0,0,4,3,50,6,3000.0,10.0
45000000.0,1,4,3,166,4,2455.0,12.44
650000000.0,0,6,9,166,4,15500.0,46.0
170000000.0,0,10,10,166,4,2850.0,15.0
60000000.0,0,5,2,166,6,5100.0,11.0
45000000.0,0,4,3,166,6,2500.0,7.0
270000000.0,0,5,6,166,4,6000.0,10.0
85000000.0,0,4,3,166,4,3200.0,7.03
90000000.0,1,4,3,64,6,4000.0,10.5
128000000.0,0,4,3,166,4,4300.0,13.16
45000000.0,0,3,3,166,4,3000.0,7.5
89900000.0,0,5,5,166,4,3820.0,10.1
120000000.0,0,8,5,166,4,3500.0,25.7
762000000.0,0,5,4,35,4,4500.0,23.0
65000000.0,0,4,3,166,4,5000.0,17.0
120000000.0,0,8,5,166,4,3500.0,25.7
99000000.0,0,5,3,166,4,3850.0,13.7
89900000.0,0,5,5,166,4,3820.0,10.1
80000000.0,0,5,4,166,4,4000.0,21.3
100000000.0,0,6,3,166,4,5000.0,33.87
8500000.0,0,2,1,50,6,1000.0,7.0
35000000.0,0,6,3,166,6,2500.0,6.5
59000000.0,1,4,2,29,4,2000.0,6.0
71340000.0,1,4,3,166,4,2500.0,16.4
35000000.0,0,4,3,166,6,2000.0,10.0
128000000.0,0,4,3,166,4,4300.0,13.16
42500000.0,1,3,3,50,6,1850.0,6.5
72000000.0,0,4,3,166,4,3700.0,9.75
344500000.0,1,10,7,32,4,7000.0,13.78
344500000.0,0,10,10,32,4,4000.0,13.78
150000000.0,0,5,5,166,6,15000.0,58.0
39000000.0,0,4,4,64,6,2700.0,6.3
45000000.0,1,3,2,166,4,1600.0,11.5
22000000.0,0,3,2,50,6,2500.0,8.38
160000000.0,0,9,7,166,4,5000.0,14.1
72000000.0,0,7,5,166,4,3540.0,11.0
120000000.0,0,4,3,166,4,3800.0,32.5
60000000.0,0,7,4,166,4,4000.0,7.5
360000000.0,0,4,3,166,4,5000.0,60.0
43500000.0,0,4,3,50,6,2300.0,12.0
85000000.0,0,6,3,166,4,6000.0,12.0
180000000.0,0,3,2,33,4,2500.0,17.5
120000000.0,0,4,4,166,4,3300.0,11.47
250000000.0,0,5,4,166,6,7800.0,40.0
93000000.0,1,5,3,166,4,2850.0,36.5
49000000.0,0,5,3,166,4,3000.0,7.5
70000000.0,0,2,2,166,4,1490.0,16.0
35000000.0,0,3,2,166,6,2500.0,16.63
75000000.0,0,4,4,166,4,5400.0,15.8
40000000.0,0,5,4,64,6,3000.0,11.0
98000000.0,0,5,3,166,4,5639.0,23.36
360000000.0,1,6,4,166,4,8000.0,49.0
185000000.0,0,5,4,36,4,1714.0,15.65
100000000.0,0,3,2,33,4,4500.0,11.0
70000000.0,1,4,1,157,6,3600.0,7.0
30000000.0,0,2,2,64,6,1800.0,10.0
59000000.0,0,4,3,166,4,3500.0,9.0
28000000.0,0,3,2,166,4,1095.0,10.28
200000000.0,0,4,4,166,4,6000.0,17.4
40000000.0,0,6,4,166,4,2850.0,10.0
300000000.0,1,4,3,166,4,2850.0,19.52
84000000.0,0,6,5,166,4,5154.0,17.0
35000000.0,0,4,4,166,6,2850.0,10.0
88000000.0,1,5,3,166,4,2850.0,26.8
29000000.0,1,3,1,166,4,2850.0,8.5
59000000.0,0,3,3,166,4,2850.0,6.0
78000000.0,1,5,3,166,4,2850.0,6.0
90000000.0,0,1,1,166,4,2850.0,36.0
75000000.0,0,4,3,166,4,2850.0,7.5
32500000.0,0,3,2,166,4,2850.0,7.5
95000000.0,1,5,3,166,4,2850.0,48.0
110500000.0,0,1,1,34,4,2850.0,8.5
75000000.0,0,5,3,166,4,2850.0,24.0
63000000.0,0,4,3,166,4,2850.0,8.25
6500000.0,0,2,1,61,4,900.0,6.0
6300000.0,0,2,1,61,4,900.0,5.5
7500000.0,0,2,1,61,4,1000.0,12.0
11000000.0,0,2,1,73,9,2000.0,10.2
14000000.0,0,4,2,166,4,2850.0,10.0
18000000.0,0,3,2,8,4,2850.0,12.0
19000000.0,0,3,1,166,4,1800.0,11.2
16500000.0,0,3,1,61,4,1700.0,15.0
17500000.0,0,2,2,133,4,2850.0,7.0
17000000.0,0,4,2,8,4,2000.0,8.6
24000000.0,0,3,2,166,4,2057.0,14.3
18000000.0,0,3,3,166,4,1800.0,10.6
31000000.0,1,3,2,8,4,1550.0,20.0
8500000.0,0,2,1,61,4,1100.0,11.0
72000000.0,0,2,1,73,9,2850.0,5.0
8500000.0,0,1,1,61,4,2850.0,12.0
15000000.0,0,4,1,61,4,2850.0,24.5
17500000.0,1,3,1,166,4,2850.0,16.5
15500000.0,0,4,3,155,9,2850.0,17.3
28500000.0,1,4,2,166,4,2644.0,12.49
75000000.0,1,4,2,50,6,2850.0,12.0
11000000.0,1,2,1,166,4,2850.0,10.0
9000000.0,1,2,2,54,4,2850.0,6.0
14500000.0,1,3,1,166,6,2850.0,20.0
18500000.0,1,3,1,166,4,2850.0,17.0
30000000.0,1,4,2,166,4,2850.0,11.0
45000000.0,1,4,3,166,4,2850.0,10.0
22500000.0,0,3,2,166,4,2850.0,11.0
85000000.0,0,6,4,166,4,5550.0,15.8
31000000.0,0,4,2,65,8,2850.0,2.5
8500000.0,0,3,1,65,8,2850.0,1.5
16000000.0,0,3,1,65,8,2850.0,2.0
1000000.0,0,3,1,83,12,2850.0,8.0
8500000.0,0,2,1,83,12,2850.0,4.0
10500000.0,0,3,1,83,12,2850.0,4.0
16500000.0,0,3,1,65,8,2850.0,1.0
6000000.0,0,3,1,83,12,2850.0,3.5
11000000.0,0,2,1,83,12,2850.0,2.0
9500000.0,0,3,1,83,12,2850.0,11.0
12000000.0,0,3,1,83,12,2850.0,11.0
36000000.0,0,4,1,83,12,2850.0,11.0
15000000.0,0,3,1,83,12,2850.0,11.0
17000000.0,0,4,1,166,7,2850.0,81.5
15500000.0,0,4,1,83,12,2850.0,11.0
23000000.0,1,4,2,109,6,2850.0,70.0
19000000.0,0,3,2,166,4,2850.0,5.0
13500000.0,0,3,1,73,9,2850.0,25.0
285000000.0,0,4,4,166,4,5000.0,11.0
96000000.0,0,4,3,166,4,4280.0,11.0
260000000.0,1,5,5,166,4,6400.0,20.5
175000000.0,1,4,4,166,4,4000.0,18.0
95000000.0,0,5,4,166,4,3500.0,11.0
175000000.0,0,10,10,166,4,6500.0,20.0
165000000.0,0,5,5,166,4,7000.0,50.0
200000000.0,1,3,5,166,4,6250.0,13.0
65000000.0,0,4,3,166,6,4000.0,21.0
225000000.0,0,4,3,166,4,4200.0,35.0
68000000.0,0,2,2,30,4,1100.0,11.0
30000000.0,0,2,2,138,6,1852.0,10.0
135000000.0,0,5,5,166,4,6000.0,18.2
265000000.0,0,4,2,166,4,5700.0,17.8
190000000.0,0,6,6,166,4,7000.0,28.0
51000000.0,1,3,3,166,4,2850.0,15.0
60000000.0,0,3,3,166,4,2850.0,20.0
88000000.0,0,4,4,166,4,2801.0,8.0
10000000.0,1,4,2,166,4,1468.0,17.2
85000000.0,0,4,3,50,6,5000.0,45.0
125000000.0,0,1,1,166,4,5000.0,17.0
25000000.0,0,3,2,166,6,3000.0,30.0
38000000.0,0,2,2,64,6,1537.0,12.5
55000000.0,0,4,4,166,4,4000.0,22.0
20000000.0,0,3,2,50,6,1250.0,18.0
80000000.0,0,3,3,166,4,4000.0,18.5
70000000.0,1,1,1,152,22,2850.0,8.7
19000000.0,0,5,2,50,6,2500.0,15.0
13800000.0,0,3,1,50,6,2850.0,7.5
120000000.0,0,4,3,73,9,9000.0,25.0
52000000.0,0,4,4,166,4,2850.0,11.0
25000000.0,0,3,1,166,4,1125.0,9.0
12000000.0,1,3,1,166,6,2850.0,10.0
100500000.0,0,5,2,166,6,1000.0,67.0
13000000.0,0,5,2,50,6,2000.0,56.0
22000000.0,0,2,1,76,10,1030.0,13.0
85000000.0,0,5,5,166,4,6300.0,6.0
35000000.0,0,4,3,166,6,2850.0,15.0
160000000.0,0,5,5,166,4,5000.0,33.0
55000000.0,1,4,2,166,4,2500.0,12.0
9000000.0,1,3,1,101,15,2850.0,30.0
10000000.0,0,4,1,166,4,1500.0,33.4
220000000.0,0,5,5,35,4,5000.0,8.7
35000000.0,0,3,2,166,4,2850.0,1.0
58000000.0,1,4,2,117,6,3500.0,37.0
28000000.0,0,3,2,166,4,1720.0,6.7
7500000.0,0,2,1,50,6,2850.0,8.9
23800000.0,0,3,2,50,6,2000.0,11.0
16000000.0,0,3,2,50,6,2850.0,6.25
42000000.0,0,5,3,166,6,2494.0,8.3
9500000.0,0,1,1,166,4,2850.0,15.0
18500000.0,0,5,1,8,4,2850.0,16.5
7500000.0,0,3,2,117,6,2850.0,40.0
26000000.0,0,3,2,166,4,1550.0,10.0
26000000.0,1,3,3,166,4,2850.0,7.0
24000000.0,1,4,2,42,6,2850.0,18.0
21200000.0,0,3,1,166,4,1260.0,11.0
21900000.0,0,3,1,166,4,1260.0,11.0
49000000.0,0,4,3,157,6,3800.0,11.1
14600000.0,0,3,1,64,6,1800.0,12.0
28500000.0,0,3,2,8,4,1600.0,8.5
23000000.0,1,3,2,166,4,1200.0,6.0
76000000.0,0,4,2,34,4,3000.0,6.0
13500000.0,0,5,3,50,6,2850.0,11.0
15000000.0,1,3,1,50,6,2850.0,21.5
13500000.0,0,2,1,138,6,2850.0,7.0
24500000.0,1,4,2,50,6,2850.0,10.0
39500000.0,0,5,3,66,6,2850.0,11.0
20500000.0,0,5,2,66,6,2850.0,20.0
9800000.0,0,2,1,50,6,1100.0,6.0
52500000.0,0,4,1,50,6,2850.0,10.0
16500000.0,0,3,1,50,6,2850.0,10.0
31000000.0,0,5,2,50,6,2600.0,10.5
60000000.0,0,4,5,157,6,2850.0,10.0
14000000.0,0,3,2,50,6,2850.0,14.0
18500000.0,0,3,2,117,6,2850.0,18.0
38000000.0,1,5,2,92,13,2850.0,76.0
45000000.0,0,4,2,96,4,2850.0,9.1
9200000.0,0,1,1,138,6,2850.0,10.5
40000000.0,0,7,2,48,5,1800.0,45.0
27500000.0,1,3,2,84,6,2850.0,10.0
30000000.0,0,6,4,166,4,16.0,16.0
17000000.0,0,3,1,166,6,2850.0,16.0
14000000.0,0,5,1,146,7,2850.0,85.0
20000000.0,1,1,1,166,6,2850.0,40.0
21000000.0,1,3,2,166,6,1450.0,12.5
25000000.0,0,3,2,50,6,2850.0,7.5
15500000.0,1,4,1,90,13,2850.0,71.0
13500000.0,0,4,1,114,13,2850.0,30.0
12500000.0,0,4,1,92,13,1500.0,97.0
1500000.0,0,3,1,92,13,2850.0,30.0
27000000.0,0,3,2,50,6,3000.0,19.77
2700000.0,0,3,1,92,13,2850.0,7.0
13500000.0,0,4,1,61,4,2850.0,10.0
19000000.0,0,3,2,166,4,1700.0,6.5
9800000.0,0,3,1,61,4,2850.0,23.0
17500000.0,0,2,1,76,10,2850.0,19.0
42000000.0,0,5,1,76,10,2850.0,31.0
8500000.0,0,3,2,73,9,2850.0,12.9
19700000.0,0,3,2,61,4,2850.0,7.0
14500000.0,0,3,1,73,9,2850.0,10.0
17500000.0,0,4,3,73,9,2850.0,10.0
7200000.0,0,2,1,126,9,2850.0,5.0
16500000.0,0,1,1,62,9,2850.0,80.0
19000000.0,1,4,2,73,9,2850.0,80.0
11000000.0,0,2,1,3,5,2850.0,10.0
16000000.0,0,8,2,73,9,2850.0,11.0
14500000.0,0,3,1,61,4,2850.0,7.0
18500000.0,0,3,1,61,4,2850.0,12.5
7000000.0,0,4,1,73,9,2850.0,10.5
15500000.0,0,4,2,50,6,2850.0,17.3
10500000.0,0,2,1,50,6,1100.0,7.0
39000000.0,0,5,3,50,6,4400.0,10.0
11000000.0,0,3,1,50,6,1350.0,6.1
23000000.0,1,3,2,166,4,1800.0,15.0
13500000.0,0,4,2,50,6,1931.0,15.0
26500000.0,0,3,2,166,4,1200.0,6.7
39000000.0,1,4,3,113,4,2850.0,6.73
7500000.0,0,1,1,73,9,2850.0,80.0
7500000.0,0,1,1,73,9,2850.0,15.0
14000000.0,0,3,1,105,4,2850.0,10.0
11500000.0,0,4,1,61,4,2850.0,10.0
12500000.0,1,3,1,105,4,2850.0,11.8
8500000.0,0,3,1,166,4,2850.0,9.0
14000000.0,0,3,1,61,4,2850.0,12.5
18000000.0,0,3,2,61,4,2850.0,16.5
26700000.0,0,4,2,9,4,1600.0,14.0
3800000.0,0,1,1,79,11,2850.0,11.5
5850000.0,0,2,1,109,6,2850.0,15.0
4940000.0,0,2,1,50,6,2850.0,7.0
8450000.0,0,3,1,50,6,2850.0,17.0
3500000.0,0,1,1,109,6,2850.0,12.5
50000000.0,0,4,2,109,6,2850.0,77.0
7500000.0,0,4,1,109,6,2850.0,16.0
15200000.0,0,4,2,50,6,2850.0,16.0
6850000.0,0,3,1,50,6,2850.0,8.0
5950000.0,0,3,1,50,6,2850.0,15.0
9300000.0,0,3,1,50,6,2850.0,30.0
80000000.0,0,5,1,109,6,2850.0,186.0
5700000.0,0,3,1,109,6,2850.0,17.0
16500000.0,0,5,2,166,4,2850.0,20.0
13800000.0,0,3,1,166,4,2850.0,12.5
9500000.0,0,3,2,166,4,2850.0,11.0
55000000.0,1,4,3,76,10,2850.0,17.0
25000000.0,0,4,2,84,6,2850.0,11.0
12000000.0,0,4,2,64,6,2850.0,11.0
26500000.0,1,4,2,166,4,2850.0,7.5
23000000.0,1,3,3,98,4,2850.0,10.0
48000000.0,0,4,4,166,4,2850.0,10.0
85000000.0,1,4,5,15,4,4450.0,16.5
28000000.0,1,3,2,166,4,2850.0,7.0
37500000.0,0,4,3,166,4,2800.0,7.1
31000000.0,0,4,3,166,4,1690.0,8.0
35000000.0,0,4,3,8,4,2502.0,26.1
27500000.0,0,3,2,166,4,1500.0,10.0
425000000.0,0,4,4,166,4,2550.0,7.0
85000000.0,1,4,3,166,4,2850.0,8.9
109000000.0,0,4,4,166,4,5000.0,9.0
125000000.0,0,4,4,166,4,3000.0,10.0
84000000.0,1,4,4,166,4,4600.0,16.0
65000000.0,1,5,4,166,4,3000.0,7.0
53000000.0,1,4,4,166,4,4500.0,13.0
45000000.0,0,3,3,166,4,2700.0,8.0
250000000.0,0,4,4,116,4,5000.0,21.0
42500000.0,0,4,4,98,4,3000.0,5.5
34000000.0,0,3,1,166,4,3000.0,10.0
47500000.0,0,4,3,147,4,3000.0,8.05
94000000.0,0,4,4,121,4,3500.0,7.0
190000000.0,0,5,5,166,4,4600.0,9.03
102000000.0,0,4,4,36,4,3200.0,10.0
610000000.0,0,6,4,166,4,2800.0,6.5
130000000.0,0,5,4,147,4,4000.0,20.0
105000000.0,0,6,6,166,4,3800.0,10.0
110000000.0,0,3,2,166,4,3200.0,10.0
110000000.0,0,4,4,166,4,3000.0,10.0
88000000.0,0,4,3,166,4,4516.0,9.8
200000000.0,0,6,6,121,4,6200.0,28.0
260000000.0,0,4,4,139,4,7000.0,17.3
56000000.0,0,4,3,166,4,3218.0,6.0
60000000.0,1,3,3,166,4,2500.0,9.0
80000000.0,0,4,3,166,4,3000.0,13.2
160000000.0,0,5,5,32,4,6500.0,10.0
79000000.0,0,4,3,166,4,5500.0,10.0
97000000.0,1,4,4,166,4,4300.0,13.7
68500000.0,1,4,3,166,4,2900.0,8.3
68000000.0,0,4,4,166,4,4000.0,7.0
35500000.0,1,4,2,166,4,2700.0,7.7
85000000.0,0,4,3,166,4,4000.0,12.0
55000000.0,0,4,3,166,4,4000.0,10.0
49500000.0,0,4,4,166,4,4732.0,12.0
85000000.0,1,4,3,166,4,3300.0,7.03
170000000.0,1,4,3,166,4,3200.0,20.0
120000000.0,0,4,4,166,4,3300.0,11.47
88000000.0,0,4,4,166,4,2801.0,8.0
285000000.0,1,4,4,35,4,5000.0,11.0
37000000.0,1,3,3,50,6,3200.0,6.9
180000000.0,1,5,5,166,4,6000.0,32.0
290000000.0,1,5,4,31,4,4000.0,12.8
48000000.0,1,4,4,166,4,2800.0,10.5
51000000.0,0,3,2,166,4,3000.0,7.0
54000000.0,0,3,4,166,4,2988.0,10.3
85000000.0,1,4,3,166,4,3600.0,8.0
84000000.0,1,4,4,166,4,3400.0,36.5
30000000.0,1,3,2,166,4,2850.0,12.75
38000000.0,1,2,2,166,4,1240.0,11.0
48000000.0,0,5,2,61,4,2850.0,10.0
19000000.0,0,3,1,166,4,2850.0,12.0
15000000.0,0,2,2,166,4,1500.0,3.5
22000000.0,0,1,1,166,4,1800.0,6.0
33800000.0,0,3,1,73,9,1572.0,11.0
42500000.0,0,4,3,50,6,2850.0,10.0
160000000.0,0,2,2,155,9,2850.0,95.0
65000000.0,0,4,3,166,4,2000.0,6.5
20000000.0,1,5,2,126,9,3000.0,10.0
17800000.0,1,1,1,126,9,2850.0,11.0
30000000.0,0,5,2,126,9,2850.0,10.74
16000000.0,0,4,1,126,9,2850.0,10.0
25000000.0,1,4,1,126,9,2850.0,19.74
23500000.0,1,2,1,126,9,2850.0,10.0
130000000.0,0,5,2,12,20,2850.0,30.0
5500000.0,1,3,1,76,10,2850.0,11.0
6500000.0,0,3,1,141,20,2850.0,22.0
16000000.0,0,2,1,12,20,1100.0,6.5
90000000.0,1,7,4,12,20,2850.0,23.0
2000000.0,0,3,1,12,20,2850.0,2.0
7900000.0,0,2,1,50,6,1050.0,6.0
7200000.0,1,2,1,166,6,2850.0,13.8
15000000.0,1,3,1,12,20,2850.0,11.0
6700000.0,0,4,1,42,6,2850.0,36.0
20000000.0,0,4,1,50,6,2850.0,41.0
2000000.0,0,1,1,50,6,2850.0,18.5
10000000.0,1,3,1,42,6,2850.0,15.0
22500000.0,1,4,3,109,6,2700.0,21.0
4800000.0,0,1,1,42,6,2850.0,15.0
14000000.0,0,3,1,42,6,2850.0,1.0
20000000.0,0,1,1,92,13,2850.0,11.0
14000000.0,0,1,1,92,13,2850.0,11.0
20000000.0,0,1,1,92,13,2850.0,10.0
40000000.0,0,1,1,166,13,2850.0,9.5
25000000.0,0,1,1,76,10,2850.0,17.0
17500000.0,0,1,1,46,10,2850.0,157.0
15000000.0,0,1,1,76,10,2850.0,10.0
19000000.0,0,3,2,76,10,2850.0,21.0
10000000.0,0,1,1,134,13,2850.0,11.0
100000000.0,0,1,1,76,10,2850.0,4.5
10500000.0,1,3,2,50,6,2850.0,16.0
13000000.0,1,3,1,50,6,2850.0,17.0
7500000.0,0,3,1,52,6,2850.0,12.0
28500000.0,1,4,1,48,5,2850.0,22.5
6000000.0,1,2,1,50,6,2850.0,9.0
31500000.0,1,5,2,50,6,2850.0,14.0
14500000.0,1,5,1,66,6,2850.0,20.0
25000000.0,1,4,3,126,9,2850.0,20.5
13500000.0,1,3,1,126,9,2850.0,16.5
16000000.0,1,3,2,126,9,2850.0,14.03
15000000.0,0,4,2,126,9,2850.0,10.0
12500000.0,1,2,2,126,9,2850.0,7.0
28000000.0,1,3,2,73,9,2850.0,10.4
19000000.0,0,3,1,126,9,2850.0,11.0
42500000.0,1,6,4,126,9,2850.0,10.0
9000000.0,0,3,1,146,7,2850.0,12.0
9720000.0,0,4,1,160,15,2850.0,11.0
26000000.0,0,4,2,126,9,2850.0,25.85
11000000.0,1,3,1,126,9,2850.0,9.0
40000000.0,0,4,2,126,9,3000.0,15.5
8000000.0,0,3,1,146,7,2850.0,18.0
5500000.0,0,2,1,76,10,2850.0,10.0
22000000.0,0,1,1,156,13,2850.0,15.0
27000000.0,0,1,1,100,14,2850.0,20.0
120000000.0,1,3,3,166,4,2850.0,18.45
55000000.0,1,4,2,113,4,2850.0,12.5
12500000.0,1,6,5,166,4,6200.0,9.7
75000000.0,1,3,3,166,4,2000.0,6.5
70000000.0,0,3,2,32,4,1560.0,11.0
45000000.0,1,4,3,133,4,2600.0,8.0
62000000.0,0,6,5,96,4,4500.0,14.0
180000000.0,1,5,4,96,4,5200.0,22.0
26000000.0,0,5,3,13,9,2850.0,20.0
5000000.0,0,2,1,13,9,2850.0,20.0
27500000.0,1,3,1,35,4,4800.0,7.4
15000000.0,0,3,2,66,6,2850.0,15.2
35000000.0,1,3,2,166,4,2850.0,9.0
39500000.0,1,4,2,166,4,2625.0,17.5
30000000.0,1,4,3,8,4,2850.0,6.2
14000000.0,1,4,1,166,4,2850.0,12.8
30000000.0,1,2,2,166,4,2850.0,6.0
15000000.0,1,3,2,52,6,2850.0,13.5
22500000.0,1,3,2,61,4,2850.0,10.0
10000000.0,1,3,1,73,9,2850.0,10.25
28500000.0,0,2,1,96,4,2850.0,9.9
23000000.0,1,3,2,133,4,2850.0,12.65
32500000.0,1,3,2,133,4,1600.0,24.4
24500000.0,1,4,1,166,4,2000.0,11.0
52500000.0,0,4,5,166,4,3300.0,9.4
15000000.0,0,2,1,105,4,2850.0,12.5
45000000.0,0,1,1,76,10,2850.0,11.2
17500000.0,1,3,1,96,4,2850.0,5.3
21000000.0,0,3,3,126,9,2850.0,10.0
9500000.0,0,1,1,166,4,2850.0,10.0
42000000.0,0,3,3,15,4,2700.0,10.5
14000000.0,1,1,1,8,4,2850.0,8.54
12800000.0,0,3,1,166,4,2850.0,12.0
71050000.0,0,1,1,166,4,2850.0,24.5
26000000.0,0,3,2,166,6,2850.0,8.5
48000000.0,0,3,2,139,4,2100.0,19.0
15500000.0,1,3,1,61,4,2850.0,7.8
15000000.0,0,1,1,48,5,2850.0,36.0
17000000.0,0,5,2,48,5,2850.0,13.5
59000000.0,0,4,3,166,4,2707.0,11.0
32000000.0,0,3,3,166,6,2850.0,6.3
25000000.0,1,4,2,50,6,2850.0,13.1
15000000.0,0,3,1,50,6,2850.0,14.0
39000000.0,1,4,3,166,4,2850.0,6.5
39500000.0,0,4,3,82,4,2850.0,7.0
23500000.0,1,5,2,48,5,2850.0,39.0
33500000.0,1,4,3,82,4,2850.0,10.0
5000000.0,1,2,1,166,6,2850.0,2.0
45000000.0,1,3,3,27,4,2850.0,3.0
43000000.0,1,4,4,166,4,2850.0,10.0
18500000.0,0,3,1,50,6,2850.0,21.0
26500000.0,0,4,3,78,6,2850.0,8.0
12000000.0,0,3,2,166,4,2850.0,5.0
60000000.0,0,4,4,147,4,3345.0,11.0
47500000.0,0,6,3,81,6,4000.0,17.5
180000000.0,0,6,5,61,4,8000.0,60.0
13500000.0,0,3,2,166,4,2850.0,10.0
7500000.0,1,1,1,166,4,2850.0,2.4
9500000.0,0,2,1,166,4,2850.0,2.5
32500000.0,1,5,6,166,6,3500.0,23.0
105000000.0,1,5,3,166,6,1900.0,20.0
39000000.0,0,3,1,166,4,2200.0,9.0
32000000.0,0,1,1,166,4,2850.0,10.0
68500000.0,0,4,4,166,4,3500.0,6.5
39000000.0,0,4,3,166,4,3100.0,6.0
19500000.0,0,3,2,166,4,1300.0,8.5
155000000.0,0,5,5,20,4,2850.0,14.0
51000000.0,0,5,4,166,4,3700.0,10.0
39500000.0,1,4,3,166,4,2850.0,7.0
28500000.0,0,3,2,166,4,1350.0,10.0
230000000.0,1,4,4,166,4,4000.0,22.0
65000000.0,1,5,6,166,4,3000.0,8.0
18500000.0,1,5,3,166,4,2850.0,10.0
22000000.0,1,3,2,166,4,2000.0,10.0
150000000.0,1,9,8,166,4,7000.0,25.0
16500000.0,0,3,2,61,4,1334.0,10.0
69500000.0,0,5,4,166,4,2850.0,20.0
55000000.0,0,3,3,76,10,2850.0,10.0
44000000.0,1,4,2,117,6,2850.0,10.0
59500000.0,1,4,4,50,6,2850.0,36.0
37500000.0,0,3,2,50,6,2850.0,11.0
29500000.0,1,3,2,117,6,2850.0,10.0
41000000.0,1,4,3,117,6,2850.0,10.0
22000000.0,1,3,1,117,6,2850.0,10.0
35000000.0,1,5,2,50,6,2850.0,10.0
19000000.0,0,4,2,117,6,2850.0,20.0
39500000.0,0,3,2,8,4,2850.0,6.7
43000000.0,0,4,2,50,6,2850.0,12.5
15500000.0,0,2,1,117,6,2850.0,16.0
8700000.0,0,3,1,117,6,2850.0,15.5
45000000.0,0,4,2,166,4,2850.0,10.0
8500000.0,0,2,1,117,6,2850.0,29.0
32500000.0,1,5,3,78,6,2850.0,20.0
24000000.0,1,3,2,117,6,2850.0,22.0
22000000.0,1,3,2,117,6,2850.0,10.0
18500000.0,0,3,1,117,6,2850.0,13.5
7000000.0,0,2,1,117,6,2850.0,13.5
13500000.0,0,2,1,117,6,2850.0,10.0
17800000.0,0,3,1,117,6,2850.0,16.0
27500000.0,1,3,1,50,6,2850.0,15.0
18000000.0,1,3,2,50,6,2850.0,9.9
19000000.0,1,3,1,117,6,2850.0,20.0
5500000.0,0,2,1,70,20,2850.0,37.5
9500000.0,1,4,1,117,6,2850.0,12.0
29000000.0,0,5,3,117,6,2850.0,14.0
19000000.0,0,3,1,117,6,2850.0,13.5
17500000.0,1,3,2,117,6,2850.0,15.0
34000000.0,1,3,2,117,6,2850.0,31.5
22500000.0,1,3,2,117,6,2850.0,10.0
51000000.0,1,5,3,166,4,3200.0,10.25
135000000.0,1,8,8,166,4,5000.0,15.0
65000000.0,1,4,3,166,4,2850.0,9.5
40000000.0,0,5,5,15,4,14000.0,32.0
65000000.0,1,6,3,166,4,4500.0,7.5
310000000.0,1,1,1,33,4,2850.0,20.0
115000000.0,0,2,1,166,4,2850.0,8.1
150000000.0,0,3,2,33,4,2850.0,8.25
50000000.0,1,4,2,166,4,2850.0,11.25
425000000.0,0,5,4,35,4,12.5,11.0
145000000.0,1,3,2,33,4,2000.0,8.25
45000000.0,1,6,6,166,4,3800.0,12.0
46000000.0,1,4,3,166,4,2150.0,7.6
68000000.0,0,3,2,166,4,1975.0,6.0
97000000.0,0,4,4,166,4,4600.0,19.0
80000000.0,0,6,6,166,4,2850.0,11.0
59000000.0,1,5,6,126,9,2850.0,31.5
19000000.0,1,3,2,133,4,2850.0,8.35
39000000.0,0,3,2,133,4,2850.0,7.8
43000000.0,1,5,5,133,4,2850.0,21.5
28500000.0,1,4,2,66,6,2850.0,30.0
45000000.0,1,4,3,89,4,2850.0,19.0
16000000.0,1,6,3,133,4,2850.0,11.0
32500000.0,1,3,3,133,4,2850.0,11.0
49000000.0,1,5,4,166,4,2850.0,17.6
46000000.0,0,4,3,131,10,2850.0,10.0
35000000.0,1,5,3,133,4,2850.0,10.0
42000000.0,1,4,4,133,4,2850.0,7.5
23500000.0,1,3,2,133,4,2850.0,8.5
69500000.0,1,5,4,133,4,2850.0,20.0
26000000.0,1,5,3,73,9,2850.0,10.0
27500000.0,1,3,2,166,4,2850.0,10.0
24000000.0,0,7,5,113,4,2850.0,8.2
2150000.0,1,3,1,113,4,2850.0,2.0
29000000.0,0,5,3,76,10,2850.0,9.0
12500000.0,0,3,1,76,10,2850.0,75.0
8500000.0,0,2,1,76,10,2850.0,13.5
19500000.0,0,5,3,76,10,2850.0,8.8
29500000.0,0,3,2,76,10,2850.0,18.0
30000000.0,0,4,2,76,10,2850.0,66.6
225000000.0,1,6,4,33,4,4000.0,14.0
320000000.0,0,5,3,31,4,8900.0,11.4
98000000.0,0,4,2,35,4,2850.0,11.0
63000000.0,0,4,3,139,4,3300.0,18.13
150000000.0,0,1,1,121,4,2850.0,25.0
130000000.0,1,6,3,92,13,6000.0,432.0
38000000.0,0,5,2,104,13,2850.0,76.0
55000000.0,0,6,2,76,10,2850.0,14.0
14000000.0,1,2,1,8,4,2850.0,6.9
6000000.0,1,2,1,73,9,2850.0,10.5
12000000.0,0,1,1,155,9,2850.0,20.0
13000000.0,1,4,3,92,13,1200.0,15.0
18000000.0,0,1,1,8,4,2850.0,7.0
4500000.0,0,3,1,13,9,2850.0,20.0
7500000.0,0,3,1,62,9,2850.0,15.0
12000000.0,0,3,1,62,9,2850.0,20.0
7600000.0,0,2,1,126,9,2850.0,7.0
10500000.0,0,3,2,13,9,2850.0,14.0
12000000.0,0,3,2,13,9,2850.0,20.0
18500000.0,0,4,1,13,9,2850.0,24.0
13000000.0,0,4,2,141,20,2850.0,18.0
3200000.0,0,2,1,73,9,2850.0,15.0
3200000.0,0,2,1,13,9,2850.0,11.0
14000000.0,0,3,1,13,9,2850.0,13.0
9500000.0,0,3,1,13,9,2850.0,17.0
7500000.0,0,3,1,13,9,2850.0,12.0
4500000.0,0,2,1,73,9,2850.0,10.0
24000000.0,0,2,2,13,9,2850.0,80.0
2300000.0,0,2,1,13,9,2850.0,7.5
12500000.0,0,3,2,13,9,2850.0,10.0
9000000.0,0,3,1,13,9,2850.0,12.0
3500000.0,0,3,1,13,9,2850.0,9.0
8500000.0,0,2,1,13,9,2850.0,7.0
25000000.0,0,3,3,13,9,2850.0,11.0
5500000.0,0,3,1,13,9,2850.0,15.0
14500000.0,0,4,2,13,9,2850.0,10.0
6700000.0,0,2,1,13,9,2850.0,13.0
9000000.0,0,3,2,62,9,2850.0,10.0
14000000.0,0,3,1,73,9,2850.0,11.0
4500000.0,0,3,1,13,9,2850.0,11.0
4500000.0,0,2,1,13,9,2850.0,7.0
12500000.0,1,3,2,73,9,2850.0,25.0
7000000.0,0,3,1,141,20,2850.0,10.0
4500000.0,0,1,1,13,9,2850.0,12.0
9000000.0,0,2,1,13,9,2850.0,12.0
22500000.0,0,4,2,13,9,2850.0,80.0
38000000.0,0,10,10,13,9,2850.0,80.0
8000000.0,0,3,1,73,9,2850.0,15.0
10000000.0,0,2,1,13,9,2850.0,15.0
6700000.0,0,2,1,62,9,2850.0,7.0
11000000.0,0,1,1,73,9,2850.0,10.0
26000000.0,1,4,3,13,9,2850.0,20.0
12500000.0,0,1,1,13,9,2850.0,25.0
9800000.0,0,4,2,13,9,2850.0,6.0
37000000.0,0,5,3,13,9,2850.0,35.0
10500000.0,0,2,1,13,9,2850.0,9.0
3800000.0,0,2,1,13,9,2850.0,11.0
16000000.0,0,2,1,13,9,2850.0,10.0
12500000.0,0,1,1,13,9,2850.0,25.0
11500000.0,0,3,1,13,9,2850.0,10.0
11500000.0,0,3,1,13,9,2850.0,11.0
7000000.0,0,4,1,13,9,2850.0,10.0
8500000.0,0,3,1,62,9,2850.0,17.0
11000000.0,0,3,1,62,9,2850.0,10.0
9500000.0,1,3,2,13,9,2850.0,6.0
21000000.0,0,1,1,73,9,2850.0,11.0
9000000.0,0,4,2,126,9,2850.0,11.0
9000000.0,0,3,1,62,9,2850.0,13.0
15000000.0,0,3,2,13,9,2850.0,18.0
30000000.0,0,5,2,62,9,2850.0,24.0
8000000.0,0,3,1,62,9,2850.0,13.0
6700000.0,0,2,1,62,9,2850.0,11.0
6700000.0,0,2,1,62,9,2850.0,10.0
12500000.0,0,3,2,62,9,2850.0,10.0
6200000.0,0,2,1,13,9,2850.0,11.0
25000000.0,0,1,1,89,4,2850.0,20.0
25000000.0,0,5,3,13,9,2850.0,20.0
11500000.0,0,3,1,73,9,2850.0,20.0
12500000.0,0,2,2,13,9,2850.0,8.0
6700000.0,0,3,1,62,9,2850.0,6.0
13000000.0,0,1,1,13,9,2850.0,25.0
10500000.0,0,3,1,62,9,2850.0,30.0
22500000.0,1,4,3,13,9,2850.0,20.0
16000000.0,0,3,2,73,9,2850.0,15.0
4500000.0,0,2,1,13,9,2850.0,6.0
12000000.0,0,3,2,62,9,2850.0,22.0
5000000.0,1,2,1,13,9,2850.0,20.0
9500000.0,0,2,1,48,5,2850.0,10.0
17000000.0,0,1,1,48,5,2850.0,13.5
25000000.0,0,1,1,48,5,2850.0,50.0
13500000.0,0,1,1,48,5,2850.0,11.0
16500000.0,0,2,1,48,5,2850.0,11.5
22500000.0,0,3,2,61,4,2850.0,6.0
31000000.0,1,4,2,166,4,2850.0,16.0
50000000.0,0,4,2,166,4,3000.0,15.0
25000000.0,1,3,2,61,4,2850.0,8.5
55000000.0,1,4,3,166,4,3000.0,12.65
16500000.0,0,3,1,50,6,2850.0,10.0
8000000.0,0,3,1,50,6,2850.0,7.0
17500000.0,0,3,1,66,6,2850.0,11.0
10500000.0,0,2,1,50,6,2850.0,32.0
7900000.0,0,2,1,50,6,2850.0,6.0
85000000.0,1,5,5,166,4,5000.0,11.2
89000000.0,0,4,4,50,6,4200.0,11.5
11000000.0,0,3,1,50,6,2850.0,12.0
29000000.0,1,4,2,33,4,2850.0,2.65
4500000.0,0,1,1,50,6,2850.0,12.5
3300000.0,0,2,1,3,5,2850.0,11.0
14800000.0,0,3,1,61,4,2850.0,12.0
46000000.0,0,5,2,89,4,2850.0,8.0
14500000.0,0,2,2,33,4,2850.0,11.0
12000000.0,0,2,1,166,4,2850.0,4.0
64000000.0,0,4,2,157,6,2850.0,11.0
13500000.0,0,3,2,50,6,2850.0,8.0
42000000.0,0,3,1,50,6,2850.0,12.5
10000000.0,0,2,1,166,4,2850.0,8.0
8000000.0,0,2,2,166,4,2850.0,10.0
12500000.0,0,3,1,166,4,2850.0,6.5
18500000.0,0,3,2,166,4,2850.0,8.0
18500000.0,1,3,2,61,4,2850.0,6.5
13000000.0,0,3,2,61,4,2850.0,7.0
8500000.0,0,3,1,166,4,2850.0,6.5
13200000.0,0,2,1,61,4,2850.0,10.5
10700000.0,1,3,1,50,6,2850.0,12.75
12500000.0,1,3,1,61,4,2850.0,10.0
7800000.0,0,2,1,50,6,2850.0,12.5
34000000.0,1,4,3,166,4,2800.0,6.3
12500000.0,1,3,1,166,4,2850.0,10.0
4800000.0,0,2,1,166,4,2850.0,10.0
11500000.0,0,3,1,166,4,2850.0,13.5
7900000.0,0,2,1,50,6,1050.0,6.0
65000000.0,1,1,1,166,4,2850.0,7.0
6900000.0,1,1,1,48,5,2850.0,11.0
6500000.0,1,1,1,57,7,2850.0,1.0
9500000.0,1,4,2,101,15,2850.0,28.0
14000000.0,0,6,2,17,7,2850.0,42.0
24500000.0,1,4,3,166,4,2850.0,7.0
29500000.0,0,2,1,166,4,2850.0,10.55
40000000.0,0,3,1,166,4,2850.0,2.5
2000000.0,0,3,1,166,4,2850.0,10.0
2900000.0,0,1,1,73,9,2850.0,10.0
8800000.0,1,3,1,166,4,2850.0,12.0
2800000.0,1,2,1,166,4,2850.0,10.0
8900000.0,1,2,1,166,4,2850.0,21.5
15400000.0,1,1,1,62,9,2850.0,10.0
16500000.0,0,4,1,62,9,2850.0,20.0
13500000.0,1,3,2,73,9,2850.0,11.0
4800000.0,1,1,1,166,4,2850.0,30.0
2200000.0,0,2,1,73,9,2850.0,7.0
3200000.0,0,2,1,62,9,2850.0,2.5
26500000.0,1,2,1,62,9,2850.0,95.0
8800000.0,1,1,1,62,9,2850.0,12.2
5000000.0,1,3,1,62,9,2850.0,14.9
15000000.0,1,4,1,62,9,2850.0,10.0
8500000.0,0,1,1,62,9,2850.0,25.0
9000000.0,0,3,1,62,9,2850.0,22.0
11000000.0,1,2,1,62,9,2850.0,10.0
9000000.0,0,2,1,76,10,2850.0,12.0
55000000.0,0,5,3,76,10,2850.0,12.0
5900000.0,0,2,1,50,6,2850.0,11.5
5300000.0,0,3,1,50,6,2850.0,7.9
10700000.0,1,3,1,109,6,2850.0,13.0
4800000.0,0,2,1,50,6,2850.0,7.5
6850000.0,0,3,1,50,6,2850.0,15.0
4200000.0,0,2,1,166,6,2850.0,15.0
5500000.0,0,2,1,166,6,2850.0,21.0
6000000.0,0,4,2,76,10,2850.0,20.0
6800000.0,0,3,1,50,6,2850.0,9.8
4500000.0,0,2,1,92,13,2850.0,23.0
6500000.0,0,4,1,92,13,2850.0,40.0
7000000.0,0,5,1,156,13,2850.0,1.0
4000000.0,1,1,1,90,13,2850.0,80.0
8500000.0,1,2,1,156,13,2850.0,15.0
6000000.0,0,4,1,92,13,2850.0,65.0
7500000.0,1,2,1,76,10,2850.0,4.0
31000000.0,1,3,2,51,10,2850.0,8.0
21000000.0,1,4,3,76,10,2850.0,22.5
6800000.0,0,4,1,156,13,2850.0,15.0
11500000.0,0,1,1,166,4,2850.0,14.65
11635000.0,1,1,1,166,4,2850.0,17.19
4650000.0,0,2,1,48,5,2850.0,31.0
7500000.0,1,2,1,77,16,2850.0,58.0
17500000.0,1,1,1,100,14,2850.0,6.4
9800000.0,1,3,1,90,13,2850.0,15.0
19000000.0,0,3,1,166,6,2850.0,15.0
13000000.0,1,3,2,50,6,2850.0,7.5
2500000.0,1,2,1,29,4,2850.0,11.0
40000000.0,0,3,2,16,3,2100.0,26.0
35000000.0,0,1,1,166,4,2850.0,7.0
32500000.0,1,4,3,166,4,3500.0,8.1
28500000.0,1,4,2,61,4,2850.0,14.0
14000000.0,0,3,1,105,4,2850.0,10.0
28500000.0,1,4,2,61,4,2850.0,14.0
9500000.0,0,3,1,50,6,2850.0,10.3
18000000.0,0,3,2,105,4,2850.0,10.0
15000000.0,0,3,1,50,6,2850.0,25.0
12500000.0,0,3,1,154,6,2850.0,28.5
7000000.0,1,3,1,48,5,2850.0,6.7
45000000.0,0,3,2,48,5,2850.0,11.0
11000000.0,1,3,1,85,6,2850.0,12.5
6900000.0,0,3,1,79,11,2850.0,20.0
17500000.0,0,1,1,76,10,2850.0,11.0
25000000.0,0,4,2,76,10,2850.0,15.0
23500000.0,0,3,1,76,10,2850.0,7.0
180000000.0,1,8,5,32,4,5000.0,10.5
55000000.0,1,6,5,8,4,3200.0,12.0
5500000.0,1,4,1,119,6,2850.0,10.0
7500000.0,0,3,2,50,6,2850.0,40.0
20000000.0,0,5,2,50,6,2850.0,14.0
6500000.0,0,3,1,50,6,2850.0,17.0
3600000.0,0,1,1,50,6,2850.0,40.0
9500000.0,0,5,2,50,6,2850.0,32.0
4500000.0,0,3,1,50,6,2850.0,22.0
5600000.0,0,2,1,110,6,2850.0,18.0
14000000.0,0,3,1,42,6,2850.0,1.0
26000000.0,0,3,2,50,6,1100.0,7.25
200000000.0,1,6,3,166,4,6200.0,28.0
170000000.0,1,5,5,32,4,2850.0,10.0
75000000.0,1,4,4,166,4,2000.0,6.5
72000000.0,1,4,3,166,4,3700.0,9.75
55000000.0,1,2,2,32,4,865.0,3.41
425000000.0,1,5,4,35,4,2850.0,11.0
55000000.0,0,4,4,166,4,3500.0,10.0
29000000.0,0,5,3,76,10,2850.0,9.0
9800000.0,1,1,1,166,4,2850.0,3.5
89000000.0,0,4,4,50,6,4200.0,11.5
12000000.0,1,2,1,166,4,2850.0,5.6
16500000.0,0,3,1,166,4,2850.0,6.0
14500000.0,0,2,1,166,4,2850.0,3.0
31000000.0,0,5,2,50,6,2600.0,10.5
22000000.0,1,3,1,166,4,2850.0,16.5
8500000.0,0,4,2,50,6,2850.0,15.0
14000000.0,0,3,1,64,6,2850.0,12.0
6800000.0,0,4,2,66,6,2850.0,3.8
17000000.0,0,3,1,66,6,2850.0,28.0
22000000.0,0,6,4,50,6,2850.0,17.0
20000000.0,0,4,2,50,6,2850.0,6.0
10500000.0,0,3,1,50,6,2850.0,7.5
26000000.0,0,3,2,50,6,2850.0,12.5
17000000.0,1,3,1,166,6,2850.0,8.1
49500000.0,0,5,6,50,6,2850.0,16.5
58000000.0,0,6,7,157,6,2850.0,10.0
26500000.0,0,3,2,50,6,2850.0,10.0
26500000.0,0,3,2,166,4,2850.0,12.0
33500000.0,0,4,3,64,6,2850.0,10.0
47000000.0,0,3,3,157,6,1850.0,7.5
5500000.0,0,2,1,50,6,2850.0,12.0
12500000.0,0,3,1,66,6,2850.0,9.0
14500000.0,0,3,1,66,6,2850.0,12.5
30000000.0,1,5,2,84,6,2850.0,30.0
16000000.0,0,3,1,66,6,2850.0,7.5
140000000.0,0,7,6,166,4,5000.0,7.8
47000000.0,0,3,2,166,4,2850.0,7.9
45000000.0,0,5,4,166,4,2850.0,11.0
375000000.0,1,3,4,35,4,4500.0,11.0
55000000.0,0,6,6,166,4,2300.0,5.7
15000000.0,0,3,1,50,6,2850.0,17.0
53000000.0,0,5,3,50,6,2850.0,10.0
12500000.0,0,3,1,50,6,2850.0,12.0
35000000.0,1,3,1,41,4,950.0,6.0
150000.0,0,4,2,166,4,2400.0,8.0
1900000.0,1,2,1,166,4,2850.0,15.0
240000000.0,0,8,6,33,4,4945.0,19.79
39500000.0,0,3,2,166,4,1400.0,6.0
120000000.0,1,1,1,166,4,5806.0,11.0
180000000.0,0,5,5,166,4,6000.0,32.0
475000000.0,0,3,2,31,4,4000.0,21.6
58000000.0,0,4,2,166,4,2350.0,12.5
241000000.0,0,4,2,166,4,2850.0,10.0
43000000.0,0,5,2,166,4,2850.0,9.0
241000000.0,0,4,2,166,4,2850.0,10.0
185000000.0,0,2,1,48,5,2850.0,11.0
295000000.0,0,5,5,166,4,5603.0,16.86
300000000.0,0,5,4,31,4,4000.0,12.8
289000000.0,0,3,2,166,4,2500.0,10.0
63000000.0,1,3,3,15,4,2350.0,9.9
180000000.0,0,10,10,76,10,3600.0,367.0
25000000.0,1,3,2,166,4,1664.0,11.0
74000000.0,0,6,5,128,4,4800.0,7.5
140000000.0,1,7,7,166,4,1400.0,11.0
13500000.0,0,3,1,8,4,2850.0,6.0
12000000.0,0,3,1,166,4,2850.0,6.9
6000000.0,0,1,1,166,4,2850.0,1.2
85000000.0,0,1,1,166,4,2850.0,8.5
320000000.0,1,1,1,166,4,2850.0,19.0
35000000.0,1,6,5,166,4,2850.0,3.3
55000000.0,1,5,4,166,4,2850.0,8.75
45000000.0,0,1,1,41,4,2850.0,10.1
17500000.0,0,3,2,166,4,2850.0,3.5
52000000.0,0,4,3,84,6,3700.0,12.5
10500000.0,0,2,1,50,6,2850.0,3.0
52500000.0,0,5,2,166,4,2850.0,6.4
18000000.0,1,3,1,73,9,2850.0,16.35
140000000.0,0,6,5,41,4,7500.0,14.1
5000000.0,0,3,1,155,9,2850.0,12.3
9000000.0,1,3,2,126,9,2850.0,10.0
12800000.0,0,3,2,126,9,2850.0,10.0
12500000.0,0,3,1,155,9,2850.0,10.0
17000000.0,1,3,1,73,9,2850.0,12.0
75000000.0,0,1,1,73,9,2850.0,140.0
5500000.0,0,3,1,126,9,2850.0,6.0
9500000.0,0,4,1,3,5,2850.0,26.0
7000000.0,0,3,1,126,9,2850.0,11.0
16000000.0,1,5,2,126,9,2850.0,8.5
5500000.0,0,2,1,126,9,2850.0,5.0
9500000.0,0,4,1,126,9,2850.0,20.0
13500000.0,0,2,2,126,9,2850.0,11.0
13000000.0,0,4,1,126,9,2850.0,13.0
3800000.0,0,3,1,2,13,2850.0,12.0
7800000.0,0,3,1,92,13,2850.0,114.6
6500000.0,1,2,1,166,6,2850.0,40.0
31000000.0,1,4,2,92,13,1978.0,30.0
8500000.0,0,4,1,136,13,2850.0,26.0
12500000.0,1,4,1,92,13,2850.0,252.0
25000000.0,0,4,1,112,16,2850.0,20.0
13500000.0,0,4,1,92,13,2850.0,30.0
23000000.0,1,4,1,92,13,2850.0,27.5
15000000.0,0,3,1,92,13,2850.0,30.0
11500000.0,0,3,1,156,13,2850.0,17.0
13500000.0,0,5,1,92,13,2850.0,120.0
35000000.0,1,4,1,92,13,2850.0,32.0
15000000.0,1,3,1,92,13,2850.0,6.34
33000000.0,0,2,1,117,6,2850.0,15.7
12500000.0,0,4,1,2,13,1500.0,182.0
28000000.0,0,2,1,36,4,2850.0,2.7
6800000.0,1,3,1,92,13,2850.0,20.0
18500000.0,0,5,2,50,6,2850.0,11.0
13000000.0,1,3,1,166,4,2850.0,10.0
3950000.0,0,3,1,79,11,2850.0,30.0
18000000.0,0,3,1,50,6,2850.0,12.8
43000000.0,0,3,3,166,4,2250.0,7.2
11500000.0,0,3,1,166,4,2850.0,11.0
17900000.0,0,3,2,166,4,2850.0,7.0
14500000.0,1,3,1,61,4,2850.0,10.0
16000000.0,0,3,1,50,6,2850.0,10.0
13500000.0,1,3,2,61,4,2850.0,11.0
13000000.0,0,4,2,61,4,2850.0,11.0
14000000.0,0,3,1,61,4,2850.0,13.0
13500000.0,0,3,1,61,4,2850.0,10.0
45000000.0,1,3,1,50,6,2850.0,160.0
36000000.0,1,6,2,110,6,1800.0,1.0
12100000.0,0,2,2,119,6,2850.0,11.0
24500000.0,0,3,2,166,4,2850.0,7.0
9000000.0,1,3,1,110,6,2850.0,56.0
28500000.0,1,4,2,61,4,2850.0,14.0
24000000.0,0,4,2,126,9,2850.0,11.0
30000000.0,0,1,1,101,15,2850.0,11.0
6800000.0,0,2,1,83,12,2850.0,8.0
12000000.0,0,3,1,65,8,2850.0,2.0
12000000.0,1,3,1,76,10,2850.0,23.0
47500000.0,0,5,3,76,10,2850.0,18.0
48500000.0,0,4,4,76,10,3000.0,12.5
48500000.0,0,4,3,76,10,3000.0,10.0
60000000.0,0,3,3,76,10,2850.0,9.25
42000000.0,1,5,4,76,10,2850.0,40.0
35000000.0,0,4,2,76,10,2850.0,20.0
55000000.0,1,5,4,76,10,2850.0,12.0
43000000.0,0,4,2,166,10,2850.0,10.0
35000000.0,0,5,4,76,10,2850.0,10.0
80000000.0,1,4,3,166,4,2850.0,10.0
42000000.0,0,6,3,76,10,2850.0,13.0
42500000.0,1,6,3,166,4,2793.75,15.0
10700000.0,1,3,2,73,9,2850.0,17.0
20000000.0,1,3,1,73,9,2850.0,13.5
12500000.0,1,3,1,73,9,2850.0,11.0
17000000.0,1,1,1,73,9,2850.0,13.0
34000000.0,0,5,3,82,4,4000.0,9.5
16000000.0,1,3,2,166,9,1200.0,10.0
22000000.0,0,4,2,133,4,2850.0,10.0
14500000.0,0,3,1,133,4,2850.0,6.0
22000000.0,1,1,1,50,6,2850.0,19.8
25000000.0,0,3,2,133,4,2850.0,13.0
22000000.0,0,4,2,133,4,2850.0,10.0
16000000.0,1,3,2,133,4,2850.0,8.0
32500000.0,1,5,4,166,4,4500.0,10.0
20000000.0,1,4,2,133,4,2850.0,8.0
14300000.0,1,4,2,13,9,2850.0,6.0
25500000.0,0,1,1,166,4,2850.0,10.0
14000000.0,0,3,2,133,4,2850.0,11.8
26800000.0,0,6,2,133,4,2850.0,11.0
23000000.0,0,3,3,82,4,2850.0,10.0
11000000.0,0,2,1,82,4,2850.0,11.0
13000000.0,0,4,2,82,4,2850.0,6.0
36500000.0,0,4,3,82,4,2850.0,10.0
23500000.0,0,3,3,82,4,2850.0,10.2
19500000.0,0,5,2,62,9,2850.0,11.8
26500000.0,0,3,3,166,4,2850.0,10.0
28500000.0,0,5,2,166,4,2850.0,10.0
6900000.0,0,2,1,73,9,2850.0,10.0
12500000.0,0,3,1,133,4,2850.0,10.0
25000000.0,0,3,3,133,4,2850.0,8.2
6900000.0,0,2,1,73,9,2850.0,10.0
26500000.0,0,4,2,13,9,2850.0,11.0
25800000.0,0,4,3,133,4,2850.0,11.0
12500000.0,0,3,1,133,4,2850.0,10.0
18000000.0,0,3,2,73,9,2850.0,11.0
21500000.0,0,3,3,73,9,2850.0,15.0
28500000.0,0,3,3,166,4,2850.0,10.0
11500000.0,1,2,1,166,4,2850.0,6.5
22000000.0,0,3,1,166,4,2850.0,11.7
24000000.0,1,5,3,166,4,2800.0,10.4
25000000.0,0,4,2,133,4,2850.0,12.0
22000000.0,0,3,2,133,4,1600.0,14.0
39000000.0,1,5,2,133,4,3000.0,15.0
10000000.0,1,3,1,133,4,1200.0,15.0
16500000.0,1,2,1,133,4,1100.0,6.5
36000000.0,1,5,3,133,4,3500.0,11.0
13500000.0,1,2,1,133,4,2850.0,10.0
12500000.0,0,3,1,48,5,2850.0,10.0
6500000.0,0,1,1,101,15,2850.0,80.0
22500000.0,0,5,1,48,5,2850.0,7.8
12300000.0,0,3,1,166,4,2850.0,54.7
75000000.0,0,4,1,146,7,2850.0,25.0
20000000.0,1,4,2,166,4,2600.0,10.0
40000000.0,0,5,2,48,5,2850.0,10.0
65000000.0,0,5,5,166,4,3500.0,20.0
35000000.0,0,3,2,166,4,2850.0,6.0
62000000.0,0,6,3,34,4,2850.0,9.5
8700000.0,0,4,1,61,4,2850.0,15.0
13000000.0,0,3,2,61,4,2850.0,11.0
15000000.0,0,3,2,61,4,2850.0,7.8
13500000.0,0,3,1,166,4,2850.0,10.0
52500000.0,1,6,3,166,4,2100.0,18.0
23000000.0,1,3,2,166,4,1200.0,6.0
14500000.0,1,2,1,166,4,2850.0,6.1
25000000.0,0,3,2,117,6,2850.0,10.0
52500000.0,0,4,3,166,4,2750.0,7.5
6500000.0,1,2,1,50,6,2850.0,18.0
27000000.0,0,2,2,155,9,2850.0,10.0
32000000.0,0,2,1,126,9,2850.0,10.0
14000000.0,0,4,2,155,9,2490.0,10.0
13000000.0,0,3,2,62,9,2850.0,12.5
15000000.0,1,4,1,126,9,2850.0,12.65
12500000.0,1,3,1,73,9,2850.0,10.0
15000000.0,0,4,2,73,9,2850.0,57.0
9200000.0,1,3,1,155,9,2850.0,16.4
60000000.0,0,6,1,130,20,2850.0,5.0
80000000.0,0,5,5,166,4,2250.0,8.0
7500000.0,0,2,1,166,4,2850.0,3.0
9500000.0,1,3,2,73,9,2850.0,12.0
40000000.0,0,5,2,166,4,2850.0,16.0
35000000.0,0,4,4,166,4,2850.0,11.0
14500000.0,0,2,1,166,4,2850.0,4.0
13000000.0,0,4,1,166,4,2850.0,9.5
34000000.0,0,1,1,166,4,2850.0,12.5
12000000.0,0,3,1,166,4,2850.0,5.6
12000000.0,1,2,1,166,4,2850.0,5.6
16500000.0,0,3,1,166,4,2850.0,6.0
8500000.0,0,3,1,81,6,2850.0,3.0
145000.0,0,2,1,166,4,2850.0,3.0
34000000.0,0,3,3,31,4,1085.0,3.95
60000000.0,0,5,4,36,4,2850.0,4.0
20000000.0,1,1,1,41,4,2850.0,3.55
53000000.0,0,2,2,166,4,1250.0,12.6
60000000.0,0,2,1,27,4,2850.0,11.0
17000000.0,0,2,1,34,4,2850.0,11.0
10000000.0,1,2,1,142,4,485.0,11.0
125000000.0,0,3,3,166,4,4500.0,13.0
55000000.0,0,8,6,166,4,3050.0,9.9
29000000.0,0,3,2,166,4,1600.0,18.5
62000000.0,0,6,2,33,4,2800.0,9.5
90000000.0,1,5,5,166,4,2850.0,11.0
40000000.0,0,3,2,31,4,2850.0,2.0
72000000.0,0,4,3,166,4,1180.0,11.0
65000000.0,1,6,4,166,4,2850.0,11.0
40000000.0,0,2,2,31,4,2850.0,11.0
20000000.0,1,1,1,41,4,2850.0,3.55
15000000.0,0,2,3,166,4,840.0,3.5
110000000.0,1,1,1,41,4,2850.0,10.75
55000000.0,1,5,5,166,4,2345.0,6.85
15000000.0,1,3,2,166,4,2850.0,9.0
65000000.0,0,5,5,166,4,3500.0,20.0
18500000.0,1,3,2,166,4,2850.0,12.5
22500000.0,0,3,2,166,4,2850.0,7.31
18000000.0,0,2,2,166,4,2850.0,16.0
26000000.0,1,4,2,133,4,2850.0,8.0
85000000.0,1,4,3,166,4,3100.0,7.3
36000000.0,0,4,3,166,4,2850.0,7.3
57500000.0,0,5,6,96,4,2850.0,14.5
22000000.0,1,3,2,166,4,1400.0,11.0
21500000.0,1,3,2,166,4,2850.0,6.2
48000000.0,1,3,2,166,4,1720.0,11.0
30000000.0,0,4,4,166,4,2850.0,7.9
35000000.0,0,4,2,82,4,2850.0,12.0
70000000.0,0,4,4,166,4,2850.0,3.6
16000000.0,0,3,2,8,4,1050.0,11.0
42000000.0,0,4,4,133,4,2850.0,7.1
21000000.0,0,3,1,133,4,2850.0,7.0
41000000.0,1,5,3,133,4,2850.0,8.0
23000000.0,0,5,3,82,4,2850.0,10.5
25000000.0,0,3,2,133,4,2850.0,7.8
21000000.0,0,3,2,133,4,2850.0,6.4
36000000.0,0,5,3,166,4,2850.0,15.0
43000000.0,0,5,5,133,4,2850.0,8.0
19000000.0,0,3,1,20,4,2850.0,6.3
18000000.0,1,3,2,166,4,4600.0,6.0
65000000.0,0,6,4,166,4,4600.0,11.0
21000000.0,1,3,1,166,4,2850.0,10.0
16500000.0,0,3,2,166,4,2850.0,7.5
60000000.0,1,6,2,41,4,2850.0,7.3
50000000.0,0,5,4,166,4,2850.0,10.0
23000000.0,0,3,2,166,4,2850.0,7.5
18000000.0,1,3,2,82,4,1750.0,10.0
28500000.0,0,3,2,82,4,1450.0,10.0
19500000.0,0,3,2,105,4,1480.0,10.0
62500000.0,1,4,3,166,4,4650.0,10.0
21000000.0,0,3,2,133,4,2850.0,10.0
35500000.0,0,3,1,166,4,2850.0,7.2
42500000.0,0,4,3,166,4,2850.0,7.5
34500000.0,1,3,2,73,9,2350.0,8.0
26000000.0,1,3,2,166,4,2100.0,10.0
28500000.0,1,3,2,166,4,1200.0,8.9
45000000.0,1,1,1,9,4,2850.0,257.0
7000000.0,0,3,1,9,4,2850.0,15.0
7000000.0,0,4,1,9,4,2850.0,15.0
5000000.0,1,2,1,9,4,2850.0,10.0
72500000.0,1,4,4,166,4,2850.0,11.0
200000000.0,0,10,8,166,4,2850.0,11.0
39000000.0,0,1,1,166,4,2850.0,11.0
70000000.0,1,4,4,166,4,3900.0,7.0
42000000.0,0,5,4,166,4,2850.0,20.0
49500000.0,1,4,4,166,4,3100.0,6.0
56000000.0,0,5,4,166,4,3500.0,8.0
155000000.0,0,5,5,166,4,2850.0,14.0
160000000.0,1,1,1,166,4,2850.0,11.0
11000000.0,0,10,10,119,6,2850.0,22.0
7500000.0,0,3,1,12,20,2850.0,45.0
6000000.0,1,3,1,50,6,2850.0,21.0
8500000.0,1,4,2,112,16,2850.0,50.0
16500000.0,0,3,2,166,4,1334.0,10.0
8500000.0,0,1,1,48,5,2850.0,18.5
26500000.0,0,2,2,117,6,2850.0,14.0
26000000.0,0,4,3,50,6,2850.0,10.0
23000000.0,0,6,3,154,6,2850.0,26.0
8200000.0,0,3,2,154,6,2850.0,19.5
8000000.0,0,1,1,166,4,2850.0,15.0
19200000.0,0,1,1,166,4,2850.0,11.3
16500000.0,1,4,1,77,16,2850.0,25.0
3350000.0,0,2,1,50,6,2850.0,7.0
3750000.0,0,3,1,50,6,2850.0,5.0
6500000.0,0,1,1,166,4,2850.0,11.0
23000000.0,0,2,2,166,4,2850.0,3.5
15500000.0,0,2,2,166,4,2850.0,3.5
17500000.0,0,2,2,34,4,2850.0,1.25
17500000.0,0,2,2,34,4,2850.0,1.25
15500000.0,0,2,2,166,6,2850.0,3.5
6500000.0,1,2,1,166,4,2850.0,1.75
15000000.0,0,3,1,166,4,2850.0,4.0
29000000.0,1,3,2,166,4,2080.0,6.0
16500000.0,0,2,1,166,4,2850.0,6.9
12500000.0,1,3,1,92,13,2850.0,80.0
16500000.0,1,3,1,126,9,1558.0,14.0
7500000.0,1,2,1,50,6,2850.0,18.0
19000000.0,1,4,1,64,6,2152.0,10.0
28000000.0,1,3,2,62,9,2850.0,7.0
42500000.0,0,4,3,166,4,2500.0,8.0
59000000.0,1,4,1,166,4,2000.0,6.0
22500000.0,1,3,2,166,4,1350.0,7.2
21500000.0,1,3,2,166,4,1200.0,6.3
19500000.0,1,3,2,166,4,2850.0,10.0
22000000.0,0,4,4,146,7,2850.0,43.0
55000000.0,1,5,4,166,4,4500.0,10.0
19500000.0,0,3,1,166,4,2850.0,18.0
18500000.0,0,2,1,166,4,2850.0,6.0
19500000.0,1,7,3,61,4,2850.0,11.0
68000000.0,0,5,3,166,4,2200.0,10.0
21500000.0,0,3,2,166,4,2850.0,3.0
110000000.0,0,7,1,78,6,2850.0,25.0
19000000.0,1,3,2,140,11,2850.0,6.1
75000000.0,1,4,3,166,4,4450.0,10.0
6000000.0,0,5,1,79,11,2850.0,30.0
61000000.0,1,4,3,41,4,2850.0,7.63
60000000.0,1,5,5,166,4,2950.0,11.0
43000000.0,1,2,1,166,4,2350.0,6.17
39000000.0,1,3,3,166,4,2850.0,6.68
55000000.0,1,3,1,41,4,2850.0,14.0
45000000.0,1,5,4,166,4,2410.0,11.8
48000000.0,1,4,3,41,4,2650.0,6.0
100000000.0,1,5,4,41,4,3500.0,16.7
30000000.0,1,5,2,73,9,1600.0,66.0
28000000.0,1,3,2,166,4,2500.0,15.0
25000000.0,1,4,4,122,17,2970.0,11.0
26500000.0,1,3,1,166,4,2850.0,10.0
130000000.0,1,5,2,50,6,3000.0,50.0
39000000.0,1,5,3,166,4,2315.0,10.0
9000000.0,1,4,2,112,16,2000.0,20.0
13500000.0,1,3,1,166,4,1500.0,14.0
17500000.0,1,4,2,101,15,2136.0,7.0
25000000.0,1,4,2,48,5,2000.0,20.0
21500000.0,1,5,2,4,7,2400.0,20.0
32500000.0,1,4,3,38,14,4000.0,17.8
19000000.0,1,3,1,62,9,1340.0,12.0
3000000.0,1,2,1,62,9,800.0,3.0
13500000.0,1,3,3,76,10,1200.0,30.0
11000000.0,1,3,2,166,4,2500.0,11.78
42000000.0,1,3,1,166,4,1500.0,15.0
85000000.0,1,6,6,122,17,4200.0,14.0
27500000.0,1,4,2,48,5,1700.0,77.0
50000000.0,1,3,2,166,4,1500.0,12.83
30000000.0,1,7,2,166,4,2500.0,16.5
1050000.0,1,4,1,138,6,2850.0,28.0
16500000.0,1,4,1,92,13,1300.0,67.8
19500000.0,1,3,2,50,6,2000.0,15.0
40000000.0,1,4,2,76,10,2000.0,46.0
8500000.0,1,3,1,166,13,1500.0,12.5
7900000.0,1,3,1,50,6,994.0,12.5
51000000.0,0,3,1,166,16,3715.0,136.0
47000000.0,1,3,2,166,4,2850.0,10.0
11900000.0,1,4,2,64,6,1500.0,8.0
37500000.0,1,5,4,166,4,2500.0,11.0
45000000.0,1,3,2,166,4,2800.0,11.9
40000000.0,1,5,3,50,6,2850.0,19.29
19500000.0,1,4,2,50,6,2850.0,32.0
9500000.0,0,3,1,166,4,2850.0,2.5
40000.0,0,3,1,166,4,2850.0,11.0
55000000.0,1,5,3,166,4,2850.0,11.0
92400000.0,0,3,2,41,4,2850.0,22.0
300000000.0,0,5,2,166,4,9000.0,31.0
46500000.0,0,5,3,166,4,2700.0,9.0
225000000.0,0,4,3,166,4,4200.0,35.0
40000000.0,1,4,3,166,4,3500.0,11.0
315000000.0,0,6,4,166,4,8000.0,49.0
40000000.0,1,5,3,166,4,2850.0,6.6
68000000.0,1,3,2,166,4,2850.0,16.0
70000000.0,0,6,6,166,4,2850.0,8.05
27500000.0,1,4,2,166,4,2850.0,3.15
52000000.0,1,7,5,57,7,6000.0,80.0
35000000.0,0,7,3,166,4,2460.0,6.79
38000000.0,1,5,1,56,1,2850.0,1.0
60000000.0,0,3,1,0,5,2850.0,400.0
100000000.0,0,4,1,48,5,2850.0,1.0
37500000.0,0,1,1,0,5,2850.0,60.0
43000000.0,0,4,1,48,5,2850.0,113.0
16500000.0,0,4,2,48,5,2850.0,19.0
21500000.0,0,3,2,82,4,1800.0,11.4
7500000.0,0,3,1,126,9,2850.0,9.75
9000000.0,1,3,1,77,16,2850.0,80.0
10000000.0,0,2,1,166,4,2850.0,2.5
13500000.0,0,3,2,133,4,2850.0,10.0
23000000.0,0,4,3,133,4,2850.0,11.0
14000000.0,0,1,1,166,6,2850.0,7.0
38500000.0,0,3,2,98,4,2850.0,7.5
6500000.0,0,1,1,62,9,2850.0,20.0
42000000.0,0,4,1,50,6,2850.0,30.0
12500000.0,1,6,2,92,13,2850.0,11.0
11000000.0,0,3,2,166,4,2850.0,10.0
18500000.0,0,3,2,133,4,2850.0,7.0
31000000.0,0,3,1,133,4,2850.0,15.0
26000000.0,0,6,2,166,4,2850.0,14.3
26000000.0,0,1,1,133,4,2850.0,11.5
24000000.0,0,4,4,166,4,2850.0,8.0
9500000.0,0,3,1,133,4,2850.0,6.0
2600000.0,0,1,1,18,16,2850.0,20.0
2800000.0,0,1,1,18,16,2850.0,20.0
2700000.0,0,1,1,18,16,2850.0,11.0
4600000.0,0,3,1,110,6,2850.0,10.0
13500000.0,1,3,1,165,6,2850.0,10.0
16500000.0,0,2,1,166,4,2850.0,10.0
23000000.0,1,4,2,166,4,2250.0,10.0
42000000.0,0,4,3,166,4,2850.0,8.0
48500000.0,0,5,4,166,4,2850.0,10.0
43500000.0,1,4,2,166,4,2850.0,10.0
38000000.0,0,6,3,166,4,2850.0,9.0
45000000.0,0,4,3,166,4,2500.0,10.0
55000000.0,1,7,5,166,4,2850.0,19.5
27000000.0,1,4,2,166,4,2850.0,10.0
6500000.0,1,4,2,166,4,2850.0,6.3
12500000.0,1,6,2,166,4,2850.0,12.0
13000000.0,0,3,2,62,9,2850.0,12.5
13000000.0,0,3,1,126,9,2850.0,10.0
11500000.0,0,2,1,13,9,2850.0,10.0
17000000.0,0,2,2,126,9,2850.0,8.5
19500000.0,0,3,1,62,9,2850.0,47.04
40000000.0,0,3,1,126,9,2850.0,53.0
32000000.0,0,3,1,126,9,2850.0,10.0
14000000.0,0,4,2,73,9,2490.0,10.0
16500000.0,0,3,1,126,9,2850.0,13.5
5500000.0,0,3,1,73,9,2850.0,11.0
85000000.0,0,5,4,166,4,4200.0,22.0
2750000.0,0,4,2,92,13,2850.0,25.0
27500000.0,0,5,1,64,6,2850.0,10.0
12500000.0,0,6,3,137,19,2850.0,85.0
13000000.0,0,3,1,48,5,1729.0,12.6
45000000.0,0,5,4,166,4,2850.0,10.0
69000000.0,1,6,6,117,6,2850.0,17.0
14000000.0,1,6,1,50,6,2850.0,15.0
29500000.0,0,1,1,62,9,2850.0,10.0
13500000.0,0,3,1,66,6,2850.0,14.0
15000000.0,0,2,1,66,6,1100.0,6.0
5800000.0,0,2,1,66,6,2850.0,10.0
29000000.0,1,5,2,50,6,2500.0,12.0
10500000.0,0,3,1,50,6,1350.0,20.0
16800000.0,0,3,2,66,6,1250.0,6.1
36000000.0,0,2,1,50,6,2850.0,15.0
9000000.0,0,2,1,66,6,2850.0,7.0
25000000.0,0,3,1,84,6,2850.0,15.0
10500000.0,1,3,2,66,6,2850.0,12.5
26000000.0,0,3,2,166,6,2850.0,12.0
19800000.0,0,3,2,50,6,1350.0,12.5
12000000.0,0,3,1,66,6,2850.0,8.0
45000000.0,0,4,3,50,6,3200.0,20.0
5000000.0,0,2,1,50,6,2850.0,10.0
15500000.0,0,5,2,50,6,2850.0,17.5
7900000.0,0,3,2,50,6,2850.0,11.0
98000000.0,0,4,4,166,4,5000.0,33.15
7500000.0,1,3,1,50,6,2850.0,12.5
16000000.0,0,4,1,50,6,2850.0,30.0
28000000.0,0,3,2,166,4,1400.0,10.0
7000000.0,0,2,1,123,4,2850.0,10.0
39500000.0,1,4,2,165,6,2850.0,10.0
16500000.0,1,3,2,166,4,2850.0,7.0
16000000.0,1,3,2,166,4,2850.0,7.0
31000000.0,1,5,3,62,9,2850.0,20.0
20000000.0,1,4,2,166,4,2500.0,6.0
18000000.0,0,3,1,13,9,2850.0,10.0
20000000.0,1,3,2,62,9,2850.0,15.0
18500000.0,1,3,1,166,4,2850.0,18.0
11500000.0,0,3,1,13,9,2850.0,13.0
18000000.0,1,3,2,166,6,2850.0,10.0
13900000.0,0,4,1,73,9,2850.0,12.8
3200000.0,0,3,1,48,5,2850.0,15.0
75000000.0,1,4,5,166,4,2850.0,10.0
18500000.0,1,4,2,166,6,2850.0,22.0
18000000.0,1,3,2,166,4,1300.0,9.0
15000000.0,1,3,1,166,4,2850.0,5.0
49000000.0,0,4,1,166,4,2850.0,63.0
13000000.0,0,4,1,166,6,2850.0,10.5
29000000.0,0,4,2,64,6,5000.0,38.0
47000000.0,1,5,4,76,10,2850.0,20.0
15000000.0,0,3,1,76,10,2850.0,10.9
25000000.0,1,6,3,76,10,2850.0,11.0
23000000.0,0,3,3,166,4,2850.0,8.0
27000000.0,1,4,2,166,4,2850.0,10.0
17500000.0,0,4,1,76,10,2850.0,33.0
47000000.0,0,5,4,76,10,2850.0,20.0
6500000.0,1,2,1,73,9,2850.0,10.2
16000000.0,0,8,2,73,9,2850.0,11.0
11500000.0,0,3,1,166,13,2850.0,80.0
11000000.0,0,1,1,137,19,2850.0,11.0
20000000.0,0,1,1,166,13,2850.0,11.0
8900000.0,0,4,1,50,6,2850.0,20.0
11500000.0,1,3,2,73,9,2850.0,15.0
7800000.0,1,2,1,50,6,2850.0,15.0
7500000.0,1,4,1,165,6,2850.0,11.0
4600000.0,1,3,1,50,6,2850.0,9.5
9500000.0,1,3,1,165,6,2850.0,11.0
13500000.0,1,3,1,62,9,2850.0,12.5
15500000.0,0,3,2,62,9,2850.0,11.5
7500000.0,0,3,1,62,9,2850.0,10.0
5500000.0,1,3,1,62,9,2850.0,12.5
6300000.0,1,2,1,62,9,2850.0,16.0
16500000.0,1,3,2,62,9,2850.0,11.0
8800000.0,1,1,1,62,9,2850.0,15.0
12000000.0,1,3,1,66,6,2850.0,10.0
8300000.0,1,3,1,73,9,2850.0,12.5
3500000.0,0,3,1,62,9,2850.0,11.0
18000000.0,1,5,2,62,9,2850.0,14.0
4300000.0,1,1,1,62,9,2850.0,12.5
15000000.0,0,3,2,62,9,2850.0,10.0
6250000.0,0,1,1,62,9,2850.0,13.0
27500000.0,0,2,1,13,9,3000.0,11.5
5500000.0,1,3,1,62,9,2850.0,12.5
9000000.0,1,3,1,62,9,2850.0,10.0
16000000.0,0,3,1,62,9,2850.0,12.0
7500000.0,1,4,1,62,9,2850.0,15.0
43000000.0,0,4,2,166,4,2850.0,32.0
9500000.0,1,3,1,62,9,1700.0,17.0
23000000.0,1,5,1,62,9,2000.0,42.0
25000000.0,1,5,2,62,9,2850.0,42.0
9500000.0,1,3,1,62,9,2850.0,10.0
4500000.0,0,3,1,62,9,2850.0,10.0
38000000.0,1,5,3,62,9,2250.0,11.0
48000000.0,1,4,3,62,9,2200.0,26.0
45000000.0,1,3,1,62,9,2850.0,15.0
5700000.0,0,1,1,62,9,2850.0,10.0
29000000.0,1,5,3,62,9,2850.0,10.0
13500000.0,1,3,1,62,9,2850.0,11.0
23000000.0,0,1,1,90,13,2850.0,56.0
37000000.0,0,3,1,166,4,2850.0,12.5
55000000.0,0,1,1,109,6,2850.0,50.0
14000000.0,0,3,1,109,6,2850.0,20.0
8500000.0,0,3,1,109,6,2850.0,15.0
7500000.0,1,3,1,6,1,2850.0,18.0
40000000.0,1,6,6,166,4,2850.0,10.0
70000000.0,0,3,3,122,17,2850.0,36.0
55000000.0,1,4,3,73,9,2850.0,23.5
80000000.0,0,5,3,166,4,2990.0,15.0
27500000.0,1,5,2,126,9,2850.0,10.0
80000000.0,1,5,3,166,4,2990.0,15.0
36000000.0,1,4,4,126,9,2850.0,8.0
23000000.0,1,4,2,126,9,2200.0,8.0
14500000.0,1,1,1,73,9,2850.0,11.0
55000000.0,0,1,1,166,4,2850.0,6.0
7500000.0,0,3,1,166,4,2850.0,15.0
8800000.0,0,3,1,166,6,2850.0,10.0
18000000.0,0,2,2,50,6,2850.0,15.0
4500000.0,0,2,1,50,6,2850.0,5.0
8600000.0,1,2,1,166,6,2850.0,9.0
11500000.0,0,3,2,166,6,2850.0,7.0
8000000.0,0,3,1,101,15,2850.0,25.0
9000000.0,0,6,4,33,4,2850.0,17.0
12500000.0,0,3,1,119,6,2850.0,12.5
14500000.0,1,3,1,61,4,2850.0,10.0
100000000.0,0,5,3,166,4,2400.0,11.0
48000000.0,0,4,3,166,4,3500.0,6.0
20000000.0,0,1,1,166,4,1800.0,6.0
55000000.0,1,5,3,166,4,4500.0,10.0
38500000.0,0,4,3,166,4,2350.0,6.0
39000000.0,0,2,1,166,4,2850.0,18.1
32500000.0,1,4,3,166,4,2550.0,14.0
24000000.0,1,3,2,8,4,2850.0,20.0
225000000.0,1,4,3,33,4,3200.0,16.55
35000000.0,1,4,4,166,4,2850.0,5.0
20000000.0,0,3,2,166,4,2850.0,11.0
5000000.0,0,1,1,146,7,2850.0,2.6
8700000.0,1,3,1,123,4,2850.0,16.0
40000000.0,1,2,1,96,4,2850.0,11.0
16500000.0,0,4,2,114,13,2850.0,59.0
13500000.0,0,1,1,166,4,2850.0,10.0
160000000.0,1,7,7,166,4,8500.0,11.0
120000000.0,1,6,4,32,4,3800.0,7.5
90000000.0,1,6,3,166,4,2700.0,12.75
68000000.0,0,4,3,166,4,3800.0,8.4
55000000.0,0,5,3,166,4,3811.0,10.6
45000000.0,0,6,4,166,4,2450.0,8.0
85000000.0,0,5,4,166,4,3000.0,15.5
58000000.0,1,6,3,166,4,2592.0,15.13
4500000.0,0,3,1,101,15,2850.0,31.0
13000000.0,1,6,1,101,15,2850.0,11.0
8500000.0,0,4,1,48,5,2850.0,11.0
8500000.0,0,4,1,48,5,2850.0,11.0
7000000.0,0,3,1,166,2,2850.0,17.0
45000000.0,1,4,3,166,4,2850.0,11.0
42000000.0,0,1,1,166,4,2850.0,11.0
28000000.0,0,3,1,166,4,2850.0,9.3
4500000.0,0,1,2,9,4,2850.0,40.0
2200000.0,0,1,1,119,6,2850.0,11.0
4000000.0,0,1,1,119,6,2850.0,30.0
5500000.0,0,1,1,119,6,2850.0,37.0
8000000.0,0,1,1,119,6,2850.0,16.0
4500000.0,0,1,1,119,6,2850.0,10.0
6500000.0,0,1,1,119,6,2850.0,20.5
12000000.0,1,1,1,119,6,2850.0,18.0
12000000.0,0,1,1,119,6,2850.0,17.0
6000000.0,0,1,1,119,6,2850.0,8.5
70000000.0,1,3,2,166,4,4505.0,15.0
59000000.0,1,6,3,166,4,3400.0,3400.0
83000000.0,0,4,3,166,4,2850.0,7.5
33000000.0,1,2,2,50,6,2850.0,10.0
35000000.0,0,1,1,101,15,2850.0,18.0
71185000.0,0,3,1,48,5,2850.0,12.0
68000000.0,0,3,3,48,5,2850.0,11.0
35000000.0,0,2,2,166,4,2850.0,14.0
23000000.0,0,3,2,166,4,2500.0,10.3
55000000.0,0,1,1,166,4,2850.0,5.0
50000000.0,1,4,3,166,4,2850.0,12.0
38000000.0,0,5,3,166,4,2850.0,6.0
13000000.0,1,5,2,166,4,2850.0,2.0
38000000.0,1,5,2,166,4,2850.0,11.0
45000000.0,1,4,2,166,4,2850.0,15.0
68000000.0,1,3,2,166,4,2850.0,16.0
12500000.0,0,3,1,101,15,2850.0,15.0
180000000.0,0,8,1,100,14,2850.0,1.0
68400000.0,0,4,3,166,4,2850.0,18.0
25000000.0,1,4,2,155,9,2850.0,11.0
27500000.0,1,4,2,166,4,2850.0,5.8
65000000.0,0,10,10,166,4,2850.0,20.0
110000000.0,0,3,1,79,11,4000.0,17.9
79000000.0,0,6,5,166,4,4300.0,14.4
110000000.0,0,4,3,33,4,2736.0,9.35
170000000.0,0,5,5,166,4,5000.0,11.0
150000000.0,0,4,3,33,4,2800.0,9.5
110000000.0,0,4,3,33,4,2736.0,9.35
175000000.0,0,4,3,166,4,4000.0,11.0
75000000.0,0,6,2,166,4,4500.0,11.0
40000000.0,0,2,2,166,4,2850.0,5.0
180000000.0,0,4,3,34,4,4000.0,10.0
93500000.0,0,7,4,166,4,2850.0,14.0
19500000.0,0,3,2,50,6,2850.0,9.5
5200000.0,0,2,2,50,6,2850.0,5.0
26500000.0,0,3,2,166,4,2850.0,7.0
280000000.0,1,3,2,50,6,2850.0,7.0
39000000.0,1,3,1,166,4,2850.0,15.5
83000000.0,1,4,3,50,6,3212.0,12.0
65000000.0,0,5,5,166,6,2850.0,16.0
55000000.0,0,10,8,166,4,2850.0,19.0
400000000.0,0,6,6,166,4,12500.0,11.0
19000000.0,0,7,5,166,4,2850.0,6.5
175000000.0,0,4,4,166,4,4000.0,18.0
750000000.0,0,5,5,35,4,6500.0,11.0
300000.0,0,4,2,166,4,1800.0,11.0
375000000.0,0,5,5,35,4,2850.0,11.2
225000000.0,0,4,3,166,4,4200.0,35.0
160000000.0,0,3,2,35,4,1428.0,11.0
15000000.0,0,3,2,166,4,2850.0,15.0
12000000.0,0,2,2,166,4,1100.0,11.0
170000000.0,1,7,4,166,4,5000.0,17.0
80000000.0,0,4,3,166,4,5500.0,20.0
400000000.0,1,5,5,121,4,5500.0,73.5
350000000.0,1,6,6,166,4,8000.0,18.0
130000000.0,1,4,2,73,9,6200.0,26.0
240000000.0,1,5,3,31,4,4000.0,12.8
185000000.0,0,7,6,166,4,6000.0,27.5
175000000.0,0,4,4,166,4,6500.0,32.5
135000000.0,1,5,5,166,4,2850.0,10.0
240000000.0,1,8,4,166,4,2850.0,16.75
185000000.0,1,1,1,166,4,2850.0,23.5
350000000.0,1,6,7,166,4,9000.0,30.0
109000000.0,1,8,6,166,4,6000.0,7.36
165000000.0,1,6,7,166,4,7500.0,16.75
75000000.0,1,4,3,166,4,3500.0,21.0
200000000.0,0,5,5,166,4,2850.0,31.75
24500000.0,0,1,1,163,16,2850.0,81.0
350000000.0,1,5,4,166,4,5000.0,92.0
550000000.0,1,3,3,166,4,2850.0,11.4
300000000.0,0,4,3,166,4,3500.0,16.4
49000000.0,0,4,3,166,4,2824.0,10.73
57000000.0,1,3,2,166,4,2850.0,7.9
47000000.0,1,3,3,76,10,2850.0,20.0
130000000.0,1,6,5,166,4,2850.0,13.0
160000000.0,1,4,4,166,4,2850.0,15.0
120000000.0,1,4,4,166,4,3300.0,11.47
83000000.0,1,4,4,166,4,2850.0,7.5
29000000.0,1,3,1,166,4,2850.0,16.0
38000000.0,1,3,1,166,4,2850.0,11.0
21000000.0,0,3,1,166,4,2850.0,3.0
49000000.0,1,5,3,33,4,2850.0,11.0
15000000.0,1,2,1,142,4,1108.0,4.2
25000000.0,0,1,1,48,5,2850.0,83.0
80000000.0,1,4,4,166,4,2850.0,11.0
5000000.0,1,3,2,166,4,2850.0,5.7
40000000.0,0,4,3,166,4,2850.0,11.0
12500000.0,1,3,1,157,6,2850.0,6.7
4600000.0,0,3,1,110,6,2850.0,10.0
32000000.0,0,3,3,23,19,2850.0,10.0
8500000.0,1,3,1,42,6,2850.0,12.0
10500000.0,1,3,1,109,6,2850.0,30.0
17500000.0,0,4,2,138,6,2850.0,19.5
18000000.0,0,4,1,66,6,2850.0,23.0
22000000.0,0,4,2,66,6,2850.0,13.5
12500000.0,0,3,1,119,6,2850.0,12.5
14500000.0,0,4,1,48,5,2850.0,14.0
18500000.0,1,3,1,166,6,3000.0,11.0
16500000.0,0,5,2,50,6,2850.0,15.0
51000000.0,1,4,2,166,4,2850.0,7.5
2500000.0,0,1,1,43,20,2850.0,6.5
11000000.0,0,4,1,166,4,2850.0,14.5
5000000.0,0,2,1,133,4,2850.0,4.3
15500000.0,0,6,2,50,6,2850.0,16.0
50000000.0,0,3,1,81,6,2850.0,20.0
11000000.0,1,2,1,50,6,2850.0,18.0
28500000.0,1,5,2,166,4,2850.0,38.0
39500000.0,1,5,2,50,6,2850.0,42.0
5500000.0,0,3,1,154,6,2850.0,13.5
6900000.0,0,3,2,79,11,2850.0,20.0
13000000.0,1,4,2,50,6,2850.0,30.0
7000000.0,1,2,1,166,6,2850.0,18.5
16500000.0,0,2,2,50,6,2850.0,5.5
39800000.0,0,6,3,50,6,2850.0,17.9
17000000.0,1,3,1,50,6,2850.0,10.0
19500000.0,1,3,2,166,4,1500.0,12.5
16000000.0,1,5,2,50,6,2850.0,15.0
23000000.0,1,8,3,117,6,2850.0,14.0
21000000.0,0,8,2,50,6,2850.0,21.0
8800000.0,1,3,1,166,4,2850.0,11.0
2500000.0,0,1,1,166,4,2850.0,15.0
16000000.0,0,5,2,50,6,2850.0,15.0
16500000.0,1,4,1,50,6,2850.0,65.0
30000000.0,0,4,3,166,4,2850.0,6.0
24500000.0,0,3,2,166,4,2850.0,7.0
34000000.0,1,4,3,166,4,2850.0,6.5
7800000.0,0,2,1,133,4,2850.0,6.0
6500000.0,0,2,1,13,9,2850.0,10.0
55000000.0,1,5,2,166,4,2850.0,22.0
6500000.0,0,1,1,73,9,2850.0,14.5
39900000.0,1,4,2,166,4,2500.0,12.0
20800000.0,1,3,1,166,4,2500.0,16.62
52000000.0,0,6,5,166,4,4000.0,10.0
33000000.0,1,4,2,166,4,3000.0,10.0
52000000.0,0,6,5,166,4,4000.0,10.0
33000000.0,1,5,2,166,4,2850.0,12.0
33000000.0,1,4,2,166,4,3000.0,10.6
28500000.0,1,3,2,166,4,1200.0,8.9
76000000.0,1,4,5,166,4,2850.0,9.25
31000000.0,1,3,2,166,4,2850.0,14.0
23500000.0,1,3,1,50,6,2850.0,10.0
55000000.0,1,2,2,32,4,2850.0,3.41
32000000.0,1,1,2,73,9,2800.0,11.48
5500000.0,0,3,1,73,9,2850.0,8.0
11000000.0,1,4,1,166,9,2850.0,9.0
28000000.0,1,1,1,73,9,3200.0,20.0
19500000.0,1,3,1,166,4,2850.0,8.6
4500000.0,0,2,1,57,7,2850.0,20.0
25000000.0,0,2,1,166,6,2850.0,4.5
30000000.0,1,3,1,166,4,2850.0,6.0
6500000.0,0,2,1,62,9,2850.0,10.0
20000000.0,0,3,3,166,4,2850.0,29.0
9800000.0,0,3,1,166,4,2850.0,12.5
45300000.0,0,5,2,73,9,2850.0,33.0
7000000.0,0,1,1,92,13,2850.0,11.0
54000000.0,0,5,3,20,4,2850.0,10.0
50000000.0,0,1,1,166,4,2850.0,11.0
42500000.0,0,3,1,98,4,2200.0,8.2
49500000.0,1,4,4,166,4,2850.0,8.0
58500000.0,0,4,3,166,4,2850.0,12.3
19000000.0,0,3,2,166,4,2850.0,10.0
19500000.0,0,2,1,166,6,2850.0,10.0
15000000.0,1,3,2,166,4,1800.0,11.5
38000000.0,1,4,4,50,6,2850.0,17.0
11800000.0,0,3,2,61,4,2850.0,13.5
28500000.0,0,3,2,61,4,2850.0,10.0
28500000.0,1,2,1,166,4,2850.0,9.9
6400000.0,1,2,1,166,6,2850.0,10.0
41500000.0,1,3,2,98,4,2850.0,7.5
19500000.0,1,3,1,166,4,2850.0,8.6
29000000.0,1,5,2,166,4,2850.0,10.0
14500000.0,1,6,6,61,4,2850.0,15.0
16500000.0,1,4,4,61,4,2850.0,16.5
16000000.0,0,1,1,105,4,2850.0,48.0
21800000.0,0,4,4,166,4,2850.0,6.5
37600000.0,0,5,5,166,4,2850.0,80.0
12500000.0,0,3,1,166,4,2850.0,7.7
26000000.0,0,4,2,166,4,2850.0,6.0
7500000.0,0,2,1,166,4,2850.0,8.0
21000000.0,0,5,1,166,4,2850.0,10.0
13900000.0,0,2,1,133,4,2850.0,6.25
36000000.0,0,1,1,166,4,2850.0,21.0
9500000.0,0,3,1,166,4,2850.0,8.0
21000000.0,0,5,2,166,4,2850.0,10.0
17000000.0,0,3,1,166,4,2850.0,10.0
5900000.0,0,2,1,133,4,2850.0,5.8
17000000.0,0,3,1,166,4,2850.0,13.0
16000000.0,0,4,2,166,4,2850.0,3.0
16800000.0,1,3,3,113,4,2850.0,11.0
9000000.0,0,3,2,166,4,1400.0,6.5
45000000.0,0,3,3,61,4,2600.0,40.0
28500000.0,1,3,2,166,4,2850.0,8.5
14000000.0,1,3,2,166,4,2850.0,4.0
13500000.0,0,2,2,166,4,2850.0,3.5
24000000.0,1,5,3,166,4,2850.0,7.0
21000000.0,0,2,2,166,4,2850.0,8.0
52500000.0,0,4,3,166,4,3250.0,8.5
3500000.0,0,1,1,166,4,2850.0,2.5
48000000.0,1,5,3,133,4,2850.0,20.0
220000000.0,1,5,4,32,4,2850.0,10.0
21000000.0,1,3,2,166,4,2850.0,8.0
22500000.0,1,3,2,166,4,1380.0,9.8
35000000.0,1,5,3,166,4,2850.0,8.0
9200000.0,1,3,1,166,4,2850.0,10.0
70000000.0,1,3,3,166,4,2850.0,10.0
23500000.0,0,3,2,166,4,1450.0,7.0
16000000.0,1,3,2,166,4,2850.0,7.0
37000000.0,0,5,3,166,4,2850.0,6.0
27500000.0,1,5,2,84,6,2850.0,6.0
26000000.0,1,4,2,166,4,2850.0,6.0
27000000.0,1,3,2,50,6,2850.0,21.0
28000000.0,1,3,2,50,6,2850.0,9.3
59000000.0,1,4,3,166,4,3700.0,8.0
23000000.0,0,3,1,166,4,2850.0,10.0
6000000.0,1,1,1,166,4,2850.0,3.5
35500000.0,0,4,2,166,4,2150.0,6.5
25000000.0,0,5,2,166,4,2850.0,4.0
10500000.0,1,2,2,50,6,2850.0,8.5
24500000.0,1,2,3,166,4,2850.0,5.0
23000000.0,1,4,2,166,4,2850.0,7.0
39000000.0,0,4,3,8,4,3400.0,8.0
14000000.0,1,2,1,166,4,2850.0,9.5
32000000.0,1,4,2,166,4,2850.0,9.0
300000000.0,1,5,4,31,4,2850.0,12.8
37500000.0,0,5,5,166,4,2850.0,10.0
22000000.0,1,3,2,166,4,2850.0,5.0
13500000.0,0,2,1,166,4,2850.0,9.5
7000000.0,1,1,1,166,4,2850.0,5.5
21000000.0,1,3,2,166,4,2850.0,15.3
37500000.0,0,4,3,166,4,2800.0,11.0
43000000.0,0,4,3,166,4,2950.0,6.0
145000000.0,1,4,3,166,4,2850.0,16.0
40000000.0,0,4,2,157,6,2850.0,13.0
118000000.0,0,4,3,166,4,3000.0,23.5
50000000.0,0,5,3,166,4,2850.0,3.5
54000000.0,0,7,6,166,4,2850.0,20.5
50000000.0,0,9,9,142,4,2850.0,5.05
36000000.0,1,3,1,166,4,2850.0,10.68
28000000.0,0,6,2,138,6,2850.0,40.0
59000000.0,1,4,1,166,4,2850.0,20.0
17000000.0,1,2,1,166,4,2850.0,3.8
33000000.0,1,5,3,166,4,3500.0,20.0
37000000.0,1,1,1,50,6,2850.0,19.0
150000000.0,1,5,3,166,4,4850.0,64.0
35000000.0,0,3,2,166,4,2850.0,9.5
100000000.0,1,5,3,166,6,6500.0,168.0
38000000.0,1,5,2,166,4,2850.0,8.25
29000000.0,0,4,2,166,4,2850.0,6.0
85000000.0,0,6,4,166,4,4000.0,12.0
29500000.0,0,3,3,166,4,2850.0,7.0
79000000.0,0,5,4,166,4,2850.0,15.7
80000000.0,0,10,10,166,4,8500.0,10.0
120000000.0,0,4,2,33,4,2850.0,7.5
50000000.0,0,4,2,166,4,2850.0,15.0
24000000.0,0,2,1,166,4,2850.0,6.0
49500000.0,1,4,2,166,4,2850.0,21.6
34000000.0,1,3,2,166,4,2850.0,6.0
50000000.0,1,4,3,166,4,2000.0,13.85
40000000.0,1,4,2,166,4,2850.0,12.5
26000000.0,0,4,2,166,4,2850.0,11.0
42500000.0,1,4,3,166,4,2200.0,8.2
23000000.0,1,4,3,166,4,2850.0,8.0
45000000.0,0,1,1,166,4,2850.0,11.27
250000000.0,0,3,2,34,4,2850.0,19.1
46000000.0,0,6,3,166,4,2850.0,15.0
95000000.0,0,2,1,36,4,2850.0,2.0
90000000.0,0,5,4,166,4,2850.0,8.5
39500000.0,1,1,1,166,4,2850.0,19.5
110000000.0,0,6,5,166,4,2850.0,15.2
170000000.0,1,8,5,166,4,5369.0,10.37
55000000.0,1,5,3,166,4,3287.0,11.2
120000000.0,1,3,3,166,4,2850.0,13.0
200000000.0,1,4,2,35,4,2850.0,7.37
43000000.0,0,3,2,166,4,2850.0,6.0
20000000.0,1,4,2,166,4,2850.0,7.0
150000000.0,1,4,4,32,4,4000.0,6.62
43000000.0,1,5,5,166,4,2850.0,5.5
28000000.0,1,3,2,166,4,1800.0,11.5
45000000.0,1,5,4,166,6,2850.0,13.5
43000000.0,1,5,4,166,4,2850.0,22.0
85000000.0,1,3,5,166,4,2850.0,6.0
47000000.0,0,3,2,166,4,2850.0,16.0
350000000.0,1,5,4,31,4,5000.0,18.38
35000000.0,0,3,2,166,4,2850.0,11.0
28000000.0,0,3,1,166,4,2850.0,20.0
17500000.0,0,3,2,166,4,2850.0,10.0
75000000.0,1,4,3,166,4,2850.0,16.0
300000000.0,1,1,1,32,4,2850.0,16.34
54000000.0,1,4,3,15,4,2850.0,6.0
55000000.0,1,4,4,166,4,2850.0,15.0
120000000.0,1,4,2,166,4,2850.0,25.75
130000000.0,0,4,2,166,4,2850.0,20.0
15000000.0,1,5,5,29,4,2850.0,8.05
68000000.0,0,4,3,166,4,2850.0,15.8
135000000.0,0,4,4,166,4,2850.0,20.0
55000000.0,1,1,1,33,4,2850.0,10.49
49000000.0,1,1,1,166,4,2850.0,24.5
25000000.0,0,3,2,166,4,2850.0,7.0
23000000.0,0,6,3,166,4,2850.0,6.0
175000000.0,0,4,4,166,4,2850.0,17.4
47500000.0,0,3,2,166,4,2850.0,6.0
40000000.0,0,4,2,166,4,2850.0,7.0
97000000.0,1,5,2,166,4,2850.0,17.9
23500000.0,0,3,2,166,4,2057.0,14.3
26000000.0,1,4,2,84,6,2750.0,14.0
115000000.0,1,5,2,75,6,5050.0,18.5
500000000.0,0,5,5,35,4,2850.0,25.5
45000000.0,1,4,3,166,4,2600.0,8.0
32000000.0,1,3,1,166,4,2850.0,10.0
85000000.0,0,4,2,33,4,2850.0,13.3
42000000.0,1,7,5,166,4,3291.0,17.0
71000000.0,1,1,1,166,4,2850.0,23.4
28500000.0,0,4,4,166,4,3200.0,12.0
180000000.0,1,6,5,32,4,3828.0,10.0
75000000.0,1,4,3,157,6,2850.0,21.0
38000000.0,0,9,6,166,4,4500.0,9.4
28000000.0,0,4,4,29,4,1360.0,7.0
45000000.0,1,5,4,166,4,2850.0,18.5
60000000.0,0,6,3,166,4,2850.0,13.0
25000000.0,1,4,3,166,4,1590.0,10.5
55000000.0,1,5,4,166,4,3192.0,17.5
55000000.0,1,5,2,166,6,2850.0,22.0
37000000.0,0,3,2,157,6,2000.0,6.75
24000000.0,0,4,3,166,4,2850.0,6.53
65000000.0,1,5,5,166,4,2042.0,7.5
350000000.0,0,5,4,166,4,2850.0,92.0
160000000.0,1,1,1,166,4,2850.0,43.52
440000000.0,1,10,10,122,17,2850.0,101.0
49000000.0,0,4,2,166,4,2850.0,26.0
49000000.0,1,1,1,166,4,2850.0,20.0
190000000.0,1,6,2,166,4,2850.0,53.0
39000000.0,0,4,2,166,4,2850.0,10.0
45000000.0,1,2,1,166,4,2850.0,18.0
95000000.0,0,5,5,166,4,2850.0,16.0
85000000.0,1,5,3,166,4,2850.0,8.5
140000000.0,1,4,2,33,4,2850.0,18.3
165000000.0,1,4,3,166,4,2850.0,28.5
129000000.0,0,6,4,166,4,2850.0,11.25
35000000.0,1,7,6,50,6,2850.0,14.0
58000000.0,0,5,4,166,4,2850.0,12.3
450000000.0,0,4,1,36,4,2850.0,15.0
37500000.0,1,5,3,166,4,2850.0,9.3
98000000.0,1,6,7,166,4,2850.0,10.8
33000000.0,1,5,3,61,4,2850.0,8.5
65000000.0,1,4,1,166,4,2734.08,10.0
36000000.0,0,4,3,166,4,2600.0,7.0
17000000.0,0,10,9,33,4,12000.0,26.4
44500000.0,1,3,3,166,4,1800.0,6.5
48000000.0,1,4,4,166,4,2800.0,10.5
49500000.0,1,4,4,166,4,3500.0,10.0
65000000.0,1,4,3,13,9,5000.0,45.0
70000000.0,1,3,3,166,4,2000.0,7.2
26000000.0,1,3,2,166,4,2850.0,6.1
48000000.0,1,5,4,166,4,3700.0,15.0
70000000.0,1,5,3,166,4,2800.0,10.5
89000000.0,1,6,4,166,4,3200.0,20.0
41000000.0,1,4,4,152,22,2850.0,9.0
26500000.0,1,3,2,166,4,1500.0,7.4
105000000.0,1,4,4,166,4,4000.0,8.0
225000000.0,0,10,10,37,4,2850.0,12.0
114800000.0,0,4,4,166,4,5930.0,15.0
188000000.0,1,3,4,166,4,4250.0,10.0
170000000.0,0,5,3,166,4,3800.0,20.0
149300000.0,1,5,4,33,4,2850.0,7.8
62000000.0,1,5,3,166,4,3000.0,10.24
161000000.0,1,4,3,166,4,3800.0,32.0
170000000.0,1,5,4,166,4,6500.0,20.5
71000000.0,1,4,3,166,4,3800.0,6.0
80000000.0,1,5,4,166,4,4000.0,10.0
139300000.0,0,5,4,166,4,4017.0,38.31
175000000.0,1,4,4,166,4,4000.0,18.0
18000000.0,1,3,2,166,4,2850.0,10.0
49500000.0,1,4,5,166,4,2850.0,6.0
62500000.0,1,4,4,166,4,2850.0,8.0
70000000.0,1,4,2,166,4,2400.0,5.7
45000000.0,0,4,4,166,4,2850.0,14.0
45000000.0,0,4,4,166,4,2850.0,14.0
38500000.0,0,4,3,166,4,2850.0,10.0
280000000.0,1,3,3,35,4,3003.0,11.0
31000000.0,1,4,3,166,4,2850.0,6.0
300000000.0,0,3,3,32,4,3500.0,16.4
280000000.0,1,6,6,27,4,2850.0,27.28
70000000.0,0,3,2,76,10,2850.0,48.0
28500000.0,1,4,3,166,4,2850.0,7.0
45000000.0,0,4,2,166,4,2850.0,11.0
120000000.0,0,5,5,126,9,2850.0,28.0
65000000.0,0,4,3,121,4,2500.0,19.5
13000000.0,0,3,1,166,4,2850.0,10.0
13500000.0,0,3,2,61,4,2850.0,10.0
140000000.0,1,4,3,147,4,3000.0,50.2
19500000.0,0,3,2,105,4,2850.0,19.5
17000000.0,1,3,1,105,4,2850.0,6.5
45000000.0,1,5,2,61,4,2850.0,10.0
10800000.0,1,3,1,156,13,2850.0,17.5
22500000.0,1,4,2,166,4,2850.0,10.0
83200000.0,0,5,2,48,5,2850.0,208.0
39500000.0,1,6,3,93,20,2850.0,10.0
12090000.0,1,1,1,44,20,2850.0,39.0
11000000.0,1,3,2,109,6,2850.0,21.0
3500000.0,1,1,1,50,6,2850.0,20.0
25000000.0,0,6,6,7,11,5609.0,36.22
20000000.0,0,3,2,166,4,2850.0,8.5
25000000.0,0,3,3,166,4,2850.0,7.0
31000000.0,1,4,2,166,4,2850.0,16.0
50000000.0,1,4,2,166,4,3000.0,15.0
18500000.0,0,3,1,61,4,2850.0,10.0
10500000.0,0,1,1,112,16,2850.0,30.0
25000000.0,1,3,1,84,6,2850.0,16.0
5500000.0,0,2,1,50,6,2850.0,12.0
22500000.0,0,1,1,2,13,2850.0,60.0
40000000.0,0,3,1,84,6,2850.0,10.0
27000000.0,1,3,2,50,6,2850.0,14.3
19800000.0,0,3,2,50,6,2850.0,34.8
9800000.0,1,3,2,50,6,2850.0,16.0
14500000.0,1,3,1,50,6,2850.0,12.5
13000000.0,0,4,1,110,6,2850.0,59.0
2000000.0,0,2,1,97,2,2850.0,1.5
4000000.0,0,3,1,97,2,2850.0,1.5
6300000.0,0,2,1,50,6,2850.0,30.0
1700000.0,1,3,1,97,2,2850.0,1.0
10500000.0,0,3,1,166,4,2850.0,20.0
13500000.0,0,3,1,61,4,2850.0,10.0
4400000.0,0,3,1,50,6,2850.0,15.0
13000000.0,0,5,1,50,6,2850.0,11.0
18500000.0,1,5,3,166,4,2850.0,10.0
44000000.0,1,4,4,166,4,2950.0,9.16
7000000.0,0,1,1,76,10,2850.0,6.75
26000000.0,1,3,2,166,4,2850.0,6.1
30000000.0,0,5,3,76,10,2850.0,8.0
23500000.0,0,3,2,166,4,2850.0,11.0
37500000.0,1,4,3,166,4,2850.0,6.8
37500000.0,1,4,3,166,4,2850.0,7.1
19500000.0,1,3,2,61,4,2850.0,7.0
14000000.0,1,3,1,61,4,2850.0,13.0
19500000.0,1,4,1,166,4,1400.0,10.0
16000000.0,0,4,2,73,9,2850.0,74.0
9500000.0,1,3,2,62,9,2850.0,12.0
35000000.0,1,4,3,166,4,2850.0,10.11
6300000.0,1,2,1,50,6,2850.0,5.2
53000000.0,0,6,3,76,10,7000.0,20.0
17000000.0,1,6,2,126,9,2850.0,10.0
12500000.0,0,4,1,166,9,2850.0,16.5
22500000.0,0,3,1,113,4,2850.0,8.65
8000000.0,1,1,1,73,9,2850.0,34.0
16000000.0,1,4,1,126,9,1400.0,11.0
25000000.0,1,7,2,126,9,2850.0,10.0
13000000.0,1,3,1,126,9,2850.0,10.0
25000000.0,1,4,3,126,9,2850.0,20.5
22275000.0,0,3,1,126,9,2850.0,16.5
10000000.0,1,3,1,126,9,2850.0,7.45
13500000.0,1,3,1,73,9,2850.0,16.5
16000000.0,1,3,2,166,9,2850.0,14.03
38000000.0,1,6,3,166,4,2850.0,30.0
110000000.0,1,1,1,142,4,2850.0,22.8
6400000.0,1,2,1,73,9,2850.0,10.0
7800000.0,1,2,1,73,9,2850.0,13.0
6800000.0,1,2,1,73,9,2850.0,10.0
8500000.0,0,3,1,73,9,2850.0,15.5
15000000.0,1,4,2,73,9,2850.0,10.0
12000000.0,0,3,1,166,9,2850.0,20.0
45000000.0,1,5,3,126,9,4000.0,10.0
6400000.0,1,2,1,126,9,2850.0,10.0
17000000.0,1,5,1,126,9,2500.0,12.75
29000000.0,1,5,2,6,1,2850.0,5.0
20000000.0,1,4,2,57,7,2850.0,52.0
49000000.0,1,6,5,166,4,2850.0,11.0
57500000.0,1,6,6,166,4,2850.0,5.7
50000000.0,1,2,1,166,4,2850.0,11.0
80000000.0,1,5,3,166,4,3800.0,10.0
75000000.0,1,6,4,166,4,3750.0,8.0
67500000.0,1,2,1,166,4,2350.0,6.25
60000000.0,1,4,2,166,4,2540.0,11.0
61000000.0,1,4,3,166,4,2850.0,7.63
50000000.0,1,3,2,166,4,2350.0,7.0
60000000.0,1,5,5,166,4,2950.0,8.0
50000000.0,1,4,4,166,4,2850.0,9.57
118000000.0,1,4,5,166,4,4500.0,7.5
50000000.0,1,4,4,166,4,3100.0,8.0
45000000.0,1,4,4,166,4,2500.0,5.8
43000000.0,0,3,2,166,4,2350.0,6.17
55000000.0,0,3,1,166,4,2850.0,14.0
15000000.0,0,2,1,92,13,1700.0,64.0
12000000.0,0,1,1,57,7,2850.0,58.0
7000000.0,1,2,1,57,7,2850.0,22.0
2600000.0,0,1,1,112,16,2850.0,20.0
14500000.0,1,4,1,92,13,2850.0,23.0
29000000.0,1,5,2,92,13,2850.0,20.0
4800000.0,1,2,1,92,13,2850.0,23.0
16000000.0,0,1,1,90,13,2850.0,54.0
12800000.0,0,2,1,166,6,1100.0,8.0
15000000.0,1,2,1,50,6,2850.0,10.0
8900000.0,0,6,1,148,16,2850.0,1.5
17000000.0,1,4,2,73,9,2850.0,10.9
75000000.0,0,1,1,126,9,2850.0,50.0
20000000.0,0,3,1,13,9,2850.0,12.5
16500000.0,0,3,2,126,9,2850.0,11.5
16500000.0,0,4,2,166,9,2850.0,12.0
7000000.0,0,4,2,126,9,2850.0,12.5
8300000.0,0,3,1,126,9,2850.0,9.7
2200000.0,1,2,1,112,16,2850.0,20.0
2200000.0,0,3,1,146,7,2850.0,20.0
2600000.0,1,2,1,17,7,2850.0,30.0
2300000.0,1,2,1,146,7,2850.0,20.0
15000000.0,0,1,1,17,7,2850.0,3.0
6000000.0,0,3,1,44,20,2850.0,25.0
11500000.0,0,6,2,4,7,2850.0,16.0
11000000.0,0,4,1,166,2,2850.0,31.0
21500000.0,1,5,2,101,15,2850.0,15.5
45000000.0,1,5,4,139,4,2410.0,11.8
100000000.0,1,5,4,166,4,3500.0,16.7
140000000.0,0,1,1,101,15,2850.0,30.0
215000000.0,0,1,1,101,15,2850.0,5.0
8000000.0,0,4,1,92,13,2850.0,15.0
12000000.0,0,1,1,76,10,2850.0,13.0
15500000.0,0,4,1,76,10,2850.0,20.0
180000000.0,0,1,1,76,10,2850.0,16.0
26500000.0,0,4,2,101,15,2850.0,11.0
280000000.0,1,4,1,101,15,2850.0,12.5
9000000.0,0,2,1,101,15,2850.0,11.5
11500000.0,0,1,1,101,15,2850.0,11.0
7500000.0,0,1,1,138,6,2850.0,11.0
2600000.0,0,2,1,100,14,2850.0,30.0
13500000.0,0,6,5,101,15,2850.0,22.0
6000000.0,0,2,1,101,15,2850.0,10.0
60000000.0,0,8,1,111,15,2850.0,11.0
5500000.0,0,3,1,146,7,2850.0,40.0
6900000.0,0,1,1,101,15,2850.0,11.0
8000000.0,0,2,1,48,5,2850.0,29.0
3000000.0,0,2,1,62,9,2850.0,11.0
85000000.0,1,1,1,92,13,2850.0,83.0
7500000.0,0,3,1,166,4,2850.0,25.42
14500000.0,0,1,1,101,15,2850.0,60.0
19500000.0,1,3,1,166,4,2850.0,11.0
27800000.0,1,3,3,166,4,1650.0,8.5
5000000.0,0,4,1,92,13,2850.0,1.0
8000000.0,0,2,1,50,6,2850.0,12.0
6500000.0,0,1,1,76,10,2850.0,12.0
160000000.0,0,3,1,50,6,2850.0,10.0
65000.0,0,2,2,166,4,2850.0,11.0
21000000.0,0,3,1,166,4,2850.0,3.0
39000000.0,1,4,3,166,4,2850.0,10.0
65000000.0,0,3,2,166,4,2850.0,10.0
27000000.0,1,3,1,166,4,2850.0,16.0
39000000.0,0,4,2,33,4,2850.0,8.0
49000000.0,0,5,3,33,4,2850.0,11.0
25000000.0,0,5,2,166,4,2850.0,6.5
40000000.0,0,1,1,73,9,2850.0,8.6
6615000.0,0,1,1,119,6,2850.0,13.5
8300000.0,0,3,1,166,6,2850.0,11.0
28500000.0,1,4,2,50,6,2850.0,16.0
8500000.0,1,2,1,73,9,2850.0,11.0
20000000.0,0,1,1,157,6,2419.0,20.0
31000000.0,1,2,2,50,6,2419.0,7.63
30000000.0,0,1,1,48,5,2850.0,23.0
2300000.0,0,1,1,100,14,2850.0,80.0
80000000.0,0,1,1,73,9,2850.0,11.0
9000000.0,1,5,1,101,15,2850.0,9.0
25000000.0,0,2,2,166,4,2850.0,20.0
7000000.0,0,1,1,76,10,2850.0,10.0
350000000.0,0,10,3,14,2,2850.0,11.0
18500000.0,1,2,1,66,6,2850.0,15.0
8000000.0,0,2,2,48,5,2850.0,29.0
18000000.0,0,2,1,166,4,1150.0,10.3
12000000.0,0,4,2,101,15,2850.0,320.0
9500000.0,0,3,2,100,14,2850.0,80.0
24500000.0,0,5,2,76,10,2850.0,10.6
8500000.0,1,4,2,92,13,2850.0,40.0
12500000.0,0,2,1,166,10,2850.0,15.0
19000000.0,1,3,1,8,4,2850.0,10.0
90000000.0,0,5,5,166,4,6000.0,26.0
56000000.0,1,4,3,166,4,2450.0,8.5
200000000.0,0,1,1,114,13,2850.0,20.0
28800000.0,1,3,2,166,4,1650.0,9.5
28500000.0,1,3,2,166,4,2850.0,10.0
26500000.0,1,3,3,166,4,1400.0,9.7
13500000.0,0,3,2,166,4,2850.0,11.0
5800000.0,0,3,1,166,4,2850.0,12.5
13500000.0,0,3,2,105,4,2850.0,8.5
12000000.0,0,3,1,166,4,2850.0,8.5
11500000.0,0,3,1,166,4,2850.0,10.0
12000000.0,0,3,1,166,4,2850.0,8.5
19000000.0,0,3,1,166,4,2850.0,12.0
18500000.0,0,3,1,166,4,2850.0,10.0
3300000.0,0,3,1,163,16,2850.0,40.0
7000000.0,0,1,1,166,4,2850.0,6.0
4500000.0,0,1,1,166,4,2850.0,8.0
8500000.0,0,1,1,166,4,2850.0,8.0
15500000.0,0,1,1,105,4,2850.0,35.0
12500000.0,0,1,1,166,4,2850.0,10.0
3800000.0,0,1,1,166,4,2850.0,16.0
22500000.0,0,1,1,166,4,2850.0,8.0
12800000.0,0,3,1,166,4,2850.0,8.0
16500000.0,0,5,3,166,4,2850.0,10.0
16500000.0,0,3,2,166,4,2850.0,7.0
32000000.0,0,5,4,166,4,2850.0,9.5
11500000.0,0,1,1,166,4,2850.0,11.0
6500000.0,0,3,1,166,4,2850.0,10.0
31000000.0,0,4,4,166,4,2850.0,14.0
11500000.0,0,1,1,166,4,2850.0,11.0
22500000.0,0,1,1,166,4,2850.0,11.0
65000000.0,0,5,2,166,4,2850.0,11.0
18000000.0,1,5,3,166,4,2850.0,6.0
27500000.0,1,3,2,76,10,1500.0,26.0
28000000.0,1,3,2,166,4,2500.0,15.0
25000000.0,1,3,3,122,17,2970.0,11.0
35000000.0,1,7,3,166,4,3300.0,8.87
26500000.0,1,3,1,166,4,2850.0,10.0
33000000.0,1,7,2,166,4,2500.0,19.0
25000000.0,0,3,3,166,4,2500.0,11.6
39000000.0,1,5,2,166,4,2315.0,10.0
25500000.0,1,4,2,166,6,1600.0,104.0
70200000.0,1,6,2,166,4,2850.0,26.0
45000000.0,1,2,1,166,4,2850.0,12.0
155000000.0,1,6,6,166,4,2850.0,14.8
11200000.0,0,3,1,50,6,2850.0,7.5
30000.0,0,3,1,79,11,2850.0,11.0
32500000.0,0,5,3,166,6,2850.0,12.5
8326800.0,0,1,1,48,5,2850.0,11.0
110000000.0,0,4,4,166,4,5000.0,20.0
180000000.0,0,6,5,166,4,3828.0,10.0
20000000.0,0,2,2,142,4,2850.0,11.0
105000000.0,1,8,3,166,4,2850.0,17.5
60000000.0,0,5,5,166,4,3000.0,8.7
13500000.0,0,2,1,166,4,2850.0,6.5
48000000.0,0,2,1,41,4,6000.0,8.5
158000000.0,0,5,5,32,4,6500.0,10.0
110000000.0,1,6,4,166,4,3437.0,11.0
55000000.0,0,4,3,139,4,2300.0,7.7
79550000.0,0,9,8,166,4,3000.0,14.5
44000000.0,0,4,2,121,4,1390.0,6.25
28000000.0,0,3,3,41,4,2850.0,5.5
62000000.0,0,4,2,34,4,2800.0,11.0
90000000.0,0,5,5,166,4,3820.0,10.1
56500000.0,0,4,2,166,4,2400.0,12.5
119000000.0,0,4,3,166,4,3000.0,20.0
16000000.0,0,3,3,166,4,2850.0,2.8
54000000.0,0,3,2,166,4,2850.0,12.0
25000000.0,1,3,2,166,4,2850.0,11.0
48500000.0,1,4,3,166,4,500.0,14.0
19000000.0,0,3,1,166,4,2850.0,11.0
70000000.0,0,6,3,166,4,2850.0,13.8
400000000.0,0,5,5,166,4,5500.0,80.0
110000000.0,0,4,4,33,4,2000.0,9.48
30000000.0,1,3,2,166,4,1600.0,10.14
70000000.0,1,3,3,166,4,2850.0,14.0
30000000.0,0,2,1,166,4,2000.0,4.8
12000000.0,0,8,6,34,4,5000.0,11.0
220000000.0,0,4,3,33,4,3900.0,11.0
15000000.0,0,2,2,166,4,840.0,3.5
240000000.0,0,6,5,33,4,3500.0,11.0
60000000.0,0,4,2,166,4,2850.0,7.7
69000000.0,0,5,4,166,4,1350.0,7.7
7000000.0,0,2,1,57,7,2850.0,11.0
33300000.0,0,2,2,101,15,2850.0,11.0
17500000.0,0,3,1,101,15,2850.0,11.0
150000000.0,1,4,3,166,4,3940.0,21.0
33000000.0,0,9,9,112,16,2850.0,80.0
12000000.0,1,3,2,166,4,2850.0,15.0
17500000.0,1,3,1,166,4,2850.0,13.0
34000000.0,1,3,1,166,4,2850.0,10.0
560000000.0,1,3,2,166,4,2500.0,7.65
46000000.0,0,4,3,152,22,2150.0,7.6
35000000.0,1,4,4,166,4,2850.0,8.0
42500000.0,1,4,2,166,4,2850.0,4.0
23000000.0,0,3,1,166,4,2850.0,5.69
48000000.0,1,3,3,166,4,2850.0,11.0
35000000.0,1,1,1,166,4,2850.0,5.9
30000000.0,1,3,2,166,4,2850.0,12.75
14800000.0,0,3,1,166,4,2850.0,10.0
13500000.0,0,3,2,166,4,2850.0,10.0
44500000.0,1,3,3,166,4,1800.0,6.5
4500000.0,1,2,1,73,9,2850.0,10.0
25000000.0,1,3,1,166,4,2850.0,10.0
80000000.0,1,4,2,166,4,2850.0,10.0
26000000.0,0,2,1,166,4,2850.0,7.1
325000000.0,0,2,2,32,4,8000.0,10.5
17500000.0,1,3,2,133,4,2850.0,6.5
46000000.0,1,4,4,166,4,3500.0,3.0
32000000.0,0,3,2,41,4,2850.0,5.0
76000000.0,0,4,2,166,4,3000.0,6.0
78000000.0,1,4,4,166,4,2850.0,11.0
12000000.0,0,2,2,166,4,2850.0,6.0
19500000.0,0,2,1,166,4,2850.0,8.0
42000000.0,0,4,2,166,4,3000.0,12.0
25000000.0,0,4,3,166,4,3000.0,10.0
20300000.0,0,4,2,166,4,3000.0,15.0
30500000.0,0,4,3,166,4,3500.0,10.0
7600000.0,0,3,1,61,4,2850.0,10.0
16500000.0,0,4,1,166,4,2850.0,15.0
16500000.0,0,4,1,121,4,2850.0,6.5
13500000.0,0,4,1,61,4,2850.0,10.0
7500000.0,0,2,1,61,4,2850.0,12.6
8500000.0,0,2,1,166,4,2850.0,6.4
16500000.0,0,3,1,61,4,2850.0,12.5
25000000.0,0,3,2,166,4,2850.0,10.0
13000000.0,0,3,1,105,4,2850.0,10.0
10300000.0,0,3,1,105,4,2850.0,8.0
7000000.0,0,3,1,105,4,2850.0,10.0
19500000.0,0,3,2,61,4,2850.0,8.0
19500000.0,0,3,2,61,4,2850.0,8.6
10000000.0,0,2,1,61,4,2850.0,13.65
18500000.0,0,3,2,166,4,2850.0,9.0
17500000.0,0,3,2,8,4,1070.0,11.0
37500000.0,1,5,4,166,4,3000.0,10.0
39000000.0,1,2,1,166,4,2850.0,18.1
185000000.0,1,6,2,166,4,2850.0,16.3
40000000.0,0,3,2,166,4,1350.0,6.0
28500000.0,0,5,4,50,6,2850.0,11.0
170000000.0,0,5,5,166,4,2850.0,20.0
14000000.0,0,3,2,166,6,1010.0,5.05
172000000.0,0,5,4,166,4,2850.0,15.21
75000000.0,0,6,4,166,4,2850.0,10.0
32000000.0,0,4,1,157,6,2850.0,6.5
85000000.0,0,7,6,33,4,4500.0,8.3
97000000.0,1,1,1,166,4,3428.0,13.7
46500000.0,0,5,3,166,4,2750.0,10.0
85000000.0,0,5,7,50,6,5000.0,12.75
270000000.0,0,6,2,27,4,8000.0,27.0
31000000.0,0,4,2,166,4,2850.0,6.5
65000000.0,0,5,5,157,6,3000.0,10.0
86000000.0,0,4,3,41,4,3700.0,7.0
140000000.0,0,4,4,166,4,2800.0,11.0
145000000.0,0,4,3,33,4,2850.0,11.0
95000000.0,0,5,3,166,4,4200.0,20.0
260000000.0,0,9,6,33,4,4500.0,11.0
185000000.0,0,4,3,32,4,2850.0,11.0
107000000.0,0,6,4,34,4,2850.0,11.0
1000000.0,0,3,2,33,4,2850.0,20.0
52500000.0,0,4,3,76,10,2850.0,32.0
28000000.0,0,4,3,76,10,2850.0,9.0
9800000.0,1,4,1,76,10,2850.0,10.0
32500000.0,0,5,3,76,10,2850.0,11.0
8500000.0,0,3,1,76,10,2850.0,17.0
39000000.0,0,2,1,76,10,2850.0,16.0
5000000.0,0,1,1,76,10,2850.0,9.7
19500000.0,0,4,2,76,10,2850.0,10.0
9800000.0,0,4,2,76,10,2850.0,10.0
28000000.0,0,3,1,76,10,2850.0,17.0
37500000.0,0,5,3,76,10,2850.0,11.0
45000000.0,0,4,2,76,10,2850.0,20.0
11500000.0,0,2,2,76,10,2850.0,23.0
29000000.0,0,1,1,76,10,2850.0,20.0
14500000.0,0,1,1,76,10,2850.0,11.0
13500000.0,0,1,1,76,10,2850.0,11.0
9300000.0,0,2,1,76,10,2850.0,13.5
14500000.0,0,2,1,166,10,2850.0,11.0
58000000.0,0,5,3,76,10,2850.0,10.0
22500000.0,0,5,4,76,10,2850.0,65.0
47500000.0,0,4,2,76,10,2850.0,27.0
17500000.0,0,3,2,166,10,2850.0,12.0
28500000.0,0,4,2,76,10,2850.0,16.5
65000000.0,0,4,4,166,4,3000.0,6.0
26000000.0,1,6,2,50,6,2850.0,13.5
35000000.0,1,3,2,8,4,2000.0,7.0
55000000.0,1,3,3,166,4,1633.0,11.0
98000000.0,0,5,3,41,4,5639.0,23.36
19500000.0,1,5,2,166,10,2850.0,19.5
7000000.0,0,1,1,162,4,2850.0,3.8
35000000.0,0,3,2,166,4,2850.0,11.0
25000000.0,0,3,2,87,4,2850.0,11.0
16500000.0,0,3,2,73,9,2850.0,10.0
25000000.0,1,2,1,50,6,2850.0,10.0
17000000.0,1,2,2,50,6,2850.0,16.0
4600000.0,0,3,1,50,6,2850.0,11.0
9500000.0,1,3,1,61,4,2850.0,6.0
10800000.0,1,3,1,166,4,2850.0,6.3
20000000.0,1,3,2,8,4,1250.0,6.0
70000000.0,1,5,4,147,4,4700.0,14.5
59000000.0,1,4,4,147,4,3000.0,10.0
65000000.0,0,4,4,15,4,3000.0,8.0
69000000.0,0,4,3,41,4,3000.0,7.5
45000000.0,0,5,3,76,10,2850.0,19.5
133000000.0,1,4,3,139,4,4500.0,13.0
135000000.0,1,4,3,139,4,5000.0,10.0
210000000.0,1,6,6,166,4,6670.0,35.0
59500000.0,1,5,4,166,4,3400.0,12.12
52000000.0,0,5,2,166,4,2800.0,10.0
135000000.0,1,4,5,166,4,4500.0,9.0
67500000.0,0,5,4,147,4,4000.0,10.0
80000000.0,1,4,3,15,4,3000.0,13.2
60000000.0,0,4,3,166,4,4000.0,15.0
120000000.0,0,7,6,139,4,5000.0,15.0
75000000.0,0,5,5,96,4,4500.0,8.5
59000000.0,0,4,3,20,4,3000.0,7.0
39000000.0,0,4,2,8,4,2500.0,7.05
53000000.0,1,3,2,166,4,1432.0,11.0
55000000.0,0,3,3,166,4,2400.0,8.0
58500000.0,0,5,4,166,4,3500.0,8.1
23000000.0,0,3,2,166,4,1600.0,10.32
58000000.0,0,5,4,166,4,3403.0,12.5
67500000.0,1,4,5,128,4,4100.0,10.0
95000000.0,0,4,3,20,4,3900.0,15.0
47500000.0,0,4,3,147,4,3000.0,8.5
94000000.0,0,4,4,166,4,3500.0,7.0
190000000.0,1,5,5,166,4,4600.0,9.03
34000000.0,1,5,3,166,4,2850.0,10.0
42500000.0,0,4,4,98,4,3000.0,5.5
250000000.0,0,4,4,166,4,5000.0,21.0
45000000.0,0,3,3,166,4,2700.0,8.0
53000000.0,0,4,4,98,4,4500.0,13.0
65000000.0,0,5,4,166,4,3000.0,7.0
84000000.0,0,4,4,166,4,4600.0,16.0
125000000.0,0,4,4,166,4,3000.0,10.0
109000000.0,0,4,2,166,4,5000.0,9.0
60000000.0,0,4,3,166,4,2850.0,11.0
85000000.0,1,4,3,166,4,2850.0,8.9
86600000.0,1,5,4,166,4,4200.0,11.4
102000000.0,0,4,4,36,4,3200.0,10.0
61000000.0,1,6,4,166,4,2800.0,6.5
130000000.0,0,5,4,166,4,4000.0,20.0
105000000.0,1,6,2,15,4,3800.0,10.0
110000000.0,1,3,2,139,4,3200.0,10.0
110000000.0,1,4,5,166,4,3000.0,10.0
88000000.0,1,4,3,147,4,4516.0,9.8
200000000.0,1,6,6,121,4,6200.0,28.0
260000000.0,1,4,4,139,4,7000.0,17.3
56000000.0,1,4,3,166,4,3218.0,6.0
60000000.0,1,3,3,166,4,2500.0,9.0
80000000.0,1,4,3,166,4,3000.0,13.2
48000000.0,1,3,3,166,4,1162.0,11.0
160000000.0,1,5,5,32,4,6500.0,10.0
150000000.0,1,2,2,166,4,1268.0,10.0
79000000.0,1,4,3,20,4,5500.0,10.0
70000000.0,1,3,2,36,4,2325.0,7.6
68000000.0,1,4,4,166,4,4000.0,7.0
35500000.0,1,4,2,133,4,2700.0,7.7
85000000.0,1,4,3,166,4,4000.0,12.0
55000000.0,1,4,3,166,4,4000.0,10.0
170000000.0,1,4,3,166,4,3200.0,20.0
88000000.0,0,4,4,121,4,2801.0,8.0
125000000.0,1,7,7,59,2,2850.0,2.91
285000000.0,1,4,4,35,4,5000.0,9.0
37000000.0,1,3,3,75,6,3200.0,6.9
550000000.0,1,4,3,101,15,17400.0,64.0
180000000.0,1,5,5,166,4,6000.0,32.0
85000000.0,1,4,3,126,9,5000.0,12.0
14000000.0,1,3,3,50,6,5462.0,14.5
98000000.0,1,4,3,139,4,2900.0,11.1
290000000.0,1,5,4,166,4,4000.0,12.8
48000000.0,1,4,4,166,4,2800.0,10.5
51000000.0,1,3,2,166,4,3000.0,7.0
89000000.0,1,6,4,166,4,3200.0,20.0
70000000.0,0,4,4,166,4,3981.0,7.0
54000000.0,0,3,4,166,4,2988.0,10.3
75000000.0,1,5,5,166,4,3800.0,6.2
13500000.0,1,2,2,166,4,2850.0,8.5
8700000.0,0,2,1,166,6,2850.0,4.25
10800000.0,0,3,1,64,6,2850.0,8.0
21500000.0,1,4,2,50,6,2850.0,5.8
13500000.0,0,2,1,73,9,2850.0,5.0
16500000.0,0,4,3,138,6,2850.0,10.0
22500000.0,0,4,3,50,6,2850.0,5.0
12000000.0,0,3,1,52,6,2850.0,10.0
27000000.0,0,3,2,50,6,2850.0,7.0
11000000.0,0,3,1,92,13,2850.0,9.5
7500000.0,0,4,1,92,13,2850.0,21.0
120000.0,0,1,1,101,15,2850.0,11.0
50000000.0,1,1,1,101,15,2600.0,17.0
16500000.0,0,3,1,101,15,2850.0,10.0
14000000.0,0,3,1,101,15,2850.0,6.5
110.0,0,4,1,117,6,2850.0,28.0
57500000.0,0,8,2,101,15,2850.0,11.0
22500000.0,0,5,1,74,15,2850.0,10.0
16500000.0,0,2,1,54,4,2850.0,10.0
22500000.0,1,4,2,166,4,2850.0,15.0
9800000.0,0,1,1,166,4,2850.0,6.0
22500000.0,0,5,2,166,4,3000.0,11.0
15500000.0,0,3,1,166,6,1600.0,13.5
42500000.0,0,4,2,166,4,2500.0,12.0
15500000.0,0,3,2,50,6,1600.0,13.5
42500000.0,0,4,2,89,4,2500.0,12.0
35000000.0,1,4,2,61,4,2850.0,11.5
4800000.0,0,3,1,123,4,2850.0,10.5
17500000.0,0,5,4,92,13,3150.0,12.0
11000000.0,1,3,1,92,13,2850.0,11.0
7000000.0,0,3,1,92,13,2850.0,15.0
16500000.0,1,2,1,92,13,2850.0,15.0
12000000.0,1,3,1,166,13,2850.0,18.0
6000000.0,0,2,1,166,6,2850.0,10.0
150000000.0,0,3,1,50,6,2850.0,20.0
24000000.0,0,4,2,50,6,2850.0,11.0
80000000.0,0,5,7,166,6,5000.0,12.75
26500000.0,0,3,1,84,6,2850.0,20.0
8000000.0,0,2,1,154,6,2850.0,14.0
8000000.0,1,3,2,166,4,2850.0,1.5
11000000.0,0,3,1,166,6,2850.0,10.0
33000000.0,0,4,3,39,19,2850.0,191.0
4500000.0,0,1,1,50,6,2850.0,2.5
34000000.0,0,4,2,64,6,2850.0,11.0
12000000.0,0,3,1,75,6,2850.0,9.0
38000000.0,0,5,4,138,6,2850.0,8.0
8000000.0,0,3,1,50,6,2850.0,10.0
13500000.0,0,4,2,50,6,2850.0,10.5
9000000.0,0,2,1,157,6,2850.0,7.6
40000000.0,1,4,1,64,6,2850.0,59.0
10500000.0,1,5,1,166,6,2850.0,6.0
18000000.0,0,1,1,166,4,2850.0,22.0
6500000.0,0,2,1,50,6,2850.0,15.0
11000000.0,0,3,1,166,6,2850.0,15.0
8500000.0,0,2,1,66,6,2850.0,8.0
14000000.0,0,3,1,66,6,2850.0,13.85
14000000.0,0,4,3,166,6,2850.0,8.0
8800000.0,0,1,1,66,6,2850.0,6.0
11000000.0,0,2,2,138,6,2850.0,13.5
13000000.0,0,3,1,50,6,2850.0,6.0
12000000.0,0,2,1,138,6,2850.0,13.5
9000000.0,0,3,1,75,6,2850.0,11.0
6500000.0,0,3,1,138,6,2850.0,20.0
18500000.0,0,3,1,138,6,2850.0,20.0
15500000.0,0,4,3,138,6,2850.0,10.0
10000000.0,0,2,1,138,6,2850.0,11.0
14000000.0,0,3,1,138,6,2850.0,13.0
16000000.0,0,3,1,50,6,2850.0,11.0
24500000.0,1,2,1,138,6,2850.0,10.0
11000000.0,0,3,1,50,6,2850.0,10.0
8500000.0,0,2,1,138,6,2850.0,8.2
11000000.0,1,1,1,138,6,2850.0,11.0
13500000.0,1,3,3,166,4,2850.0,82.0
14500000.0,0,2,1,138,6,2850.0,7.0
22000000.0,0,3,2,50,6,2850.0,11.0
37000000.0,1,6,4,166,4,2850.0,8.5
19800000.0,1,3,1,166,4,2850.0,10.0
10000000.0,0,2,1,8,4,2850.0,10.0
14500000.0,1,3,2,8,4,2850.0,9.5
16000000.0,1,3,1,166,4,2850.0,8.0
17500000.0,0,4,2,157,6,2850.0,12.0
5500000.0,0,2,1,28,4,2850.0,4.0
4500000.0,0,2,1,50,6,2850.0,5.0
11000000.0,0,3,2,50,6,2850.0,5.0
11500000.0,0,2,1,50,6,2850.0,9.4
7500000.0,0,2,1,50,6,2850.0,4.5
38000000.0,0,4,3,157,6,2850.0,10.0
16000000.0,0,3,2,152,22,2850.0,9.5
4800000.0,0,2,1,50,6,2850.0,5.0
7000000.0,0,2,1,50,6,2850.0,4.5
12000000.0,0,3,1,50,6,2850.0,5.0
33000000.0,0,3,2,50,6,2850.0,6.7
11500000.0,0,2,1,50,6,2850.0,5.0
15500000.0,0,2,1,50,6,2850.0,6.5
10500000.0,0,3,2,50,6,2850.0,3.0
64000000.0,0,4,2,157,6,2850.0,11.0
13000000.0,0,3,1,152,22,2850.0,4.8
11500000.0,0,2,1,50,6,2850.0,8.0
14000000.0,0,2,1,50,6,2850.0,7.5
17000000.0,1,3,3,50,6,2850.0,8.0
13500000.0,0,3,2,50,6,2850.0,6.33
40000000.0,0,6,3,50,6,2850.0,12.0
10500000.0,1,2,1,157,6,2850.0,5.0
14000000.0,0,3,1,126,9,2850.0,10.0
22000000.0,0,6,3,166,4,2850.0,11.0
10000000.0,1,3,1,126,9,2850.0,11.5
8000000.0,1,1,1,126,9,2850.0,17.0
28500000.0,1,4,2,126,9,2850.0,10.5
5000000.0,0,3,1,126,9,2850.0,12.0
64000000.0,1,6,4,126,9,2850.0,25.0
11000000.0,0,1,1,126,9,2850.0,7.0
13000000.0,1,3,1,166,4,2850.0,6.6
15000000.0,0,3,1,69,4,2850.0,9.5
23000000.0,0,6,3,64,6,2850.0,12.5
12000000.0,0,3,2,50,6,2850.0,20.0
9000000.0,0,2,2,69,4,2850.0,5.0
22000000.0,0,4,3,166,4,2850.0,8.0
36000000.0,0,3,3,87,4,2850.0,7.0
49000000.0,0,4,4,8,4,2850.0,10.0
39000000.0,0,4,3,166,4,2850.0,8.01
48000000.0,0,4,2,162,4,2850.0,10.05
255000000.0,0,10,10,166,4,2850.0,12.0
29500000.0,0,3,2,165,6,1850.0,7.6
11500000.0,0,1,1,126,9,2850.0,20.0
8500000.0,1,2,1,50,6,2850.0,5.0
18000000.0,1,3,1,50,6,1200.0,30.0
26000000.0,0,1,1,166,4,2850.0,11.0
58000000.0,1,6,3,50,6,3500.0,33.0
18500000.0,0,1,1,166,4,2850.0,37.0
16500000.0,0,3,1,73,9,2850.0,10.0
45000000.0,0,4,3,166,4,2950.0,6.0
13000000.0,0,3,1,123,4,2850.0,10.0
8500000.0,0,1,1,92,13,2850.0,139.0
22500000.0,1,4,1,92,13,2850.0,380.0
8500000.0,0,4,1,92,13,2850.0,15.0
37500000.0,1,4,1,92,13,2850.0,20.0
4500000.0,0,3,1,166,13,2850.0,40.5
15500000.0,1,3,1,92,13,2850.0,50.3
22000000.0,0,4,2,166,4,2850.0,9.4
22000000.0,0,3,2,8,4,1250.0,6.7
31000000.0,0,3,2,166,4,2850.0,7.5
51000000.0,0,4,3,98,4,4500.0,7.5
23000000.0,0,3,2,8,4,1200.0,6.0
44000000.0,0,4,4,8,4,2950.0,9.6
68500000.0,0,4,3,166,4,2850.0,7.0
21000000.0,0,3,1,166,13,2850.0,22.0
15000000.0,0,2,1,92,13,2850.0,18.0
6500000.0,0,3,1,92,13,2850.0,14.0
9800000.0,0,3,1,92,13,2850.0,14.0
5000000.0,0,2,1,92,13,2850.0,15.2
11000000.0,0,4,1,92,13,2850.0,15.0
47500000.0,1,5,3,133,4,3800.0,11.0
26220000.0,0,4,1,166,4,2500.0,38.0
4800000.0,0,3,1,50,6,2850.0,10.0
8500000.0,0,3,3,21,11,2850.0,11.0
10000000.0,0,3,1,79,11,2850.0,11.0
60000000.0,0,2,1,75,6,2850.0,70.0
9300000.0,0,2,1,50,6,2850.0,4.8
11000000.0,0,3,2,144,6,2850.0,10.0
50000000.0,1,4,3,84,6,2850.0,11.9
9000000.0,0,3,1,48,5,2850.0,10.0
6500000.0,0,2,1,105,4,2850.0,4.75
3700000.0,0,1,1,123,4,2850.0,12.0
24000000.0,1,5,2,54,4,2850.0,8.5
24000000.0,1,5,2,61,4,2850.0,8.5
8100000.0,1,1,1,150,21,2850.0,60.0
4800000.0,0,7,5,121,4,3500.0,13.4
14000000.0,0,6,3,133,4,2850.0,8.5
14800000.0,1,3,2,166,4,2850.0,7.5
6500000.0,0,2,1,133,4,2850.0,7.0
18500000.0,0,3,2,166,4,2850.0,10.0
22000000.0,0,3,2,166,4,1150.0,6.55
75000000.0,1,5,5,96,4,4500.0,8.5
35000000.0,0,4,3,98,4,2850.0,8.5
67500000.0,0,5,4,133,4,2850.0,20.0
13000000.0,0,3,2,8,4,2850.0,6.0
27500000.0,0,4,3,8,4,2350.0,7.0
36000000.0,1,5,5,82,4,3300.0,11.5
22500000.0,0,3,2,142,4,2850.0,7.31
15500000.0,1,3,2,133,4,2850.0,9.5
23000000.0,0,3,2,142,4,2850.0,7.31
42000000.0,0,4,4,133,4,2850.0,7.1
23000000.0,0,5,3,82,4,2850.0,10.5
31000000.0,0,4,4,82,4,2850.0,7.9
37500000.0,1,4,3,8,4,3450.0,6.5
34000000.0,0,3,3,50,6,2850.0,11.0
22000000.0,1,3,1,81,6,2850.0,10.0
32500000.0,0,4,4,61,4,2850.0,6.5
16500000.0,0,3,1,61,4,2850.0,11.0
55000000.0,0,7,1,61,4,2850.0,21.0
21500000.0,1,5,1,50,6,2850.0,13.0
4700000.0,0,1,1,50,6,2850.0,16.0
3000000.0,0,1,1,50,6,2850.0,10.0
14000000.0,0,4,1,74,15,2850.0,16.0
2700000.0,0,2,1,101,15,2850.0,20.0
50000000.0,0,3,1,84,6,2850.0,18.0
17000000.0,0,3,2,84,6,2850.0,18.0
6000000.0,0,1,1,66,6,2850.0,12.0
150000000.0,0,8,6,84,6,2850.0,18.0
180000.0,0,3,2,81,6,2850.0,11.0
37500000.0,0,4,1,166,6,2850.0,10.75
52000000.0,0,4,1,84,6,2850.0,20.0
2700000.0,1,2,1,101,15,2850.0,20.0
21000000.0,1,6,6,101,15,2850.0,12.0
26000000.0,0,2,2,101,15,2850.0,75.0
3500000.0,1,3,1,74,15,2850.0,75.0
7300000.0,1,4,1,149,15,2850.0,33.0
12500000.0,0,3,1,17,7,2850.0,18.0
19000000.0,1,3,3,160,15,2850.0,18.0
8500000.0,0,2,1,149,15,2850.0,40.0
16500000.0,1,3,1,101,15,2850.0,10.0
4500000.0,1,2,1,74,15,2850.0,10.0
8500000.0,1,2,1,74,15,2850.0,24.0
13500000.0,1,4,1,74,15,2850.0,43.0
11500000.0,0,2,1,166,4,2850.0,10.0
62000000.0,1,3,1,166,4,1600.0,31.0
15500000.0,1,3,1,84,6,1600.0,13.5
27300000.0,0,4,1,166,4,2000.0,42.0
11500000.0,0,2,1,166,4,1200.0,12.25
62500000.0,1,5,3,166,4,2850.0,34.0
64000000.0,0,4,1,166,4,2579.0,20.0
35000000.0,0,5,3,101,15,2850.0,50.0
19500000.0,0,3,2,44,20,2850.0,20.0
1950000.0,0,3,2,44,20,2850.0,20.0
28000000.0,1,4,2,41,4,1400.0,2.5
30000000.0,1,5,2,73,9,2850.0,66.0
16000000.0,0,4,2,50,6,1350.0,12.5
85000000.0,0,3,1,41,4,2850.0,24.7
19000000.0,0,4,2,166,4,2850.0,7.0
15000000.0,0,4,2,166,4,2850.0,4.8
25000000.0,0,3,2,41,4,2850.0,5.25
98000000.0,0,1,1,166,4,2850.0,28.0
36000000.0,0,4,2,166,4,2850.0,6.0
105000000.0,0,6,5,166,4,2850.0,15.2
37500000.0,0,4,4,64,6,3000.0,12.5
20000000.0,0,3,1,166,4,2850.0,3.5
100000000.0,0,4,3,166,4,4500.0,8.0
37500000.0,0,2,1,166,4,1065.0,9.0
120000000.0,1,5,5,64,6,2850.0,22.0
16500000.0,0,3,1,50,6,2850.0,16.5
200000000.0,1,5,1,41,4,6000.0,22.0
25000000.0,0,3,2,166,4,2850.0,8.0
47000000.0,1,4,2,41,4,2850.0,8.0
113000000.0,1,7,6,139,4,2850.0,12.5
62500000.0,0,3,1,157,6,2850.0,25.0
90000000.0,0,8,5,33,4,2850.0,8.3
25000000.0,0,2,1,162,4,2850.0,16.0
60000000.0,0,3,2,166,4,2250.0,8.25
20000000.0,0,3,2,41,4,2850.0,6.8
16500000.0,0,3,1,166,4,2850.0,5.3
65000000.0,1,8,5,166,4,2850.0,7.5
27000000.0,0,3,1,166,4,2850.0,15.0
48000000.0,0,5,1,166,4,2850.0,17.0
2000000.0,0,3,1,166,4,2850.0,20.0
19800000.0,0,3,1,50,6,2850.0,19.8
30000000.0,0,4,3,50,6,2850.0,11.0
180000000.0,0,4,4,75,6,8650.0,25.0
20000000.0,0,3,2,166,4,2850.0,11.0
11200000.0,1,3,1,61,4,2850.0,7.0
8500000.0,1,2,1,105,4,2850.0,6.2
56000000.0,1,4,3,166,4,3218.0,6.0
8000000.0,0,2,1,76,10,2850.0,14.5
13000000.0,0,1,1,76,10,2850.0,22.0
1950000.0,0,2,1,92,13,2850.0,22.0
3200000.0,0,1,1,6,1,2850.0,40.0
16500000.0,0,3,1,166,6,2850.0,10.0
5500000.0,0,1,1,54,4,2850.0,6.0
23800000.0,1,3,2,166,4,1350.0,7.0
48000000.0,1,4,3,166,4,2600.0,10.0
160000000.0,1,4,3,15,4,7000.0,26.0
67500000.0,1,5,3,147,4,3000.0,8.0
125000000.0,0,5,5,166,4,5000.0,17.8
40000000.0,1,4,3,8,4,3123.0,6.0
48000000.0,1,4,3,166,4,3000.0,8.0
35000000.0,0,3,2,166,4,1300.0,8.0
50000000.0,0,4,2,48,5,2850.0,203.0
60000000.0,1,4,2,138,6,2850.0,6.0
62000000.0,1,6,2,166,4,3500.0,11.0
15500000.0,0,3,1,166,4,2850.0,10.0
45000000.0,1,3,1,162,4,2850.0,14.2
22000000.0,1,3,2,157,6,2850.0,6.0
34000000.0,0,3,3,157,6,2850.0,6.3
6000000.0,0,2,1,50,6,2850.0,7.8
16500000.0,0,1,1,8,4,2850.0,8.5
18500000.0,0,1,1,8,4,2850.0,25.0
9500000.0,0,3,3,8,4,2850.0,3.0
10000000.0,0,1,1,166,4,2850.0,11.0
22500000.0,0,1,1,8,4,2850.0,11.0
7000000.0,0,1,1,50,6,2850.0,15.0
26000000.0,1,3,2,166,4,1350.0,6.1
23000000.0,1,5,2,50,6,2900.0,15.0
16500000.0,1,4,1,6,1,2000.0,40.0
39800000.0,1,4,3,61,4,2500.0,11.0
42000000.0,1,4,4,98,4,3100.0,9.0
26500000.0,1,3,3,98,4,1590.0,1.5
66000000.0,1,4,4,8,4,4917.0,10.0
19500000.0,1,4,3,8,4,2200.0,6.0
19500000.0,1,3,2,8,4,1250.0,13.0
26000000.0,1,3,2,15,4,1182.0,7.5
9500000.0,1,3,3,166,4,1800.0,11.5
18500000.0,1,3,2,98,4,1250.0,8.0
46500000.0,1,5,4,166,4,2500.0,10.0
25500000.0,1,3,2,8,4,1200.0,10.0
32000000.0,1,4,3,98,4,2850.0,10.0
3000000.0,0,2,1,166,9,2850.0,13.0
8500000.0,0,2,2,62,9,2850.0,10.0
3500000.0,0,2,1,76,10,2850.0,10.0
5200000.0,0,1,1,62,9,2500.0,15.5
4500000.0,0,3,1,73,9,2850.0,13.0
5700000.0,0,2,1,166,9,2850.0,15.0
5200000.0,0,3,1,62,9,2850.0,15.0
4985000.0,0,1,1,166,4,2850.0,11.0
4890000.0,0,1,1,166,4,2850.0,11.0
10000000.0,0,3,1,50,6,2850.0,26.0
145000000.0,1,5,5,15,4,6500.0,34.0
30000000.0,1,5,2,73,9,2500.0,14.0
100000000.0,1,4,3,15,4,3000.0,11.6
49500000.0,1,3,2,50,6,2850.0,15.0
60000000.0,1,1,1,76,10,2850.0,80.0
13500000.0,1,2,2,166,4,1200.0,4.0
9200000.0,1,1,1,109,6,2850.0,19.11
55000000.0,1,5,5,166,4,5000.0,16.0
7500000.0,1,3,2,73,9,1500.0,7.86
28000000.0,0,2,2,166,4,1500.0,7.0
260000000.0,1,3,2,166,4,1350.0,6.1
9500000.0,1,1,1,73,9,2000.0,8.0
25000000.0,1,3,1,75,6,3000.0,14.5
75000000.0,1,5,2,139,4,3000.0,19.25
75000000.0,1,4,4,64,6,3500.0,105.0
20000000.0,1,2,1,76,10,2850.0,17.6
15500000.0,1,3,1,139,4,2850.0,4.95
35000000.0,0,5,3,117,6,2600.0,10.5
11500000.0,1,3,1,50,6,1400.0,17.0
17000000.0,1,5,1,166,4,2850.0,20.0
500000.0,1,5,2,50,6,660.0,11.0
8000000.0,1,4,3,166,20,2850.0,47.0
65000000.0,1,5,4,50,6,2850.0,38.0
18000000.0,1,4,2,73,9,1600.0,22.5
8000000.0,1,2,1,73,9,1200.0,22.0
21000000.0,1,4,2,50,6,3200.0,20.0
12500000.0,1,3,1,79,11,1300.0,110.0
17900000.0,0,3,2,8,4,4000.0,7.0
55000000.0,1,3,3,166,4,3000.0,6.1
25500000.0,1,5,2,75,6,2200.0,6.0
69500000.0,1,5,4,133,4,2850.0,20.0
15000000.0,1,2,1,163,16,2850.0,36.0
8000000.0,0,4,1,2,13,2850.0,30.0
98000000.0,1,6,4,166,4,4000.0,10.68
70000000.0,0,4,4,166,4,4000.0,6.5
250000000.0,0,5,3,31,4,4000.0,12.8
325000000.0,0,3,3,35,4,2150.0,11.0
650000000.0,0,6,9,15,4,16500.0,48.0
75000000.0,0,5,1,116,4,3500.0,12.8
250000000.0,1,5,3,31,4,4000.0,12.8
200000000.0,0,4,3,51,10,5500.0,11.0
163000000.0,1,6,2,25,4,2850.0,16.3
18500000.0,1,1,1,113,4,2850.0,18.16
46000000.0,1,3,2,76,10,2850.0,17.0
46000000.0,1,4,2,50,6,4500.0,17.0
45000000.0,1,4,1,76,10,2850.0,7.6
5000000.0,1,7,3,166,4,2850.0,8.87
28500000.0,1,3,2,8,4,2850.0,15.0
53000000.0,1,3,1,13,9,2850.0,30.0
19000000.0,1,3,2,75,6,2850.0,6.21
88000000.0,1,5,4,166,4,2850.0,9.5
18500000.0,0,3,2,166,6,2850.0,20.0
63800000.0,0,3,3,48,5,1250.0,11.0
200000000.0,0,6,6,41,4,7000.0,28.0
200000000.0,0,8,6,121,4,8500.0,11.0
59000000.0,0,4,3,166,4,2707.0,11.0
60000000.0,1,3,3,20,4,2850.0,20.0
465000000.0,1,1,1,166,4,3500.0,23.64
170000000.0,0,3,2,31,4,1600.0,11.0
90000000.0,0,6,4,142,4,2850.0,21.5
55000000.0,1,5,3,166,4,2850.0,10.8
16500000.0,1,4,1,8,4,1250.0,10.0
62000000.0,1,4,4,147,4,3500.0,7.0
15200000.0,0,4,2,50,6,5000.0,16.0
6300000.0,0,2,1,109,6,5000.0,28.0
13500000.0,0,3,1,66,6,5000.0,17.0
4200000.0,0,2,1,109,6,5000.0,10.0
3900000.0,0,2,1,166,6,2850.0,7.0
7500000.0,0,3,1,50,6,2850.0,10.0
3850000.0,0,2,1,109,6,2850.0,8.0
8600000.0,0,3,1,109,6,2850.0,9.8
2850000.0,0,1,1,109,6,2850.0,30.0
18500000.0,0,3,1,78,6,2850.0,10.0
3550000.0,0,2,1,166,6,2850.0,11.0
6850000.0,0,2,1,166,6,2850.0,10.0
66000000.0,1,2,1,50,6,2850.0,14.5
28500000.0,0,4,2,144,6,2850.0,10.0
19500000.0,0,4,1,144,6,2850.0,6.4
8850000.0,0,3,1,109,6,2850.0,17.0
80000000.0,0,5,7,75,6,5000.0,12.75
27000000.0,0,3,2,113,4,2850.0,6.0
55000000.0,0,5,4,41,4,2850.0,11.0
69000000.0,0,5,2,166,4,2850.0,10.0
10000000.0,0,3,1,50,6,2850.0,15.0
13500000.0,1,3,1,42,6,2850.0,15.0
5000000.0,0,3,1,50,6,2850.0,15.0
5000000.0,1,3,1,50,6,2850.0,15.0
15000000.0,1,4,1,42,6,2850.0,23.0
250000000.0,0,8,3,50,6,2850.0,22.5
6500000.0,1,5,2,101,15,2850.0,11.0
13000000.0,0,3,1,166,4,2850.0,12.0
18500000.0,0,3,1,166,4,2850.0,10.0
4500000.0,0,3,1,166,4,2850.0,10.0
8500000.0,0,3,1,166,4,2850.0,10.0
9000000.0,0,3,1,166,4,2850.0,10.0
6000000.0,0,1,1,133,4,2850.0,8.0
8000000.0,0,2,1,133,4,2850.0,6.0
23000000.0,1,2,1,166,6,2850.0,29.0
8500000.0,1,2,1,166,4,2850.0,15.0
9300000.0,1,3,1,110,6,2850.0,92.0
29000000.0,1,4,2,62,9,2850.0,22.0
45000000.0,0,5,3,66,6,3790.0,12.5
17500000.0,1,4,1,109,6,2850.0,120.0
28500000.0,0,4,1,42,6,2850.0,3.0
38000000.0,1,4,3,85,6,2850.0,48.0
18000000.0,1,3,1,50,6,2850.0,13.0
7500000.0,1,2,1,61,4,2850.0,7.5
35000000.0,1,4,2,138,6,2850.0,14.87
10000000.0,0,4,1,6,1,2850.0,17.0
2700000.0,1,1,1,6,1,2850.0,11.0
6000000.0,1,2,2,157,6,2850.0,5.5
15500000.0,0,3,2,61,4,2850.0,16.0
22500000.0,0,4,1,92,13,2850.0,16.0
27500000.0,1,5,3,92,13,2850.0,15.0
3500000.0,1,2,1,92,13,2850.0,15.0
11800000.0,0,5,2,92,13,2850.0,15.0
15000000.0,0,4,1,92,13,2850.0,14.5
16000000.0,0,3,1,92,13,1350.0,22.0
29000000.0,1,4,2,106,13,2850.0,32.0
4500000.0,1,3,1,92,13,2850.0,24.0
70000000.0,1,4,2,92,13,2850.0,18.0
15000000.0,1,3,1,92,13,2850.0,15.0
30000000.0,0,2,1,92,13,2850.0,15.0
8200000.0,0,3,1,92,13,2850.0,52.0
24000000.0,0,4,2,92,13,2850.0,15.0
16500000.0,0,3,1,166,13,2850.0,19.55
12000000.0,1,2,1,92,13,2850.0,18.5
14200000.0,1,4,2,166,13,2850.0,20.0
14000000.0,0,3,1,92,13,2850.0,15.0
10500000.0,0,2,1,92,13,3100.0,18.5
22500000.0,0,4,2,92,13,3100.0,15.0
14500000.0,0,3,1,60,5,2850.0,16.0
22500000.0,1,4,2,92,13,2850.0,28.5
27000000.0,0,5,2,92,13,2850.0,40.0
9500000.0,1,5,1,92,13,2850.0,100.0
4800000.0,0,3,1,92,13,2850.0,15.0
18500000.0,0,3,2,92,13,2850.0,10.0
29500000.0,1,4,3,92,13,2850.0,15.0
16000000.0,0,3,1,92,13,2850.0,15.0
7500000.0,1,4,2,92,13,2850.0,30.0
22000000.0,0,4,2,92,13,2850.0,50.3
15000000.0,0,4,2,166,13,2850.0,50.3
21500000.0,0,4,2,92,13,2850.0,15.0
5800000.0,0,4,1,92,13,2850.0,15.0
15800000.0,1,3,1,92,13,2850.0,15.0
11000000.0,1,4,1,92,13,2850.0,30.0
7500000.0,1,3,1,166,13,2850.0,20.0
8500000.0,0,3,1,63,13,2850.0,15.0
25000000.0,1,3,1,166,13,2850.0,19.6
15500000.0,1,4,2,92,13,2850.0,15.0
9000000.0,1,3,2,114,13,2850.0,15.0
7250000.0,0,4,1,104,13,2850.0,34.0
16500000.0,0,5,2,92,13,2850.0,35.0
13500000.0,0,4,1,92,13,1650.0,20.0
20000000.0,1,5,1,166,13,2850.0,20.0
17000000.0,1,4,2,92,13,2850.0,15.0
18500000.0,0,5,2,92,13,2850.0,34.0
6900000.0,0,2,1,165,6,2850.0,15.0
7500000.0,1,3,1,63,13,2850.0,17.0
30000000.0,1,5,2,76,10,2850.0,240.0
19000000.0,1,4,2,92,13,2850.0,15.0
32500000.0,1,5,2,63,13,2850.0,20.0
41500000.0,0,4,6,166,4,4000.0,9.2
36000000.0,0,4,2,166,4,2500.0,11.0
55000000.0,0,5,4,142,4,900.0,16.4
31750000.0,0,2,2,41,4,900.0,11.0
100000000.0,0,5,2,166,4,2850.0,14.01
66500000.0,0,4,3,166,4,4000.0,17.5
232440000.0,0,3,2,33,4,2850.0,15.6
13500000.0,0,2,2,166,4,1500.0,9.0
28500000.0,0,3,2,166,4,2500.0,11.0
225000000.0,1,5,3,33,4,2850.0,15.54
57000000.0,0,3,2,33,4,3050.0,9.92
15200000.0,0,6,6,34,4,2850.0,12.7
32000000.0,0,2,1,166,4,2100.0,6.03
39500000.0,0,4,4,98,4,2000.0,8.2
265000000.0,0,5,4,31,4,4000.0,12.8
4700000.0,1,3,2,80,1,2850.0,16.0
5500000.0,1,3,1,62,9,2850.0,12.5
8000000.0,1,3,1,62,9,2850.0,10.0
13500000.0,0,3,2,62,9,2850.0,12.0
13500000.0,1,3,1,62,9,2850.0,12.5
5500000.0,1,3,1,62,9,2850.0,13.0
8300000.0,1,3,2,50,6,2850.0,12.5
3500000.0,0,3,1,62,9,2850.0,11.0
18000000.0,1,3,2,62,9,2850.0,14.0
27500000.0,1,4,2,13,9,2850.0,11.5
16000000.0,0,3,1,62,9,2850.0,12.0
5200000.0,1,3,1,62,9,2850.0,13.0
43000000.0,1,4,2,13,9,2850.0,32.0
9000000.0,1,3,1,62,9,2850.0,10.0
4500000.0,1,3,1,62,9,2850.0,10.0
5500000.0,1,2,1,62,9,2850.0,12.0
9500000.0,1,3,1,62,9,1700.0,17.0
12000000.0,0,3,1,62,9,2850.0,15.0
4500000.0,1,3,1,62,9,2850.0,10.0
19500000.0,1,4,2,62,9,2850.0,15.0
5600000.0,0,1,1,62,9,2850.0,10.0
31500000.0,1,5,3,62,9,2700.0,10.0
10000000.0,0,3,1,62,9,2850.0,14.0
14500000.0,1,3,1,62,9,2850.0,10.0
48000000.0,1,4,3,62,9,2200.0,26.0
45000000.0,1,1,1,62,9,2850.0,15.0
5700000.0,1,1,1,62,9,2850.0,10.0
5000000.0,0,2,1,62,9,2850.0,20.0
6000000.0,0,2,1,62,9,2850.0,15.0
8600000.0,0,3,1,62,9,2850.0,10.0
15000000.0,0,2,1,62,9,2850.0,12.5
5300000.0,0,2,1,50,6,2850.0,10.0
35000000.0,0,3,3,157,6,4000.0,10.1
22000000.0,0,5,4,29,4,2850.0,11.0
39500000.0,1,4,3,98,4,3500.0,8.1
75000000.0,0,10,10,117,6,2850.0,15.5
250000000.0,0,4,3,33,4,2850.0,20.0
24000000.0,0,1,1,133,4,2850.0,11.0
13000000.0,1,3,1,89,4,2850.0,10.0
9800000.0,0,4,3,133,4,2850.0,7.0
20000000.0,0,3,2,133,4,1700.0,6.5
19000000.0,1,4,2,138,6,2850.0,20.5
13500000.0,1,4,2,66,6,2850.0,10.5
18800000.0,0,3,2,61,4,2850.0,6.0
19800000.0,0,3,2,50,6,1350.0,12.5
31000000.0,0,4,3,61,4,2850.0,10.0
19500000.0,1,3,2,61,4,2850.0,10.0
19000000.0,1,3,2,166,4,2850.0,12.0
18500000.0,0,3,2,61,4,2850.0,8.6
31000000.0,0,7,2,90,13,2850.0,29.0
6500000.0,0,3,1,90,13,2850.0,56.0
31000000.0,0,6,3,92,13,2850.0,56.0
17600000.0,0,3,1,90,13,2850.0,20.0
17800000.0,0,3,1,90,13,2850.0,11.0
15700000.0,1,4,2,90,13,2850.0,80.0
6800000.0,0,2,1,90,13,2850.0,15.0
4200000.0,0,2,1,90,13,2850.0,15.0
11000000.0,1,3,1,92,13,2850.0,14.0
4750000.0,0,1,1,90,13,2850.0,65.0
3100000.0,0,3,1,90,13,2850.0,15.0
6000000.0,1,4,1,50,6,2850.0,13.5
5500000.0,1,5,1,50,6,2850.0,8.5
3000000.0,0,2,1,50,6,2850.0,8.0
12000000.0,0,3,1,50,6,2850.0,27.0
11500000.0,1,3,1,64,6,2850.0,10.5
11000000.0,1,3,1,50,6,2850.0,26.0
3500000.0,1,2,1,42,6,2850.0,8.0
1800000.0,0,2,1,42,6,2850.0,10.0
26000000.0,0,10,10,109,6,2850.0,20.0
22000000.0,0,4,2,42,6,2850.0,15.0
9000000.0,0,4,1,42,6,2850.0,132.0
8500000.0,0,3,1,166,6,2850.0,13.0
5700000.0,0,3,1,42,6,2850.0,15.0
22000000.0,0,4,3,42,6,2850.0,15.0
55000000.0,0,6,4,81,6,2850.0,32.0
18500000.0,0,8,3,50,6,2850.0,21.0
12500000.0,1,3,1,42,6,2850.0,23.0
5200000.0,1,3,1,50,6,2850.0,23.0
65000000.0,0,1,1,42,6,2850.0,11.0
31000000.0,1,4,1,42,6,2850.0,100.0
25000000.0,1,5,2,42,6,2850.0,13.5
10500000.0,0,2,1,166,6,2850.0,15.5
10500000.0,0,3,1,42,6,2850.0,80.0
10000000.0,1,3,1,50,6,2850.0,15.0
33900000.0,1,7,3,48,5,2850.0,25.5
9800000.0,0,2,1,166,4,2850.0,4.0
39500000.0,0,4,2,166,4,2850.0,4.5
13500000.0,0,3,1,166,4,2850.0,22.5
22000000.0,1,2,1,126,9,2850.0,10.0
18500000.0,1,3,1,29,4,2850.0,3.5
3115000.0,1,1,1,50,6,2850.0,89.0
6615000.0,0,1,1,119,6,2850.0,13.5
12500000.0,0,2,1,50,6,2850.0,10.0
1000000.0,0,1,1,78,6,2850.0,6.1
25000000.0,0,5,3,166,4,1335.5,12.5
85000000.0,0,6,5,166,4,2850.0,9.5
25000000.0,0,2,1,50,6,1007.0,11.6
22500000.0,0,3,1,89,4,1262.0,11.0
4600000.0,1,3,1,109,6,2850.0,10.0
1700000.0,1,1,1,109,6,2850.0,7.0
27500000.0,0,4,2,64,6,2000.0,8.0
34000000.0,0,3,2,75,6,1450.0,5.5
39000000.0,0,3,1,81,6,3000.0,15.5
49000000.0,0,4,3,50,6,3400.0,10.0
32000000.0,0,3,2,84,6,2100.0,9.0
32000000.0,0,3,2,157,6,1600.0,6.75
48000000.0,0,5,3,84,6,4900.0,23.0
69000000.0,1,4,6,157,6,3800.0,8.0
37500000.0,0,3,2,66,6,3900.0,10.0
48000000.0,1,4,5,50,6,4000.0,10.0
9000000.0,1,4,1,50,6,2850.0,24.0
37200000.0,0,2,1,48,5,2850.0,12.0
13500000.0,0,2,1,48,5,2850.0,7.5
13500000.0,1,5,2,48,5,2850.0,29.0
15000000.0,0,5,2,48,5,2850.0,7.0
30000000.0,1,4,3,48,5,2850.0,6.1
30000000.0,0,3,3,166,5,2850.0,16.9
7500000.0,0,2,1,48,5,2850.0,37.0
24000000.0,1,4,1,48,5,2850.0,20.0
19500000.0,1,2,1,166,4,1200.0,10.0
81000000.0,0,6,1,166,4,5500.0,23.0
18500000.0,1,3,2,54,4,1500.0,10.0
47500000.0,0,2,1,166,4,4000.0,17.0
8900000.0,0,2,1,166,4,800.0,20.0
8500000.0,0,3,1,64,6,2850.0,10.0
2700000.0,0,1,1,109,6,2850.0,30.0
2550000.0,0,2,1,109,6,2850.0,10.0
4300000.0,1,2,1,50,6,2850.0,10.0
16000000.0,1,3,2,50,6,2850.0,20.0
3500000.0,0,2,1,50,6,2850.0,6.5
15000000.0,0,1,1,50,6,2850.0,15.0
17000000.0,0,2,1,50,6,2850.0,45.0
6500000.0,0,3,1,50,6,2850.0,10.4
3300000.0,0,1,1,50,6,2850.0,9.5
6500000.0,0,3,1,50,6,2850.0,15.0
3700000.0,0,2,1,50,6,2850.0,15.0
3500000.0,0,2,1,42,6,2850.0,10.0
25000000.0,1,3,1,117,6,2850.0,12.0
7500000.0,1,3,2,69,4,893.83,7.5
3800000.0,0,2,1,109,6,2850.0,8.0
49000000.0,0,3,2,147,4,2850.0,15.0
170000000.0,0,9,2,133,4,2850.0,37.0
25000000.0,0,5,2,133,4,2850.0,9.0
8000000.0,0,1,1,75,6,2850.0,10.0
55000000.0,0,9,8,75,6,2850.0,19.0
26500000.0,0,3,1,62,9,2850.0,10.0
45000000.0,0,5,2,166,4,2850.0,11.42
4500000.0,0,3,1,76,10,2850.0,27.0
95000000.0,1,4,2,128,4,4000.0,10.0
42350000.0,1,1,1,41,4,2850.0,11.0
5000000.0,0,4,1,146,7,2850.0,40.0
2500000.0,0,2,1,166,7,2850.0,34.0
21500000.0,0,5,2,1,15,2850.0,15.5
11000000.0,0,5,4,121,4,2850.0,13.0
11000000.0,0,3,1,71,19,2850.0,10.0
9800000.0,0,1,1,104,13,2850.0,20.0
18500000.0,0,3,2,61,4,2850.0,11.0
27500000.0,0,5,3,61,4,2850.0,11.0
19500000.0,0,3,1,166,4,2850.0,10.0
14500000.0,0,3,1,166,6,2850.0,10.0
16500000.0,0,3,1,105,4,2850.0,48.0
15000000.0,0,2,1,166,4,2850.0,12.0
13500000.0,0,3,1,105,4,2850.0,23.0
9000000.0,0,3,1,61,4,2850.0,10.0
12700000.0,0,3,1,61,4,2850.0,11.0
12500000.0,1,3,1,61,4,2850.0,9.3
11500000.0,0,3,1,105,4,2850.0,7.0
9500000.0,0,2,1,61,4,2850.0,10.0
19500000.0,0,3,1,105,4,2850.0,10.0
16500000.0,0,3,1,73,9,2850.0,10.0
11500000.0,0,3,1,61,4,2850.0,8.0
9500000.0,0,3,1,61,4,2850.0,10.0
19000000.0,0,3,2,166,4,2850.0,12.0
9900000.0,1,2,1,61,4,2850.0,11.0
13000000.0,0,3,1,105,4,2850.0,10.0
13700000.0,0,3,1,105,4,2850.0,8.0
19000000.0,0,4,2,89,4,2850.0,15.0
17500000.0,0,3,2,61,4,2850.0,7.0
13500000.0,0,2,1,105,4,2850.0,10.0
13000000.0,0,3,2,61,4,2850.0,11.0
12500000.0,0,3,1,61,4,2850.0,10.0
13500000.0,0,2,1,13,9,1291.0,11.5
12500000.0,0,1,1,137,19,2850.0,5.5
8000000.0,0,1,1,50,6,2850.0,40.0
16000000.0,0,3,1,137,19,2850.0,15.0
2250000.0,0,2,1,156,13,2850.0,15.0
4600000.0,0,2,1,156,13,2850.0,63.0
23000000.0,1,4,2,166,13,2850.0,32.2
6000000.0,0,3,1,123,4,2850.0,10.0
11000000.0,1,1,1,92,13,1900.0,82.0
11000000.0,1,3,2,92,13,2850.0,16.37
18000000.0,1,3,2,166,4,2850.0,6.5
26000.0,0,1,1,98,4,2850.0,11.0
5500000.0,1,3,1,141,20,2850.0,10.0
80000000.0,0,3,1,166,4,2850.0,2.5
2300000.0,0,3,1,166,4,2850.0,35.0
12000000.0,0,4,1,101,15,2850.0,320.0
2875000.0,0,1,1,50,6,2850.0,25.0
6500000.0,0,2,1,166,4,2850.0,6.0
6800000.0,0,3,1,166,4,2850.0,6.0
13500000.0,1,2,2,133,4,2850.0,6.3
23500000.0,0,3,2,133,4,1800.0,8.8
93000000.0,0,5,4,166,4,6800.0,20.0
21000000.0,1,3,1,166,4,2850.0,10.0
19800000.0,1,3,1,166,4,2850.0,10.0
8800000.0,0,3,1,8,4,2850.0,12.0
7000000.0,0,3,1,166,6,2850.0,17.0
30000000.0,0,4,3,82,4,2850.0,7.9
60000000.0,1,4,3,88,4,3700.0,15.7
29000000.0,0,4,2,75,6,2850.0,6.0
18000000.0,1,2,1,166,6,2850.0,11.0
14500000.0,0,3,1,166,6,2850.0,6.0
9000000.0,1,2,1,13,9,2850.0,10.0
25000000.0,1,4,4,166,4,2850.0,7.0
22000000.0,1,2,1,133,4,2850.0,8.55
16500000.0,1,1,1,8,4,2850.0,22.5
30000.0,0,1,1,166,6,2850.0,11.0
6350000.0,0,3,1,50,6,2850.0,15.0
11000000.0,0,3,1,109,6,2850.0,10.0
5350000.0,0,2,1,50,6,2850.0,7.5
2000000.0,0,2,1,64,6,2850.0,9.0
5200000.0,0,2,1,109,6,2850.0,17.0
8500000.0,0,3,1,50,6,2850.0,17.0
2600000.0,0,1,1,50,6,2850.0,10.0
9800000.0,0,2,1,69,4,2850.0,7.2
20000.0,1,2,2,50,6,2850.0,11.0
34000000.0,0,3,2,86,4,2850.0,7.1
160000.0,0,2,2,34,4,2850.0,11.0
63000000.0,1,3,2,72,4,2850.0,8.1
23500000.0,0,7,5,162,4,2850.0,5.25
8800000.0,0,3,1,166,4,2850.0,16.0
9500000.0,0,2,1,58,4,2850.0,10.0
6300000.0,0,2,1,105,4,2850.0,7.75
30000000.0,1,10,10,166,4,2850.0,13.0
9800000.0,0,3,2,105,4,2850.0,10.0
9800000.0,0,3,1,58,4,2850.0,9.6
5500000.0,0,3,1,123,4,2850.0,10.0
7500000.0,0,2,1,8,4,2850.0,10.0
39500000.0,0,4,3,98,4,2850.0,8.1
27500000.0,0,5,4,166,6,3400.0,6.0
47000000.0,0,5,4,8,4,5000.0,12.0
4000000.0,0,1,1,166,13,2850.0,20.0
7500000.0,0,2,1,166,4,2850.0,10.0
13500000.0,0,2,1,105,4,2850.0,10.0
18500000.0,0,3,1,8,4,2850.0,9.0
37000000.0,1,6,3,166,4,2850.0,8.5
14500000.0,0,2,1,58,4,2850.0,11.0
7500000.0,0,2,1,58,4,2850.0,10.0
12000000.0,0,4,1,166,4,2635.0,30.0
6800000.0,0,2,1,105,4,2635.0,6.5
10500000.0,0,3,1,166,4,2635.0,10.0
29000000.0,0,4,1,62,9,2635.0,22.0
4200000.0,0,2,1,166,4,2850.0,10.0
21900000.0,0,6,1,58,4,2850.0,146.0
4500000.0,0,2,1,62,9,2850.0,10.0
7500000.0,0,4,1,105,4,2850.0,10.0
5500000.0,0,2,1,61,4,2850.0,6.0
6500000.0,0,2,1,105,4,2850.0,8.1
15000000.0,1,4,1,166,4,2850.0,35.0
50000000.0,1,4,3,58,4,2850.0,30.0
9500000.0,0,3,1,166,4,2850.0,12.87
13000000.0,0,2,1,81,6,2850.0,7.5
6000000.0,0,2,1,58,4,2850.0,10.0
10000000.0,1,3,1,58,4,2850.0,20.5
2500000.0,0,1,1,58,4,2850.0,15.0
3500000.0,1,2,1,58,4,2850.0,8.0
2800000.0,0,1,1,18,16,2850.0,20.0
3600000.0,0,3,2,110,6,2850.0,48.0
75000000.0,1,3,3,139,4,3450.0,8.0
75000000.0,1,7,3,166,4,2850.0,13.0
250000000.0,1,5,1,139,4,2850.0,30.0
45000000.0,1,5,3,15,4,2850.0,10.0
12000000.0,1,1,1,166,4,2850.0,11.0
23500000.0,0,3,2,89,4,2850.0,11.0
15500000.0,0,4,2,165,6,3000.0,12.5
30000000.0,1,1,1,76,10,2850.0,7.6
9500000.0,1,3,1,76,10,2850.0,21.0
16500000.0,1,3,1,76,10,2850.0,11.0
11000000.0,1,1,1,166,10,2850.0,22.0
46500000.0,1,7,3,67,10,2850.0,12.5
35000000.0,1,4,2,132,10,2850.0,20.0
15000000.0,0,2,1,76,10,2850.0,10.0
18000000.0,1,4,1,76,10,2850.0,10.0
20000000.0,1,5,1,166,10,2850.0,10.6
15000000.0,1,5,1,132,10,2850.0,55.0
85000000.0,1,4,3,76,10,2850.0,36.5
31000000.0,0,3,1,76,10,2850.0,15.5
7000000.0,1,2,1,67,10,2850.0,12.0
14000000.0,1,3,1,132,10,2850.0,36.0
21500000.0,0,5,2,67,10,2850.0,12.5
27500000.0,1,3,3,132,10,2160.0,10.0
2250000.0,1,2,1,156,13,2850.0,15.0
30000000.0,1,5,2,50,6,2100.0,15.0
28500000.0,0,5,3,166,4,2850.0,6.6
28000000.0,0,4,2,166,4,2850.0,5.16
2700000.0,0,1,1,18,16,2850.0,11.0
45000000.0,1,4,1,62,9,3000.0,60.0
68000000.0,0,4,4,147,4,2600.0,6.4
6500000.0,1,3,1,76,10,2850.0,20.0
27500000.0,0,4,3,166,4,2850.0,10.0
8500000.0,1,2,1,166,4,2850.0,10.0
23000000.0,1,4,2,8,4,2850.0,14.0
25000000.0,0,4,3,8,4,2850.0,10.0
9500000.0,0,1,1,57,7,2850.0,146.0
11000000.0,1,3,2,42,6,2850.0,13.5
8000000.0,0,3,2,132,10,2850.0,10.0
9000000.0,1,4,2,76,10,2850.0,14.5
11500000.0,0,4,1,166,10,2850.0,30.0
8500000.0,1,3,1,76,10,2850.0,23.0
7500000.0,1,3,2,76,10,2850.0,12.6
36500000.0,0,4,3,76,10,2850.0,20.0
17500000.0,1,4,1,76,10,2850.0,3.0
8500000.0,0,3,1,76,10,2850.0,10.0
14000000.0,1,3,1,91,10,2850.0,11.5
12500000.0,0,2,1,131,10,2850.0,6.0
8800000.0,1,4,2,76,10,2850.0,20.0
11500000.0,0,3,1,76,10,2850.0,20.0
12500000.0,0,2,1,84,6,2850.0,6.0
15000000.0,1,3,1,91,10,2850.0,11.5
43000000.0,1,5,2,76,10,2850.0,11.0
38000000.0,0,4,2,108,9,2850.0,30.0
7500000.0,0,2,1,100,14,2850.0,30.0
7800000.0,0,4,1,3,5,2850.0,13.5
9500000.0,0,3,1,76,10,2850.0,21.0
9000000.0,1,5,1,100,14,2850.0,11.0
23500000.0,1,2,1,50,6,2850.0,17.0
11000000.0,0,1,1,89,4,2850.0,8.25
8000000.0,0,4,1,38,14,2850.0,20.0
8000000.0,1,1,1,126,9,2850.0,17.0
23000000.0,1,10,10,73,9,2850.0,18.0
9800000.0,0,1,1,73,9,2850.0,31.0
9000000.0,0,1,1,73,9,2850.0,22.0
19500000.0,0,2,1,73,9,2850.0,8.6
16500000.0,0,4,1,102,9,2850.0,20.0
13000000.0,0,1,2,73,9,2850.0,11.0
60000000.0,0,4,3,147,4,2707.0,11.0
13500000.0,1,2,1,166,4,2850.0,10.5
16500000.0,1,3,2,13,9,2850.0,10.4
22500000.0,1,3,1,13,9,2850.0,11.0
5700000.0,1,2,1,166,4,2850.0,11.0
15000000.0,1,7,2,73,9,2850.0,12.0
9500000.0,0,3,1,109,6,2850.0,23.0
6000000.0,1,2,1,109,6,2850.0,30.0
3300000.0,0,1,1,109,6,2850.0,13.0
12500000.0,0,4,1,42,6,2850.0,22.0
5500000.0,0,3,1,109,6,2850.0,20.0
3600000.0,1,1,1,109,6,2850.0,10.0
11500000.0,1,2,1,109,6,2850.0,14.0
22500000.0,1,3,1,109,6,2850.0,14.0
17000000.0,1,3,1,109,6,2850.0,53.0
5500000.0,0,3,1,50,6,2850.0,10.0
21000000.0,1,4,3,109,6,2700.0,21.0
22500000.0,1,4,3,109,6,2850.0,16.0
4800000.0,0,4,1,109,6,2850.0,15.0
11000000.0,1,4,1,109,6,2850.0,18.0
7500000.0,0,3,1,109,6,2850.0,15.0
5500000.0,1,3,1,109,6,2850.0,15.0
18000000.0,1,4,2,109,6,2850.0,14.5
5200000.0,0,2,1,109,6,2850.0,15.0
16500000.0,1,5,2,109,6,2850.0,16.0
13500000.0,1,3,1,50,6,2850.0,19.1
10500000.0,1,6,1,50,6,2850.0,30.0
19000000.0,1,5,1,126,9,2850.0,37.0
8500000.0,0,3,1,126,9,2850.0,8.5
30000000.0,0,1,1,66,6,2850.0,10.0
13000000.0,0,1,1,66,6,2850.0,10.0
13500000.0,0,3,1,66,6,2850.0,11.0
13900000.0,0,4,1,166,4,2850.0,12.8
14500000.0,0,3,1,62,9,2850.0,10.0
13500000.0,0,3,1,166,6,2850.0,15.0
3500000.0,0,2,1,50,6,2850.0,7.0
7700000.0,0,1,1,114,13,2850.0,80.0
80000000.0,1,10,10,122,17,2850.0,40.0
60000000.0,1,4,3,76,10,2850.0,17.0
70000000.0,0,3,1,122,17,2850.0,27.0
13000000.0,1,3,1,61,4,2850.0,10.0
18500000.0,1,3,2,61,4,2850.0,18.5
23500000.0,1,3,2,98,4,1650.0,10.7
26000000.0,1,3,2,8,4,2850.0,6.1
30000000.0,1,5,2,69,4,2850.0,15.0
30000000.0,0,3,3,8,4,1400.0,10.0
33000000.0,1,6,2,61,4,2850.0,13.5
47000000.0,1,2,1,8,4,5000.0,12.0
11500000.0,1,3,1,61,4,2850.0,7.0
17000000.0,1,3,1,61,4,2850.0,7.0
24000000.0,0,4,2,89,4,2250.0,10.0
16500000.0,1,3,1,54,4,2850.0,6.3
48000000.0,1,3,1,166,4,4000.0,12.0
19500000.0,1,3,2,61,4,2850.0,10.0
2300000.0,0,3,1,166,4,2850.0,11.0
5800000.0,0,3,1,123,4,2850.0,11.0
29000000.0,1,1,1,98,4,2850.0,12.0
12500000.0,0,3,1,75,6,2850.0,15.0
35000000.0,0,3,3,69,4,2850.0,117.0
5000000.0,0,1,1,166,4,2850.0,16.5
24000000.0,0,4,1,64,6,2850.0,15.8
15800000.0,1,3,1,8,4,2850.0,15.8
12000000.0,0,3,1,48,5,2850.0,25.0
23500000.0,0,4,1,166,15,2850.0,21.0
39000000.0,1,3,1,41,4,2850.0,8.08
39000000.0,0,3,2,41,4,2850.0,10.0
32000000.0,1,3,1,89,4,2433.0,10.6
23800000.0,1,3,2,82,4,1300.0,7.3
76000000.0,1,4,2,34,4,3000.0,6.0
37500000.0,0,1,1,98,4,3000.0,11.0
4500000.0,1,1,1,9,4,2850.0,6.0
16000000.0,0,1,1,166,13,2850.0,11.0
6000000.0,1,3,1,50,6,2850.0,26.0
6700000.0,0,1,1,42,6,2850.0,36.0
8000000.0,0,3,2,50,6,2850.0,40.0
8000000.0,1,2,2,42,6,2850.0,15.0
3700000.0,0,3,1,50,6,2850.0,40.0
8000000.0,0,4,1,50,6,2850.0,130.0
28500000.0,1,5,2,42,6,2850.0,18.0
49800000.0,1,4,3,89,4,2850.0,20.0
5000000.0,0,4,1,146,7,2850.0,40.0
21500000.0,0,5,2,1,15,2850.0,15.5
11000000.0,0,3,1,101,15,2850.0,10.0
1500000.0,1,2,1,101,15,2850.0,11.0
9500000.0,0,3,1,101,15,2850.0,26.0
12000000.0,0,3,1,48,5,2850.0,25.0
8000000.0,1,2,1,166,4,2850.0,1.5
30750000.0,0,3,2,26,4,2850.0,3.75
11000000.0,0,3,2,66,6,2850.0,7.0
32000000.0,0,5,2,50,6,2850.0,16.5
30500000.0,0,2,1,166,4,1580.0,8.0
3800000.0,0,2,1,166,4,2850.0,10.0
12500000.0,0,3,1,50,6,2850.0,20.0
5500000.0,0,2,1,76,10,2850.0,70.0
6500000.0,1,3,1,141,20,2850.0,38.0
18000000.0,0,4,1,14,2,2850.0,11.0
16000000.0,1,2,1,113,4,2850.0,7.9
8000000.0,0,1,1,53,13,2850.0,56.0
28000000.0,1,4,3,166,4,2850.0,10.0
90000000.0,1,6,2,60,5,2850.0,16.0
8000000.0,0,1,1,63,13,2850.0,15.0
110000000.0,0,3,1,109,6,2850.0,10.0
6350000.0,0,3,1,50,6,2850.0,15.0
45000000.0,0,4,3,166,4,4000.0,11.2
20000000.0,1,3,2,166,4,1200.0,7.0
22000000.0,1,5,2,166,4,2850.0,12.5
23500000.0,1,3,2,166,4,2850.0,7.0
15000000.0,1,4,2,73,9,2850.0,10.0
14000000.0,0,3,1,61,4,2850.0,10.0
22000000.0,1,2,1,166,4,2850.0,8.55
17500000.0,1,3,2,166,4,2850.0,15.0
14000000.0,1,3,2,166,4,2850.0,6.0
11000000.0,1,3,1,166,9,2850.0,10.0
16000000.0,0,2,1,166,4,2850.0,45.0
20700000.0,0,6,2,23,19,2850.0,23.0
72500000.0,1,4,1,98,4,2850.0,9.1
10000.0,1,2,1,166,4,2850.0,2.5
22000000.0,1,3,2,166,4,2850.0,5.0
35000.0,0,3,1,76,10,2850.0,11.0
30000.0,0,1,1,66,6,2850.0,11.0
65000.0,0,2,1,89,4,2850.0,11.0
25500000.0,0,5,2,92,13,2850.0,15.5
30000000.0,1,5,2,95,6,2850.0,11.0
10000000.0,1,2,2,66,6,2850.0,10.6
10000000.0,1,3,2,66,6,2850.0,5.5
4500000.0,0,2,1,166,6,2850.0,5.0
18500000.0,1,5,2,66,6,2850.0,10.9
8000000.0,1,3,1,50,6,2850.0,13.0
20500000.0,1,3,2,66,6,2850.0,6.0
7800000.0,1,5,1,118,13,2850.0,30.0
23000000.0,0,3,1,138,6,2850.0,25.0
5000000.0,0,2,1,50,6,2850.0,17.4
16500000.0,1,2,1,66,6,2850.0,11.3
24000000.0,0,3,2,66,6,2850.0,34.9
8800000.0,1,4,1,10,2,2850.0,64.0
4500000.0,1,3,1,90,13,2850.0,53.0
32000000.0,1,5,2,66,6,2850.0,15.0
15000000.0,0,4,1,165,6,2850.0,10.0
19000000.0,1,6,1,166,10,2850.0,32.05
18000000.0,0,4,1,115,19,2850.0,130.0
10200000.0,0,3,1,138,6,110.0,8.6
13000000.0,1,3,1,66,6,2850.0,15.0
18500000.0,1,3,1,166,6,2850.0,15.5
9500000.0,0,1,1,66,6,2850.0,8.0
16500000.0,1,4,2,166,6,2850.0,15.0
4800000.0,1,3,1,52,6,2850.0,10.0
27500000.0,1,5,2,66,6,2850.0,10.3
14000000.0,1,3,1,81,6,2850.0,12.24
11550000.0,1,3,1,66,6,2850.0,21.0
55000000.0,0,4,1,48,5,2850.0,12.0
10000000.0,1,3,1,13,9,2850.0,10.0
20000000.0,0,4,1,73,9,2850.0,11.0
21000000.0,1,3,1,73,9,2850.0,15.0
6200000.0,0,5,1,76,10,2850.0,10.0
6500000.0,0,2,1,166,4,2850.0,10.0
5500000.0,1,2,1,62,9,2850.0,6.0
8500000.0,1,3,1,73,9,2850.0,9.5
14500000.0,0,3,1,166,4,2850.0,10.0
4500000.0,1,2,2,166,9,2850.0,5.0
7500000.0,1,2,1,166,4,2850.0,5.0
5500000.0,1,3,1,77,16,2850.0,17.0
36000000.0,1,4,2,69,4,2850.0,6.0
19000000.0,0,3,1,166,4,2850.0,7.5
9800000.0,0,4,2,119,6,2850.0,15.5
9700000.0,0,3,1,58,4,2850.0,11.5
15000000.0,0,4,2,58,4,2850.0,10.0
5000000.0,0,3,1,58,4,2850.0,15.0
10500000.0,0,3,1,166,4,2850.0,10.0
11000000.0,0,3,1,58,4,2850.0,13.0
6200000.0,0,3,1,58,4,2850.0,10.0
51000000.0,0,5,2,29,4,4670.0,7.5
3200000.0,0,3,1,114,13,2850.0,63.0
12500000.0,1,3,1,157,6,2850.0,6.7
5000000.0,0,2,1,50,6,2850.0,6.0
5500000.0,0,2,1,93,20,2850.0,11.0
7000000.0,0,3,1,13,9,2850.0,10.0
7500000.0,0,2,1,146,7,2850.0,20.0
5000000.0,0,2,1,78,6,2850.0,10.0
5500000.0,0,3,1,166,6,2850.0,14.0
7750000.0,1,3,1,166,6,2850.0,10.0
3800000.0,0,2,1,138,6,2850.0,8.0
20000000.0,1,1,1,62,9,2850.0,47.0
5500000.0,0,2,1,124,20,2850.0,53.0
19800000.0,0,3,2,166,6,2850.0,12.5
18800000.0,1,3,2,61,4,2850.0,6.0
13200000.0,1,3,1,61,4,2850.0,7.5
4500000.0,0,2,1,123,4,2850.0,10.0
69500000.0,0,5,4,89,4,5380.0,13.22
28500000.0,1,5,3,128,4,2850.0,6.0
8000000.0,1,2,1,133,4,2850.0,10.0
38000000.0,0,4,2,82,4,2850.0,10.0
21000000.0,1,3,1,166,9,2850.0,11.5
16000000.0,0,3,3,166,4,2850.0,10.5
25000000.0,1,3,2,133,4,2850.0,11.0
28000000.0,0,5,2,133,4,2850.0,11.0
46000000.0,1,4,3,133,4,2850.0,10.0
36000000.0,1,4,3,139,4,2850.0,9.01
7800000.0,0,5,1,50,6,2850.0,13.5
12500000.0,1,3,1,61,4,2850.0,10.0
18500000.0,0,3,2,61,4,2850.0,13.0
11700000.0,0,3,1,61,4,2850.0,10.0
11200000.0,1,3,1,61,4,2850.0,8.0
8500000.0,0,3,1,105,4,2850.0,10.0
21500000.0,0,3,2,8,4,1200.0,6.3
370000000.0,1,6,2,166,4,2500.0,45.9
39800000.0,1,4,3,54,4,2850.0,11.0
7800000.0,0,3,1,73,9,2850.0,10.5
46000000.0,1,1,1,73,9,2850.0,11.0
15000000.0,1,5,2,62,9,2850.0,12.5
27500000.0,1,2,1,73,9,2850.0,11.0
7000000.0,1,3,1,73,9,2850.0,9.0
5000000.0,1,2,1,73,9,2850.0,11.0
18000000.0,0,2,1,76,10,2850.0,16.0
16500000.0,1,3,1,76,10,2850.0,12.0
8800000.0,1,1,1,166,10,2850.0,12.0
4700000.0,1,1,1,76,10,2850.0,7.5
6000000.0,1,1,1,46,10,2850.0,57.0
39000000.0,1,3,2,133,4,1480.0,11.62
65000000.0,1,5,5,133,4,4500.0,18.0
22000000.0,1,2,2,133,4,2850.0,10.0
13000000.0,0,3,2,133,4,2850.0,10.0
275000000.0,1,4,3,82,4,2850.0,6.0
16500000.0,1,3,2,82,4,2850.0,7.5
19800000.0,0,3,2,166,4,2850.0,10.0
17000000.0,0,3,1,166,4,2850.0,6.2
24000000.0,0,3,2,82,4,2850.0,10.0
18000000.0,1,4,2,133,4,1890.0,12.0
21000000.0,0,3,2,82,4,2850.0,6.5
25000000.0,0,1,1,166,10,2850.0,25.0
27500000.0,0,2,1,141,20,2850.0,63.0
8000000.0,0,5,1,166,6,2850.0,15.0
25000000.0,0,3,2,50,6,2850.0,12.5
3500000.0,0,3,1,119,6,2850.0,14.5
7500000.0,1,3,1,58,4,2850.0,24.0
4500000.0,0,3,1,165,6,2850.0,12.85
39500000.0,1,5,2,66,6,2850.0,42.0
4500000.0,0,3,1,50,6,2850.0,12.5
25000000.0,0,8,3,117,6,2850.0,14.0
13000000.0,1,3,1,166,6,2850.0,12.5
16500000.0,0,5,2,58,4,2560.0,80.0
11000000.0,1,2,1,66,6,2850.0,7.79
12800000.0,0,2,2,19,6,2850.0,20.0
13000000.0,0,5,2,119,6,2850.0,14.0
5500000.0,0,3,1,166,6,2850.0,14.0
14000000.0,0,6,1,50,6,2850.0,15.0
12200000.0,1,3,1,50,6,2850.0,7.0
13000000.0,0,3,1,166,6,1200.0,7.0
11500000.0,0,3,1,166,6,1200.0,10.0
15500000.0,0,3,1,166,6,1200.0,13.0
15500000.0,0,4,2,64,6,2850.0,10.0
7700000.0,1,1,1,40,11,2850.0,10.0
4300000.0,0,3,1,47,11,2850.0,14.0
27500000.0,0,1,1,166,13,2850.0,15.0
220000000.0,1,5,3,50,6,2850.0,20.0
35000000.0,1,4,2,81,6,2850.0,10.0
42000000.0,0,5,2,66,6,3800.0,12.25
22900000.0,0,3,2,50,6,1550.0,12.5
42000000.0,0,6,3,84,6,2600.0,24.0
23500000.0,0,3,3,75,6,2850.0,10.0
37500000.0,0,4,2,84,6,2450.0,7.0
24000000.0,1,3,2,8,4,3250.0,20.0
60000000.0,1,3,3,166,9,3250.0,13.0
16800000.0,0,2,1,138,6,2850.0,11.0
7800000.0,1,2,1,66,6,2850.0,10.0
45000000.0,1,3,2,66,6,2850.0,10.0
22000000.0,0,3,2,117,6,1550.0,12.5
11000000.0,0,3,1,50,6,2850.0,12.0
17000000.0,0,3,1,166,6,2850.0,13.0
4100000.0,1,4,3,117,6,2850.0,11.0
31000000.0,0,4,2,73,9,2850.0,10.0
21500000.0,1,3,2,8,4,1150.0,6.0
12500000.0,1,2,1,66,6,2850.0,5.0
65000000.0,1,4,3,166,4,3200.0,20.0
11000000.0,1,3,1,50,6,2850.0,10.0
18000000.0,1,4,2,138,6,2850.0,8.0
10700000.0,0,3,1,109,6,2850.0,12.75
22000000.0,0,4,3,66,6,2850.0,11.0
11500000.0,0,3,1,50,6,2850.0,9.0
29500000.0,0,1,1,62,9,2850.0,10.0
39000000.0,0,3,2,66,6,2550.0,17.0
15500000.0,1,4,2,64,6,2850.0,10.0
10500000.0,0,3,1,50,6,1350.0,20.0
16000000.0,1,2,1,50,6,1850.0,10.0
18000000.0,1,3,1,166,6,2850.0,12.0
36000000.0,1,3,3,66,6,2805.24,13.5
24500000.0,0,4,2,66,6,1824.0,10.5
59000000.0,1,5,4,157,6,2850.0,11.0
45000000.0,0,5,4,88,4,2850.0,10.0
41000000.0,0,3,2,66,6,2850.0,10.25
10500000.0,0,3,1,166,6,2850.0,12.0
17500000.0,1,3,1,66,6,2850.0,10.0
27000000.0,1,6,6,48,5,2850.0,17.0
17800000.0,0,3,1,69,4,2850.0,8.0
26000000.0,0,4,2,98,4,2850.0,8.0
45000000.0,0,4,1,166,4,2850.0,13.5
350000000.0,0,3,1,50,6,2850.0,40.0
9000000.0,0,2,2,121,4,2850.0,20.0
200000.0,0,1,1,166,4,2850.0,1.5
7.5,0,3,1,66,6,2850.0,7.5
33000000.0,0,4,3,166,4,2850.0,10.0
27500000.0,1,3,2,166,4,2850.0,6.0
13500000.0,0,1,1,48,5,2850.0,7.5
23500000.0,1,4,2,73,9,2850.0,10.0
16500000.0,1,4,2,73,9,2850.0,11.55
19000000.0,1,3,2,73,9,1800.0,10.0
69000000.0,1,5,3,157,6,2850.0,14.0
20000000.0,0,3,1,61,4,2850.0,10.0
9800000.0,0,5,1,13,9,2850.0,6.5
4200000.0,0,3,1,62,9,2850.0,10.0
9500000.0,0,2,1,13,9,2850.0,12.5
6000000.0,0,3,1,13,9,2850.0,15.0
3600000.0,0,3,1,73,9,2850.0,9.0
12500000.0,0,3,1,13,9,2850.0,25.0
75000000.0,1,4,4,166,4,3900.0,7.5
36000000.0,0,5,3,86,4,4000.0,7.37
12000000.0,0,3,2,105,4,2850.0,10.7
6600000.0,0,3,3,31,4,1350.0,11.0
80000000.0,1,2,1,35,4,2050.0,11.0
5800000.0,1,2,1,166,9,2850.0,10.0
6200000.0,1,2,1,73,9,2850.0,10.0
22500000.0,1,4,2,126,9,2850.0,10.03
26000000.0,0,4,2,73,9,2850.0,10.0
19000000.0,0,4,2,73,9,2850.0,10.0
53000000.0,0,7,5,133,4,4000.0,11.0
6500000.0,0,2,1,73,9,2850.0,16.0
16000000.0,1,3,2,126,9,1440.0,10.0
26000000.0,1,3,3,166,4,1750.0,7.0
21500000.0,1,4,3,73,9,2200.0,12.01
16500000.0,1,3,2,126,9,1200.0,10.03
28500000.0,1,4,2,133,4,2850.0,10.0
18500000.0,1,3,2,126,9,2850.0,16.0
9800000.0,1,3,1,126,9,2850.0,10.0
39500000.0,1,3,2,166,9,2695.0,30.0
29800000.0,0,5,5,126,9,2570.0,14.0
19500000.0,1,4,2,73,9,4000.0,21.0
25500000.0,1,3,2,126,9,4000.0,17.0
38500000.0,0,3,2,73,9,4000.0,22.0
6100000.0,1,2,1,126,9,2850.0,7.5
34000000.0,1,3,3,126,9,2850.0,16.5
8500000.0,0,3,1,126,9,2850.0,21.0
12500000.0,0,3,1,126,9,2850.0,20.0
6000000.0,1,2,1,73,9,2850.0,10.0
9500000.0,0,4,1,13,9,2850.0,21.0
14500000.0,0,4,2,13,9,2850.0,38.5
12500000.0,1,3,2,48,5,2850.0,10.0
18000000.0,0,3,2,73,9,2850.0,10.0
9300000.0,0,2,1,73,9,2850.0,11.0
6000000.0,0,2,1,126,9,2850.0,7.5
6000000.0,0,4,1,73,9,3050.0,11.0
61000000.0,1,5,5,166,4,3050.0,16.5
28000000.0,0,5,2,126,9,3050.0,10.6
22000000.0,1,5,3,126,9,2850.0,10.0
7400000.0,1,2,1,126,9,2850.0,10.0
6700000.0,0,2,1,13,9,2850.0,10.0
6300000.0,1,2,1,126,9,2850.0,6.9
25000000.0,1,4,2,50,6,2850.0,10.0
6500000.0,1,3,1,166,17,2850.0,9.0
23500000.0,1,4,3,73,9,2850.0,7.2
11800000.0,1,3,1,166,4,1160.0,10.0
5300000.0,1,3,1,73,9,2850.0,10.0
4700000.0,1,2,1,73,9,2850.0,12.0
370100000.0,1,4,2,73,9,2850.0,9.5
15500000.0,1,3,1,73,9,2850.0,13.0
700000000.0,1,2,1,166,4,2850.0,16.65
6700000.0,1,3,1,73,9,2850.0,12.0
16500000.0,1,4,2,73,9,2850.0,11.55
23500000.0,1,4,2,73,9,2916.6,10.0
45000000.0,1,4,2,73,9,2916.6,16.81
6800000.0,1,2,1,126,9,2850.0,10.0
9500000.0,1,3,1,126,9,2850.0,7.63
6600000.0,1,3,1,73,9,2850.0,10.0
5000000.0,1,3,1,166,9,2850.0,20.0
20000000.0,1,10,10,13,9,2850.0,15.0
20000000.0,1,10,10,13,9,2850.0,15.0
9000000.0,0,3,1,126,9,2850.0,10.0
17500000.0,1,4,2,73,9,2300.0,15.0
14700000.0,1,2,1,73,9,1700.0,10.0
5500000.0,1,3,1,73,9,2850.0,9.0
8200000.0,1,5,1,73,9,2850.0,10.0
15500000.0,1,4,2,73,9,2500.0,38.5
5000000.0,1,2,1,126,9,2850.0,7.5
26500000.0,1,5,3,126,9,2850.0,10.0
8500000.0,1,3,2,61,4,2700.0,10.0
5300000.0,0,2,1,126,9,2700.0,7.5
8200000.0,0,3,1,73,9,2700.0,10.5
21000000.0,1,4,2,155,9,2700.0,10.0
14500000.0,1,5,2,73,9,2850.0,10.5
6500000.0,1,3,1,73,9,2850.0,10.0
6900000.0,0,2,1,73,9,2850.0,10.0
7500000.0,1,4,2,126,9,2850.0,6.9
16500000.0,1,4,2,73,9,2500.0,38.5
12500000.0,1,2,1,73,9,2850.0,10.0
19000000.0,1,4,2,166,4,2850.0,7.0
27000000.0,1,4,2,66,6,2850.0,10.0
4700000.0,0,2,1,73,9,2850.0,10.0
7700000.0,1,3,1,73,9,2850.0,15.0
8000000.0,0,3,1,73,9,3200.0,10.0
12000000.0,1,3,1,166,4,3200.0,10.0
39500000.0,0,6,4,73,9,3200.0,12.8
29500000.0,1,4,2,166,4,2250.0,10.0
9000000.0,1,3,1,73,9,2850.0,10.0
12000000.0,1,2,1,73,9,2850.0,10.0
21500000.0,0,5,2,73,9,2850.0,8.0
26000000.0,1,4,2,126,9,2850.0,8.5
25000000.0,1,4,2,73,9,2850.0,10.0
14000000.0,0,3,3,126,9,2850.0,10.5
6000000.0,0,3,1,119,6,2850.0,15.0
12500000.0,0,4,1,165,6,2850.0,19.0
14500000.0,0,3,1,119,6,2850.0,74.0
8000000.0,0,4,1,165,6,2850.0,10.5
35000.0,0,2,1,119,6,2850.0,11.0
650000.0,0,5,2,165,6,2850.0,11.0
16800000.0,0,4,1,119,6,2850.0,21.0
22700000.0,1,3,2,78,6,2850.0,8.7
12000000.0,0,3,2,166,6,2850.0,5.0
18500000.0,0,3,1,75,6,2850.0,21.0
28000000.0,0,3,1,64,6,2850.0,11.0
28000000.0,0,3,1,64,6,2850.0,11.0
24000000.0,0,4,2,138,6,2850.0,8.0
29500000.0,0,4,3,50,6,2850.0,10.0
95000000.0,0,4,2,64,6,5100.0,10.6
55000000.0,0,4,3,157,6,2850.0,9.0
35000000.0,0,3,2,138,6,1800.0,6.0
48000000.0,1,4,3,75,6,2800.0,16.0
26000000.0,1,3,2,64,6,2400.0,11.0
12500000.0,0,1,1,75,6,2850.0,11.0
18500000.0,0,3,2,75,6,2850.0,11.0
21000000.0,1,3,2,78,6,2850.0,8.0
149000000.0,1,5,5,121,4,6000.0,14.8
220000000.0,0,6,6,41,4,7000.0,28.0
50000000.0,0,4,1,117,6,2850.0,13.0
80000000.0,0,1,1,122,17,2850.0,28.0
15000000.0,1,1,1,41,4,2850.0,3.6
6500000.0,1,1,1,166,4,2850.0,13.0
30000000.0,1,4,1,165,6,2850.0,20.0
36000000.0,1,4,2,165,6,2850.0,12.5
11500000.0,1,3,1,66,6,2850.0,10.0
6000000.0,1,3,1,50,6,2850.0,7.5
180000.0,0,5,3,96,4,3000.0,20.0
88000.0,0,2,2,166,4,800.0,10.0
35000.0,0,1,1,166,4,2850.0,11.0
88000000.0,0,3,1,166,4,2850.0,22.15
14500000.0,0,3,2,54,4,2850.0,10.0
9500000.0,0,3,1,101,15,2850.0,71.0
15500000.0,0,3,2,101,15,2850.0,7.7
16800000.0,0,3,1,101,15,2850.0,15.0
14000000.0,1,1,1,92,13,2850.0,100.0
16000000.0,1,2,1,113,4,2850.0,11.0
17500000.0,0,2,1,10,2,2850.0,11.0
9500000.0,0,1,1,166,7,2850.0,146.0
18000000.0,0,4,2,14,2,2850.0,11.0
6500000.0,1,3,1,10,2,2850.0,38.0
18500000.0,0,2,1,50,6,2850.0,20.0
80000000.0,0,4,1,73,9,2850.0,5.0
18000000.0,1,1,1,133,4,2850.0,13.0
5500000.0,0,1,1,76,10,2850.0,70.0
12500000.0,0,2,1,166,10,2850.0,22.0
12500000.0,0,3,1,166,6,2850.0,11.0
29000000.0,0,4,2,8,4,2600.0,15.0
12000000.0,0,1,1,22,16,2850.0,15.0
15000000.0,0,3,2,166,4,2850.0,8.9
15000000.0,1,5,2,166,4,2850.0,11.0
11500000.0,1,4,1,166,4,2850.0,10.0
8500000.0,1,4,1,166,4,2850.0,10.0
37500000.0,0,4,2,82,4,2850.0,11.0
23000000.0,0,3,1,166,4,2850.0,11.5
7000000.0,1,2,1,73,9,2850.0,11.0
17500000.0,1,3,2,82,4,1505.0,10.52
8000000.0,1,3,1,166,9,2850.0,8.0
13500000.0,1,2,1,166,4,2850.0,10.0
18700000.0,0,3,1,50,6,1350.0,11.0
160000000.0,0,4,2,50,6,2850.0,12.5
16000000.0,0,4,2,50,6,2850.0,13.0
8000000.0,0,3,1,166,6,2850.0,40.0
8000000.0,1,2,1,42,6,2850.0,15.0
31000000.0,1,4,2,42,6,2850.0,100.0
3700000.0,0,3,1,50,6,2850.0,40.0
8000000.0,1,1,1,25,4,2850.0,11.0
9500000.0,0,2,2,166,4,2850.0,1.0
55000000.0,0,1,1,41,4,2850.0,6.0
52000000.0,0,4,2,37,4,2850.0,25.0
27000000.0,0,3,1,142,4,2850.0,16.0
44000000.0,0,4,3,166,4,2800.0,10.0
150000000.0,1,4,4,166,6,6000.0,13.5
56500000.0,0,5,2,89,4,4340.0,10.0
112000000.0,1,8,8,41,4,2850.0,14.0
4500000.0,0,2,1,50,6,2850.0,11.0
33000000.0,0,2,1,166,4,700.0,11.0
13000000.0,0,3,1,166,4,2850.0,10.0
95000000.0,1,4,2,157,6,2850.0,14.0
20000000.0,1,3,3,166,6,2850.0,8.0
245000000.0,0,4,3,166,4,2850.0,24.5
16500000.0,1,4,2,166,4,1200.0,8.0
32000000.0,0,4,3,166,4,3000.0,10.8
80000000.0,0,5,5,41,4,2250.0,8.0
17000000.0,1,4,4,166,4,2850.0,9.8
45000000.0,1,4,3,113,4,2000.0,7.5
31000000.0,0,5,3,61,4,2850.0,8.5
9500000.0,1,3,1,61,4,2850.0,11.0
15000000.0,1,3,2,50,6,1200.0,7.0
19500000.0,1,3,2,61,4,2850.0,10.0
33000000.0,1,3,3,166,4,2850.0,6.0
14000000.0,1,3,1,61,4,2850.0,10.0
7500000.0,1,2,1,166,9,2850.0,5.0
69500000.0,0,5,4,166,4,2850.0,20.0
33500000.0,0,3,3,64,6,3500.0,8.0
25000000.0,0,4,3,98,4,2850.0,10.0
32000000.0,1,3,4,166,4,2433.0,10.6
16000.0,0,1,1,166,4,2850.0,11.0
8600000.0,1,2,1,166,6,2850.0,9.0
85000.0,0,3,2,121,4,1500.0,10.0
79000000.0,0,4,4,166,4,3580.0,16.0
37000000.0,0,4,3,89,4,2850.0,6.5
46000000.0,0,4,3,128,4,2850.0,8.0
120000000.0,0,1,1,89,4,2850.0,75.0
7000000.0,1,3,1,50,6,2850.0,10.7
23000000.0,1,3,1,50,6,2850.0,45.0
18000000.0,0,5,2,50,6,2300.0,19.0
4200000.0,1,3,1,50,6,2850.0,15.0
10000000.0,0,3,1,166,6,2850.0,10.0
13000000.0,1,3,1,85,6,2850.0,30.0
8200000.0,0,2,1,138,6,2850.0,8.5
32000000.0,0,3,2,82,4,2850.0,10.0
11000000.0,0,3,1,71,19,2850.0,11.0
10000.0,0,1,1,30,4,2850.0,11.0
12500000.0,0,1,1,73,9,2850.0,11.0
9000000.0,1,3,2,61,4,4247.0,15.6
24000000.0,0,3,1,61,4,2000.0,11.0
8000000.0,0,3,3,166,6,2850.0,11.0
7500000.0,0,3,1,50,6,2850.0,13.5
7500000.0,0,2,1,66,6,2850.0,11.5
7500000.0,0,4,1,48,5,2850.0,40.0
7000000.0,1,2,1,50,6,2850.0,5.2
25715000.0,0,2,1,166,4,2850.0,6.95
16500000.0,0,4,1,70,20,2850.0,17.3
1800000.0,0,1,1,80,1,2850.0,1.0
37000000.0,0,4,2,8,4,2650.0,10.5
11200000.0,1,3,1,166,6,2850.0,9.5
11500000.0,0,2,1,166,6,2850.0,7.0
26000000.0,0,3,2,165,6,2850.0,8.0
14500000.0,0,5,2,165,6,2850.0,15.0
7500000.0,1,4,1,50,6,2850.0,10.0
8700000.0,0,4,1,45,1,2850.0,11.0
43500000.0,1,2,1,10,2,2850.0,6.0
19000000.0,0,4,2,166,6,2850.0,25.0
9000000.0,0,2,1,119,6,2850.0,10.0
4800000.0,0,3,1,50,6,2850.0,33.0
8800000.0,0,3,1,134,13,2850.0,47.0
7800000.0,0,7,1,166,13,2850.0,40.0
9500000.0,0,3,1,69,4,2850.0,12.0
12000000.0,0,4,1,166,4,2850.0,11.0
17000000.0,0,3,2,58,4,1800.0,7.5
7000000.0,0,1,1,64,6,2850.0,16.0
14800000.0,0,3,2,50,6,1497.0,11.0
40000000.0,0,4,1,155,9,2000.0,20.0
14500000.0,0,1,1,98,4,2850.0,11.0
18500000.0,0,3,2,117,6,2850.0,11.0
3900000.0,0,5,1,6,1,2850.0,1.5
9500000.0,0,4,2,166,4,2850.0,11.0
10000000.0,0,1,1,166,4,2850.0,19.5
40000000.0,0,10,4,66,6,2850.0,25.0
15000000.0,0,3,1,133,4,2850.0,6.5
8500000.0,0,3,1,166,7,2850.0,18.0
4700000.0,0,3,2,50,6,2850.0,33.0
55000000.0,0,4,3,98,4,2850.0,10.0
10000000.0,0,5,4,166,4,2850.0,11.0
17000000.0,0,3,1,50,6,2850.0,13.0
35000000.0,0,5,3,98,4,1500.0,15.5
8400000.0,0,2,1,166,4,2850.0,3.0
25500000.0,0,5,2,101,15,3000.0,32.0
7800000.0,0,5,3,48,5,2850.0,11.0
45000000.0,1,7,5,6,1,2850.0,130.0
14000000.0,0,3,1,85,6,2850.0,20.0
4000000.0,0,2,1,50,6,2850.0,14.0
17000000.0,0,3,2,50,6,2850.0,17.0
4500000.0,0,3,2,48,5,2850.0,34.0
4500000.0,1,2,1,166,6,2850.0,8.0
9500000.0,0,1,1,138,6,2850.0,6.5
25000000.0,0,3,1,81,6,2850.0,20.0
21500000.0,0,4,2,61,4,2850.0,9.0
36000000.0,1,6,2,166,4,2850.0,11.0
14700000.0,0,3,1,154,6,2850.0,20.0
5500000.0,0,5,1,6,1,2850.0,1.0
6000000.0,0,2,1,48,5,2850.0,44.0
6000000.0,0,1,1,48,5,2850.0,110.0
9800000.0,0,2,2,76,10,2850.0,11.0
13500000.0,0,3,2,69,4,2850.0,20.0
11900000.0,0,3,1,69,4,2850.0,14.0
11000000.0,0,3,1,133,4,900.0,7.0
8500000.0,0,2,1,78,6,2850.0,11.0
3100000.0,0,2,1,166,10,2850.0,10.0
12000000.0,0,2,1,166,4,2850.0,6.8
13000000.0,0,3,2,39,19,2850.0,10.0
6000000.0,0,1,1,73,9,2850.0,10.3
16500000.0,0,3,2,144,6,2850.0,15.0
13000000.0,0,2,1,166,4,2850.0,11.0
8000000.0,0,2,1,44,20,2850.0,14.0
16000000.0,0,3,1,133,4,2850.0,6.5
7500000.0,0,3,1,50,6,2850.0,12.5
3600000.0,0,1,1,101,15,2850.0,11.0
2500000.0,0,3,1,44,20,2850.0,40.0
10000000.0,0,2,2,126,9,2850.0,16.0
7200000.0,0,5,1,166,1,2850.0,3.0
8500000.0,0,1,1,92,13,2850.0,2.0
3300000.0,0,3,1,76,10,2850.0,23.0
8250000.0,1,3,2,120,1,2850.0,80.0
12500000.0,0,1,1,73,9,2850.0,10.0
98000000.0,1,3,1,166,4,3428.0,13.7
65000000.0,1,5,5,166,4,2042.0,7.5
80000000.0,0,9,5,139,4,2850.0,15.0
98000000.0,1,3,4,166,4,2500.0,12.0
195000000.0,1,6,5,32,4,3828.0,10.0
28800000.0,0,3,2,152,22,2400.0,11.0
220000000.0,1,6,5,166,4,6000.0,20.0
98000000.0,1,3,1,166,4,3428.0,13.7
400000000.0,0,6,5,139,4,10000.0,70.0
300000000.0,1,4,4,32,4,3500.0,16.4
250000000.0,1,4,3,116,4,5500.0,11.0
23200000.0,1,2,2,166,4,2850.0,9.6
39000000.0,1,4,4,166,4,2850.0,8.0
34000000.0,0,1,1,96,4,2850.0,9.5
180000000.0,1,5,5,166,4,2850.0,11.0
60000000.0,0,3,2,116,4,2850.0,10.0
115000000.0,1,8,8,166,4,6000.0,7.5
25000000.0,0,1,1,126,9,2850.0,11.0
95000000.0,1,4,6,20,4,4400.0,12.8
93000000.0,1,5,3,8,4,2500.0,14.0
68000000.0,0,5,5,166,4,3500.0,7.0
58000000.0,0,4,3,166,4,2450.0,8.5
69500000.0,1,5,3,166,4,3500.0,21.0
49500000.0,0,4,3,166,4,2824.0,10.73
62000000.0,0,3,3,166,4,2350.0,9.9
95900000.0,1,4,6,166,4,2782.0,11.0
55000000.0,1,4,3,166,4,3500.0,7.0
70000000.0,0,5,3,147,4,2800.0,10.5
200000000.0,0,10,8,166,4,8250.0,20.0
28500000.0,1,3,2,166,4,2850.0,11.0
105000000.0,1,4,4,166,4,4000.0,8.0
82000000.0,1,3,3,166,4,2517.0,12.0
26000000.0,1,6,5,117,6,2850.0,10.0
78000.0,1,2,2,139,4,2850.0,11.0
30000.0,0,1,1,54,4,2850.0,11.0
59000000.0,1,4,3,15,4,3000.0,6.0
140000000.0,1,5,5,147,4,5500.0,21.0
69000000.0,1,4,4,166,4,3800.0,10.0
42000000.0,1,4,3,48,5,2850.0,7.5
59000000.0,0,3,3,15,4,2744.0,13.12
88000000.0,1,4,3,147,4,4516.0,9.8
58000000.0,0,4,3,166,4,2450.0,8.5
10500000.0,0,3,1,89,4,2850.0,15.0
23800000.0,0,3,3,84,6,1250.0,8.5
27500000.0,1,3,1,84,6,2850.0,11.0
11000000.0,0,3,1,50,6,2850.0,14.0
9000000.0,0,3,1,61,4,2850.0,6.6
38700000.0,0,3,2,8,4,2850.0,7.7
9500000.0,0,1,1,8,4,2850.0,6.0
17000000.0,1,3,1,61,4,2850.0,7.0
16500000.0,1,3,1,61,4,2850.0,6.5
28500000.0,1,3,3,166,4,2700.0,7.5
25000000.0,1,3,2,8,4,1200.0,6.75
19500000.0,0,3,2,61,4,2850.0,7.0
29500000.0,0,3,2,166,4,1550.0,7.0
26000000.0,1,3,2,8,4,2850.0,6.1
14000000.0,1,3,1,61,4,2850.0,7.0
19000000.0,1,4,2,8,4,2700.0,6.3
8800000.0,0,3,1,61,4,2850.0,7.0
16500000.0,1,3,1,61,4,2850.0,10.5
19000000.0,1,4,2,61,4,2850.0,12.0
14000000.0,0,3,2,61,4,2850.0,10.0
26500000.0,1,4,2,166,15,2850.0,10.0
46000000.0,1,5,3,147,4,40000.0,8.0
23500000.0,1,3,2,166,4,2850.0,11.0
35000000.0,1,4,3,82,4,2200.0,9.0
12000000.0,1,3,2,162,4,2850.0,3.5
12500000.0,1,3,1,166,4,2850.0,11.0
15000000.0,0,1,1,89,4,2850.0,11.0
10000000.0,0,1,1,89,4,2850.0,15.0
6000000.0,0,2,1,155,9,2850.0,7.5
10700000.0,1,3,1,50,6,2850.0,12.75
16500000.0,1,4,3,61,4,2850.0,10.0
16000000.0,0,4,1,123,4,2850.0,38.0
9000000.0,0,3,1,61,4,2850.0,10.0
11000000.0,1,3,1,61,4,2850.0,10.0
25000000.0,0,6,2,61,4,2850.0,10.0
6200000.0,0,2,1,1,15,2850.0,15.0
11500000.0,1,2,1,159,7,2850.0,16.0
23000000.0,0,3,1,113,4,2850.0,23.0
6500000.0,0,2,2,166,4,2850.0,15.0
3500000.0,1,1,1,29,4,2850.0,1.2
14000000.0,1,5,3,105,4,2850.0,2.8
55000000.0,1,8,3,50,6,2850.0,20.0
6500000.0,0,2,1,25,4,2850.0,2.5
13600000.0,1,4,1,85,6,2850.0,74.0
13000000.0,0,3,1,66,6,2850.0,13.5
8000000.0,0,2,1,166,6,2850.0,10.0
12500000.0,0,3,1,66,6,2850.0,24.0
11500000.0,0,3,1,66,6,2850.0,15.0
13500000.0,0,5,1,66,6,2850.0,10.0
13500000.0,0,3,1,66,6,2850.0,7.0
8500000.0,0,3,1,166,6,2850.0,35.0
14500000.0,0,1,1,166,6,2850.0,9.1
14500000.0,0,1,1,66,6,2850.0,8.5
96300000.0,0,6,6,122,17,3000.0,23.0
95000000.0,1,3,4,166,4,2700.0,13.0
35000000.0,0,2,1,142,4,2850.0,11.0
38500000.0,1,5,4,147,4,2850.0,8.0
29250000.0,1,5,3,35,4,2850.0,19.5
62000000.0,1,3,3,166,4,2350.0,9.9
39000000.0,1,2,1,96,4,2850.0,21.0
38500000.0,0,5,3,128,4,2926.0,6.5
28000000.0,1,3,2,166,4,1350.0,8.0
70000000.0,1,4,4,121,4,2850.0,6.0
19900000.0,1,4,1,61,4,2850.0,12.0
89000000.0,0,7,3,33,4,2850.0,8.3
44000000.0,0,4,4,89,4,3250.0,10.8
59000000.0,1,4,4,82,4,3500.0,10.0
21500000.0,0,4,3,69,4,2850.0,11.0
22500000.0,1,3,1,121,4,2850.0,11.0
68500000.0,1,5,4,166,4,2900.0,7.8
16000000.0,0,3,1,139,4,2850.0,6.0
39000000.0,0,4,3,166,4,3200.0,10.0
199000000.0,1,4,2,98,4,2850.0,20.0
23000000.0,1,4,2,8,4,2200.0,6.0
25000000.0,1,7,2,98,4,2850.0,10.0
22000000.0,1,6,2,98,4,2850.0,7.0
68000000.0,0,4,2,166,4,2850.0,7.0
25000000.0,0,3,1,8,4,2850.0,17.6
100000000.0,0,5,5,41,4,2250.0,8.0
3500000.0,1,1,1,166,4,2850.0,7.91
120000000.0,0,5,4,96,4,2850.0,10.5
58000000.0,1,4,3,147,4,3500.0,7.0
55000000.0,1,4,4,166,4,2850.0,16.0
57000000.0,1,3,2,15,4,2850.0,15.0
15500000.0,1,1,1,166,4,1200.0,3.6
37500000.0,1,3,4,133,4,3200.0,7.0
60000000.0,0,4,4,133,4,2850.0,11.0
15000000.0,1,4,2,166,6,2850.0,15.0
5800000.0,0,1,1,50,6,2850.0,15.0
16000000.0,0,4,1,66,6,2850.0,12.0
10000000.0,0,2,1,66,6,2850.0,10.0
30000000.0,0,7,3,50,6,2850.0,17.0
8000000.0,0,2,1,113,4,2850.0,7.0
16500000.0,0,5,2,113,4,2850.0,7.2
49000000.0,1,5,2,76,10,2850.0,29.0
2800000.0,0,3,1,6,1,2850.0,46.0
24500000.0,0,6,1,166,10,2850.0,10.6
23000000.0,1,1,1,76,10,2850.0,10.0
26000000.0,0,2,2,78,6,2000.0,2.5
10000000.0,0,2,1,64,6,2850.0,6.1
9000000.0,0,1,1,90,13,2850.0,15.0
9000000.0,0,1,1,53,13,2850.0,250.0
5000000.0,1,1,1,92,13,2850.0,15.0
14000000.0,0,3,1,166,15,2850.0,10.5
5600000.0,0,3,1,101,15,2850.0,25.0
30000000.0,1,6,2,101,15,2850.0,13.0
7500000.0,0,3,1,126,9,2850.0,9.75
11500000.0,0,3,1,126,9,2850.0,13.0
17000000.0,0,1,1,76,10,2850.0,160.0
25000000.0,0,4,2,166,9,2850.0,14.0
14000000.0,1,3,1,76,10,2850.0,1.0
70000000.0,0,2,1,142,4,2850.0,20.0
32500000.0,1,3,3,89,4,2850.0,14.0
140000000.0,1,7,2,101,15,2500.0,30.0
2800000.0,1,2,1,1,15,2850.0,9.0
22000000.0,1,3,1,3,5,2850.0,6.4
47000000.0,0,4,4,138,6,2850.0,6.0
30000000.0,1,3,1,166,5,2850.0,15.0
12000000.0,0,2,1,166,9,2850.0,10.0
11000000.0,1,5,1,166,18,2850.0,100.0
4500000.0,1,3,1,126,9,2850.0,10.07
27720000.0,1,3,1,50,6,2850.0,154.0
28500000.0,0,6,2,166,5,2850.0,11.5
8500000.0,0,4,2,141,20,2850.0,49.5
12000000.0,1,2,1,66,6,2850.0,7.79
46000000.0,0,5,3,89,4,3000.0,8.5
9000000.0,1,3,1,50,6,2850.0,14.0
3000000.0,0,1,1,166,9,2850.0,11.0
15500000.0,0,4,2,166,6,2850.0,12.0
53000000.0,0,2,1,90,13,4500.0,39.9
8900000.0,1,1,1,50,6,2850.0,80.0
19500000.0,0,3,1,8,4,2850.0,9.0
19500000.0,0,3,2,166,4,1250.0,13.0
12000000.0,1,2,1,54,4,2850.0,6.8
34000000.0,0,3,2,8,4,2150.0,6.5
63500000.0,1,4,4,166,4,4917.0,10.0
4800000.0,1,1,1,110,6,2850.0,9.0
26500000.0,0,3,1,41,4,2850.0,10.0
16000000.0,0,3,2,142,4,2850.0,5.0
55000000.0,1,1,1,41,4,2850.0,6.0
49000000.0,1,3,2,33,4,2850.0,9.0
185000000.0,0,6,5,166,4,9500.0,40.0
29000000.0,1,4,4,166,4,2850.0,3.6
59000000.0,1,4,5,166,4,2850.0,6.0
59000000.0,0,6,4,139,4,2850.0,6.0
21560000.0,1,5,1,92,13,2850.0,44.0
9600000.0,1,1,1,94,7,2850.0,40.0
11000000.0,1,3,1,48,5,2850.0,16.5
18000000.0,1,4,1,163,16,2850.0,5.0
12500000.0,0,4,1,149,15,2850.0,30.0
8600000.0,1,1,1,48,5,2850.0,23.0
6500000.0,0,3,1,48,5,2850.0,11.0
8500000.0,0,1,1,48,5,2850.0,40.0
23000000.0,0,4,3,48,5,2850.0,18.0
8500000.0,0,4,1,50,6,2850.0,14.2
37000000.0,0,4,2,92,13,3600.0,15.0
7500000.0,1,4,2,92,13,2850.0,30.0
8000000.0,1,1,1,110,6,2850.0,17.9
23000000.0,0,4,2,92,13,2850.0,21.0
11000000.0,1,2,2,92,13,2850.0,18.0
22500000.0,0,4,2,92,13,2850.0,21.0
47000000.0,1,7,5,6,1,8065.0,130.0
5500000.0,0,2,1,30,4,2850.0,11.0
3600000.0,0,6,2,51,10,2850.0,24.0
26000000.0,0,3,1,81,6,2850.0,20.0
9000000.0,0,3,1,117,6,2850.0,6.0
3500000.0,0,2,1,135,18,2850.0,40.0
3500000.0,1,3,1,135,18,2850.0,20.0
3500000.0,0,2,1,135,18,2850.0,40.0
1400000.0,0,2,1,11,18,2850.0,20.0
1900000.0,0,3,1,135,18,2850.0,80.0
7800000.0,0,3,1,68,18,2850.0,20.0
28000000.0,1,3,1,166,4,2850.0,20.0
59000000.0,0,4,3,98,4,2707.0,7.0
19000000.0,1,2,1,89,4,1150.0,10.0
4950000.0,0,3,1,50,6,2850.0,22.0
2750000.0,0,3,1,50,6,2850.0,10.0
2000000.0,0,3,1,50,6,2850.0,4.0
4500000.0,0,3,1,50,6,2850.0,14.5
17000000.0,1,5,1,90,13,2850.0,92.0
6800000.0,1,2,1,156,13,2850.0,20.0
26000000.0,1,3,1,156,13,2850.0,28.5
9500000.0,1,3,2,114,13,2850.0,22.0
5700000.0,1,3,1,127,13,2850.0,15.0
26000000.0,1,3,3,39,19,2850.0,15.0
12000000.0,1,4,2,90,13,2850.0,16.5
7300000.0,1,3,1,114,13,2850.0,15.0
25000000.0,1,3,2,39,19,2850.0,50.0
25000000.0,1,3,2,90,13,2850.0,178.0
16000000.0,0,3,1,90,13,2850.0,30.0
13000000.0,1,5,2,114,13,2850.0,15.0
8500000.0,1,2,1,156,13,2850.0,20.5
16000000.0,0,4,1,90,13,2850.0,80.0
27500000.0,1,3,2,137,19,2850.0,32.25
16000000.0,1,3,1,115,19,2850.0,15.0
16000000.0,1,3,1,137,19,2850.0,20.0
20000000.0,0,4,1,92,13,2850.0,15.0
37500000.0,0,5,1,166,13,2850.0,30.6
6000000.0,0,2,1,62,9,2850.0,6.5
6500000.0,0,3,1,17,7,2850.0,20.0
2600000.0,1,2,1,17,7,2850.0,30.0
9000000.0,1,4,1,17,7,2850.0,53.0
5000000.0,1,3,1,17,7,2850.0,8.33
15000000.0,0,1,1,17,7,2850.0,3.0
11500000.0,1,6,2,4,7,2850.0,16.0
15000000.0,1,3,1,81,6,2850.0,20.0
11500000.0,0,3,1,89,4,2850.0,6.9
16500000.0,1,4,2,121,4,2850.0,6.5
18000000.0,1,2,1,61,4,2850.0,15.0
11000000.0,1,1,1,105,4,2850.0,8.0
24000000.0,0,2,1,42,6,2850.0,16.0
19500000.0,0,3,1,166,4,2850.0,8.0
19500000.0,0,3,3,98,4,2850.0,11.0
48000000.0,1,4,2,117,6,3000.0,57.0
22000000.0,0,2,1,142,4,2850.0,5.0
5600000.0,1,3,1,166,6,2850.0,12.5
71750000.0,1,4,2,166,4,2850.0,20.5
23500000.0,0,7,5,166,4,2850.0,5.25
31000000.0,0,1,1,166,4,2850.0,4.0
18000000.0,0,3,1,41,4,2850.0,11.0
20200000.0,1,4,2,103,11,2850.0,13.5
125000000.0,0,4,4,32,4,2850.0,6.5
30000000.0,1,4,2,41,4,1800.0,5.15
40000000.0,0,3,2,15,4,2850.0,10.7
38000000.0,0,3,3,41,4,2000.0,6.68
50000000.0,0,4,3,41,4,2850.0,7.0
19000000.0,0,3,1,8,4,2850.0,7.9
24000000.0,0,3,3,98,4,1900.0,10.0
52000000.0,0,4,2,41,4,2800.0,6.0
50000000.0,0,6,3,41,4,2700.0,9.1
12000000.0,0,4,1,166,4,2850.0,13.0
30000.0,0,1,1,166,4,2850.0,11.0
38000000.0,0,1,1,166,4,2850.0,7.7
7900000.0,1,2,1,166,6,2850.0,9.0
45000.0,0,3,1,147,4,2850.0,11.0
35000000.0,1,6,5,41,4,2850.0,3.3
55000000.0,1,3,2,41,4,2850.0,8.75
45000000.0,0,1,1,41,4,2850.0,10.1
25000000.0,0,4,2,133,4,2100.0,13.9
350000000.0,0,4,3,121,4,7000.0,43.0
130000000.0,0,5,1,166,4,4050.0,20.0
48000000.0,0,5,4,166,4,2850.0,8.5
15000000.0,0,3,2,89,4,2850.0,7.5
9800000.0,0,3,2,105,4,2850.0,6.0
15000000.0,0,2,1,121,4,2850.0,5.25
32500000.0,0,5,3,121,4,2850.0,7.0
79500000.0,0,4,5,96,4,2850.0,16.0
30000000.0,0,2,2,20,4,2850.0,11.0
35000000.0,0,1,1,121,4,2850.0,10.0
40000000.0,0,2,1,41,4,2850.0,11.0
45000000.0,0,3,1,166,4,2850.0,17.0
31000000.0,0,4,3,98,4,2850.0,6.0
40000000.0,0,3,3,166,4,2850.0,10.7
55000000.0,1,4,3,98,4,2850.0,10.0
8500000.0,1,3,1,64,6,2850.0,10.0
4000000.0,0,2,1,145,1,2850.0,65.0
8000000.0,0,3,1,50,6,2850.0,29.0
7000000.0,1,3,1,166,6,2850.0,15.0
9800000.0,0,4,1,50,6,2850.0,23.0
6800000.0,0,3,1,50,6,2850.0,10.0
4500000.0,0,2,1,166,6,2850.0,10.0
2700000.0,1,3,1,85,6,2850.0,32.0
5500000.0,1,3,1,166,6,2850.0,15.0
5600000.0,0,3,1,85,6,2850.0,28.0
2300000.0,0,2,1,85,6,2850.0,30.0
3200000.0,1,2,1,166,6,2850.0,15.0
7500000.0,0,3,1,50,6,2850.0,12.0
7700000.0,0,3,2,85,6,2850.0,15.0
30000000.0,0,2,1,166,9,2850.0,45.0
62000000.0,1,6,3,166,4,2850.0,15.0
19800000.0,1,4,3,8,4,2850.0,22.0
8400000.0,0,3,1,109,6,2850.0,45.0
17000000.0,1,3,2,64,6,2850.0,7.9
16500000.0,1,5,2,73,9,2850.0,11.5
16500000.0,1,2,2,73,9,2850.0,10.0
29500000.0,1,4,2,113,4,2023.0,6.2
17500000.0,1,3,2,73,9,2850.0,10.0
39500000.0,1,5,3,133,4,3341.0,6.7
9800000.0,1,3,1,126,9,2850.0,15.0
25000000.0,1,4,2,73,9,2850.0,12.5
26000000.0,1,3,3,73,9,1815.0,12.5
19500000.0,1,4,3,73,9,2850.0,10.0
23500000.0,1,3,2,166,4,2850.0,7.5
15500000.0,0,3,1,166,4,2850.0,10.0
105000000.0,1,5,2,166,4,2850.0,21.0
20000000.0,1,5,2,166,4,2850.0,10.0
16000000.0,0,3,2,61,4,2850.0,20.0
40000000.0,1,4,1,166,4,2850.0,12.0
50000000.0,1,7,3,87,4,2850.0,13.0
135000000.0,1,6,4,41,4,2850.0,15.5
30000000.0,1,4,3,15,4,2850.0,6.5
25500000.0,1,3,1,81,6,2850.0,19.0
26500000.0,1,5,2,166,4,2850.0,12.0
33000000.0,1,4,1,66,6,2850.0,10.0
9000000.0,0,3,1,101,15,2850.0,80.0
7100000.0,0,3,3,161,2,2850.0,11.0
30000000.0,1,4,2,73,9,2850.0,17.0
17500000.0,1,3,2,166,4,1225.0,6.0
25000000.0,0,4,3,89,4,2850.0,8.0
26000000.0,0,3,3,98,4,2200.0,6.5
23000000.0,0,3,2,8,4,1200.0,6.0
27000000.0,1,3,2,98,4,2850.0,18.0
18500000.0,1,3,2,8,4,1250.0,7.9
34000000.0,0,3,2,8,4,1650.0,6.5
11700000.0,0,2,1,61,4,2850.0,13.0
96000000.0,1,3,1,66,6,2850.0,60.0
4700000.0,1,2,1,166,6,2850.0,17.0
5500000.0,0,3,1,166,6,2850.0,22.0
450000.0,0,3,1,50,6,2850.0,15.0
28500000.0,1,5,2,66,6,2850.0,15.5
4800000.0,1,4,2,85,6,2850.0,20.0
4200000.0,0,3,1,85,6,2850.0,10.0
6000000.0,0,3,1,52,6,2850.0,16.5
4200000.0,0,2,1,165,6,2850.0,15.0
5200000.0,0,3,2,85,6,2850.0,26.0
6800000.0,1,2,1,166,6,2850.0,7.0
6000000.0,1,3,1,85,6,2850.0,15.0
5500000.0,1,3,1,85,6,2850.0,10.0
2900000.0,0,2,1,166,6,2850.0,8.0
3500000.0,0,2,1,9,4,2850.0,12.9
9800000.0,0,4,1,42,6,1756.0,40.0
5000000.0,1,3,1,50,6,2850.0,7.0
7000000.0,0,3,1,166,6,2850.0,44.0
3000000.0,1,2,1,50,6,2850.0,6.8
5000000.0,0,3,1,85,6,2850.0,31.0
3000000.0,0,2,1,85,6,2850.0,12.5
75000000.0,0,7,7,101,15,2850.0,27.0
27500000.0,0,4,1,119,6,2850.0,35.0
2800000.0,1,2,1,166,6,2850.0,20.0
2200000.0,1,2,1,109,6,2850.0,8.4
4650000.0,1,3,2,165,6,2850.0,6.0
4500000.0,0,2,1,85,6,2850.0,160.0
3800000.0,1,2,1,166,6,2850.0,10.0
7500000.0,0,3,1,138,6,2850.0,11.0
6000000.0,0,4,1,85,6,2850.0,10.0
5200000.0,1,3,1,85,6,2850.0,13.5
7500000.0,1,2,3,53,13,3000.0,17.0
2800000.0,0,3,1,110,6,2850.0,12.5
7000000.0,1,3,1,166,6,2850.0,150.0
5200000.0,1,4,2,110,6,2850.0,15.0
2800000.0,1,3,1,85,6,2850.0,10.0
4450000.0,1,3,1,119,6,2850.0,10.0
2600000.0,1,3,1,110,6,2850.0,13.0
2800000.0,0,3,1,166,6,2850.0,13.0
4900000.0,0,3,1,85,6,2850.0,22.0
22500000.0,0,4,1,61,4,2850.0,20.0
32000000.0,0,5,4,61,4,2850.0,9.5
26500000.0,0,5,2,166,10,2850.0,16.0
18000000.0,0,2,1,76,10,2850.0,9.8
16500000.0,0,3,1,166,10,2850.0,25.0
29500000.0,0,4,3,76,10,2850.0,10.26
4600000.0,0,1,1,76,10,2850.0,7.5
8800000.0,1,2,1,126,9,1150.0,21.0
36000000.0,0,4,3,133,4,2850.0,10.0
15000000.0,1,6,1,126,9,2850.0,11.0
17500000.0,0,6,2,84,6,2850.0,5.5
13500000.0,0,4,2,126,9,2850.0,8.5
33500000.0,0,4,2,101,15,2850.0,9.8
5800000.0,1,1,1,166,10,2850.0,11.0
56500000.0,1,4,3,166,10,2850.0,17.0
6700000.0,1,3,1,66,6,2850.0,10.0
18500000.0,1,1,1,66,6,2850.0,15.0
22000000.0,1,5,3,51,10,2850.0,16.17
23000000.0,0,3,2,131,10,2850.0,10.0
8000000.0,0,1,1,158,10,2850.0,18.0
8000000.0,0,1,1,132,10,2850.0,49.0
15500000.0,0,3,2,76,10,2850.0,8.5
13000000.0,1,3,2,166,10,2850.0,13.5
8800000.0,0,1,1,166,10,2850.0,12.0
87500000.0,0,4,2,128,4,3000.0,11.6
10000000.0,0,1,1,70,20,2850.0,102.0
5500000.0,0,3,1,70,20,2850.0,11.0
13000000.0,0,3,1,70,20,2850.0,30.0
3500000.0,0,2,1,70,20,2850.0,19.0
26500000.0,1,4,2,55,20,2850.0,105.0
18500000.0,1,5,1,70,20,2850.0,23.7
6000000.0,1,5,2,70,20,2850.0,7.0
14500000.0,1,3,1,70,20,2850.0,76.0
21000000.0,1,4,2,70,20,2850.0,11.0
7000000.0,1,2,1,141,20,2850.0,12.5
9500000.0,1,3,1,70,20,2850.0,62.0
6500000.0,0,2,1,130,20,2850.0,60.0
5800000.0,1,3,1,141,20,2850.0,31.0
6800000.0,0,2,1,141,20,2850.0,20.0
11000000.0,0,3,1,70,20,2850.0,17.0
3800000.0,0,4,1,141,20,2850.0,15.0
11800000.0,0,2,1,166,6,1100.0,7.0
15500000.0,0,2,1,66,6,850.0,8.0
7500000.0,1,2,1,8,4,2850.0,16.0
12500000.0,0,2,2,8,4,2850.0,11.0
5500000.0,0,2,1,166,4,2850.0,7.5
5000000.0,0,2,1,8,4,2850.0,6.0
18700000.0,0,3,2,8,4,1100.0,11.0
37000000.0,1,6,4,166,4,2850.0,8.5
160000000.0,1,5,2,166,6,4057.75,35.14
21000000.0,1,3,1,157,6,2850.0,9.0
15500000.0,0,2,1,157,6,2850.0,6.5
29500000.0,0,4,2,157,6,2850.0,18.7
12900000.0,1,3,2,64,6,2500.0,9.5
185000000.0,1,6,5,166,4,9500.0,40.0
14000000.0,0,3,2,110,6,2850.0,22.0
11000000.0,1,3,1,75,6,2850.0,20.0
18500000.0,1,5,2,119,6,3000.0,18.0
12000000.0,0,3,1,66,6,2850.0,13.5
6800000.0,0,3,1,42,6,2850.0,15.0
5500000.0,0,2,1,85,6,2850.0,18.5
7500000.0,1,3,1,58,4,2850.0,24.0
39500000.0,1,5,2,165,6,5000.0,10.0
5800000.0,1,4,2,166,6,2850.0,19.0
8500000.0,1,3,1,42,6,2850.0,22.0
6000000.0,1,4,1,100,14,2850.0,11.0
7800000.0,0,2,1,166,4,2850.0,15.0
22000000.0,1,3,2,66,6,2850.0,23.0
5000000.0,1,2,1,78,6,2850.0,10.0
6800000.0,0,3,1,104,13,2850.0,15.0
15500000.0,1,3,1,166,13,2850.0,15.0
13000000.0,1,5,1,92,13,2850.0,6.0
2200000.0,0,3,1,166,13,2850.0,10.0
13000000.0,0,2,1,2,13,2850.0,10.0
11000000.0,1,3,2,69,4,2850.0,10.0
26000000.0,0,4,1,82,4,2850.0,7.0
16500000.0,0,4,1,89,4,2850.0,10.5
24500000.0,0,5,2,133,4,2400.0,8.0
391000000.0,0,6,4,166,6,2850.0,32.0
24000000.0,0,3,2,133,4,2850.0,10.5
9500000.0,1,1,1,119,6,2850.0,14.0
38000000.0,1,4,2,81,6,2850.0,10.0
90000.0,0,2,1,41,4,2850.0,11.0
27500000.0,1,5,3,98,4,2850.0,6.0
100000.0,1,4,3,15,4,2850.0,11.0
16500000.0,0,2,1,166,6,2850.0,11.0
18500000.0,1,3,1,66,6,2850.0,7.5
60000000.0,1,1,1,66,6,2850.0,30.0
18000000.0,1,3,3,8,4,2850.0,7.0
17000000.0,1,3,1,166,4,1500.0,12.5
4800000.0,1,1,1,8,4,2850.0,5.0
5800000.0,1,1,1,8,4,2850.0,9.5
11000000.0,1,2,2,8,4,2850.0,6.0
6500000.0,1,3,1,8,4,2850.0,10.0
17500000.0,1,4,2,23,19,2850.0,14.5
7500000.0,1,3,1,69,4,2850.0,11.0
14000000.0,1,3,2,50,6,2850.0,7.0
17500000.0,1,3,1,8,4,2850.0,6.5
13500000.0,1,4,1,8,4,2850.0,12.0
13500000.0,1,3,2,8,4,2850.0,12.1
14000000.0,1,3,2,105,4,1089.0,6.1
19000000.0,0,3,1,69,4,2850.0,8.0
4800000.0,0,2,1,166,4,2850.0,2.25
20000.0,0,1,1,66,6,2850.0,11.0
22000000.0,0,3,3,166,4,2850.0,3.0
8600000.0,0,3,1,50,6,2850.0,20.0
25000.0,0,2,1,108,9,2850.0,11.0
12000000.0,1,5,2,141,20,2850.0,42.0
6500000.0,1,1,1,9,4,2850.0,2.5
17000000.0,1,3,1,9,4,2850.0,222.0
220000000.0,1,8,6,121,4,8000.0,26.0
17000000.0,0,3,2,8,4,1070.0,7.0
85000000.0,0,4,4,121,4,2400.0,7.12
13500000.0,0,5,2,152,22,5000.0,35.0
18000000.0,0,4,1,50,6,2850.0,21.0
9500000.0,1,2,1,58,4,2850.0,10.0
35000000.0,0,3,2,50,6,3700.0,15.0
2800000.0,0,3,2,98,4,1100.0,10.0
11000000.0,0,3,1,166,6,2850.0,11.9
32000000.0,0,4,3,50,6,2265.0,12.0
32000000.0,1,4,3,66,6,2800.0,20.0
23000000.0,0,4,2,166,6,2850.0,12.0
42000000.0,1,4,3,96,4,2250.0,11.2
19500000.0,1,4,2,81,6,2750.0,5.13
29000000.0,0,4,2,75,6,2850.0,6.0
17500000.0,0,3,1,166,6,2850.0,15.25
35000000.0,0,5,2,138,6,3500.0,15.0
24000000.0,1,3,2,66,6,2850.0,34.9
11000000.0,0,3,1,166,4,2850.0,12.0
16000000.0,1,3,1,133,4,2850.0,11.0
7200000.0,0,2,1,166,6,2850.0,6.0
13000000.0,0,3,1,66,6,2850.0,15.5
17000000.0,1,3,1,81,6,1563.0,3.0
27500000.0,1,4,3,82,4,2850.0,6.0
57000000.0,1,5,4,166,4,3500.0,8.5
16500000.0,1,3,2,13,9,2850.0,10.4
9500000.0,1,2,1,166,4,2850.0,6.0
36000000.0,1,4,3,166,4,2850.0,7.3
35000000.0,1,3,2,133,4,2850.0,9.0
11500000.0,1,3,1,73,9,2850.0,6.7
16000000.0,0,3,2,166,9,2850.0,10.3
47000000.0,1,3,3,62,9,2850.0,15.0
8800000.0,0,3,2,146,7,2850.0,15.0
13500000.0,1,1,2,133,4,2850.0,6.3
22500000.0,1,3,2,133,4,2850.0,10.5
25500000.0,1,4,2,166,4,2080.0,13.9
37500000.0,1,5,4,166,4,2850.0,15.0
10000000.0,1,2,1,133,4,2850.0,8.0
30000000.0,1,4,3,82,4,2850.0,7.9
19500000.0,1,4,3,133,4,4000.0,8.0
8500000.0,0,5,2,92,13,2850.0,100.0
19000000.0,1,2,2,92,13,2850.0,15.0
4800000.0,0,3,1,92,13,2850.0,15.0
11500000.0,0,5,2,104,13,2850.0,20.0
14500000.0,0,1,1,141,20,2850.0,27.0
8500000.0,0,4,2,119,6,2850.0,25.0
5300000.0,1,2,1,166,6,2850.0,15.5
8000000.0,1,1,1,77,16,2850.0,80.0
6400000.0,0,1,1,166,6,2850.0,11.0
7500000.0,1,2,2,166,6,2850.0,10.0
22500000.0,1,4,2,166,6,2850.0,11.0
22000000.0,1,3,2,166,6,2850.0,15.0
14500000.0,1,6,3,97,2,5000.0,35.0
14500000.0,1,5,2,97,2,5000.0,35.0
14500000.0,0,5,2,6,1,2850.0,20.0
20000000.0,1,3,2,8,4,2850.0,6.0
35000000.0,1,4,2,164,19,2850.0,45.0
150000000.0,1,9,5,2,13,6300.0,55.0
22500000.0,1,4,2,166,13,2850.0,28.5
7000000.0,1,2,1,166,6,2850.0,5.2
32000000.0,1,5,2,66,6,2850.0,15.0
10700000.0,0,3,1,66,6,2850.0,15.0
14000000.0,1,3,1,66,6,2850.0,20.0
25000000.0,1,4,1,66,6,2850.0,7.8
5000000.0,1,2,1,166,6,2850.0,17.4
8000000.0,1,3,1,66,6,2850.0,16.0
22000000.0,1,3,1,157,6,2850.0,10.0
16500000.0,1,2,1,66,6,2850.0,11.3
24000000.0,0,3,2,66,6,2850.0,34.9
20000000.0,0,3,1,50,6,2850.0,23.0
8800000.0,1,4,1,10,2,2850.0,64.0
6000000.0,1,3,1,66,6,2850.0,10.0
4500000.0,1,3,1,90,13,2850.0,53.0
15000000.0,1,3,1,66,6,2850.0,12.5
11000000.0,1,3,2,166,6,2850.0,10.0
7800000.0,0,2,1,6,1,2850.0,18.0
17500000.0,1,7,2,123,4,2850.0,28.0
6900000.0,1,2,1,61,4,2850.0,7.75
14800000.0,0,3,1,50,6,2850.0,12.5
11000000.0,0,2,1,166,6,2850.0,11.0
3800000.0,0,3,1,119,6,2850.0,27.0
41000000.0,1,4,3,117,6,2850.0,10.0
6800000.0,0,3,1,166,6,2850.0,6.0
5200000.0,0,1,1,50,6,2850.0,45.0
3500000.0,0,2,1,50,6,2850.0,15.0
36000000.0,1,4,3,166,4,2850.0,10.0
30000000.0,0,4,3,8,4,2850.0,6.2
18500000.0,0,3,1,128,4,2850.0,8.0
15500000.0,0,5,2,13,9,2216.0,16.5
7800000.0,1,3,1,155,9,2850.0,12.0
12500000.0,0,3,2,155,9,2850.0,10.0
12500000.0,0,3,1,13,9,2850.0,12.05
65000000.0,0,4,4,113,4,2850.0,13.64
30000000.0,1,3,2,126,9,2850.0,11.0
9500000.0,0,2,2,155,9,2850.0,14.5
10800000.0,1,3,1,155,9,2850.0,15.0
26000000.0,1,3,2,113,4,2850.0,6.8
27500000.0,1,4,3,13,9,2850.0,10.0
58000000.0,1,5,4,126,9,2850.0,12.0
17500000.0,0,6,2,109,6,2850.0,45.0
5350000.0,0,2,1,50,6,2850.0,7.5
8500000.0,0,3,1,50,6,2850.0,10.5
7000000.0,1,2,1,79,11,2850.0,5.2
9200000.0,1,2,2,166,4,2850.0,11.0
8000000.0,1,2,2,166,4,2850.0,2.5
49000000.0,1,1,1,166,4,2850.0,12.0
3600000.0,1,4,1,166,13,2850.0,25.0
4300000.0,0,3,1,166,4,2850.0,15.0
40000000.0,1,7,3,156,13,2850.0,175.0
3750000.0,0,3,1,92,13,2850.0,32.0
11000000.0,0,4,1,156,13,2850.0,41.0
4300000.0,0,1,2,119,6,2850.0,80.0
25500000.0,0,3,2,8,4,1150.0,6.3
2800000.0,1,2,1,58,4,2850.0,5.5
14000000.0,0,6,2,58,4,2850.0,15.0
29000000.0,1,6,2,166,9,2850.0,12.0
3500000.0,1,2,1,58,4,2850.0,15.0
6000000.0,1,3,1,166,4,2850.0,15.0
3000000.0,1,2,1,58,4,2850.0,20.0
13000000.0,1,4,1,58,4,2850.0,140.0
3000000.0,1,2,1,58,4,2850.0,21.0
16000000.0,1,5,2,58,4,2850.0,10.0
8000000.0,0,3,1,58,4,2850.0,15.0
7500000.0,1,3,1,166,6,2850.0,18.0
3000000.0,0,2,1,58,4,2850.0,11.5
2800000.0,0,2,1,58,4,2850.0,14.5
3000000.0,0,2,1,58,4,2850.0,18.0
3000000.0,0,2,1,58,4,2850.0,11.0
4500000.0,0,5,2,166,6,2850.0,12.0
7000000.0,0,2,1,58,4,2850.0,7.5
3500000.0,1,2,1,58,4,2850.0,8.0
7500000.0,0,2,1,58,4,2850.0,15.0
20000000.0,1,1,1,166,4,2850.0,6.0
40000000.0,1,4,3,89,4,2850.0,10.0
25000000.0,0,6,3,89,4,2850.0,10.0
13500000.0,1,4,1,89,4,2850.0,6.0
26500000.0,0,4,2,128,4,2850.0,10.5
18000000.0,0,3,1,113,4,2850.0,8.0
9800000.0,0,1,1,13,9,2850.0,10.0
32000000.0,0,5,2,60,5,2850.0,35.0
7500000.0,0,3,1,126,9,2850.0,9.75
12500000.0,0,3,2,13,9,2850.0,12.0
6200000.0,0,2,1,126,9,2850.0,4.5
6500000.0,1,5,3,155,9,2850.0,5.0
11500000.0,0,3,2,13,9,2850.0,10.0
10000000.0,0,3,1,13,9,2850.0,10.0
32500000.0,0,2,1,142,4,2850.0,11.0
24000000.0,1,5,1,66,6,2850.0,10.0
26000000.0,1,3,2,66,6,2850.0,10.0
9000000.0,1,3,1,166,11,2850.0,12.0
23500000.0,0,5,2,92,13,2850.0,15.0
13500000.0,1,4,1,79,11,2850.0,20.0
11500000.0,0,3,1,79,11,2850.0,22.0
49000000.0,0,1,1,110,6,2850.0,107.0
85000000.0,1,5,2,81,6,2850.0,24.0
4250000.0,0,2,1,154,6,2850.0,12.7
6500000.0,0,3,1,166,6,2850.0,2.0
6500000.0,1,4,1,44,20,2850.0,80.0
9500000.0,1,2,1,166,9,2850.0,17.0
35000000.0,1,4,2,166,10,2850.0,19.0
27500000.0,1,5,1,48,5,2850.0,100.0
3800000.0,1,2,1,10,2,2850.0,6.2
5500000.0,0,2,1,166,15,2850.0,10.0
24000000.0,1,4,2,73,9,2850.0,15.0
17000000.0,1,3,1,132,10,2850.0,160.0
30000000.0,1,1,1,66,6,2850.0,20.0
25000000.0,1,4,2,49,1,2850.0,1.0
4000000.0,1,3,1,141,20,2850.0,39.0
8287500.0,0,1,1,62,9,2850.0,32.5
2500000.0,0,4,1,166,13,2850.0,80.0
20000000.0,1,4,1,38,14,2850.0,52.0
21000000.0,1,4,1,76,10,2850.0,33.6
5500000.0,1,2,1,48,5,2850.0,3.5
9500000.0,0,4,1,110,6,2850.0,7.5
27500000.0,1,5,1,76,10,2850.0,110.0
8000000.0,1,2,1,123,4,2850.0,67.0
6500000.0,1,4,1,79,11,2850.0,80.0
25000000.0,1,4,2,105,4,2850.0,10.5
8800000.0,0,3,1,155,9,2850.0,10.5
3900000.0,1,2,1,100,14,2850.0,10.5
7000000.0,1,3,1,166,14,2850.0,15.0
8000000.0,1,5,1,166,1,2850.0,3.0
11000000.0,1,3,1,76,10,2850.0,11.6
11000000.0,0,3,2,89,4,2850.0,11.0
58000000.0,0,4,3,166,4,2850.0,7.0
22500000.0,0,3,3,98,4,2850.0,8.0
4800000.0,0,1,1,166,15,2850.0,10.0
175000000.0,0,1,1,25,4,2850.0,16.3
5500000.0,1,1,1,62,9,2850.0,28.9
23000000.0,0,4,2,61,4,2850.0,10.0
27000000.0,1,4,2,166,4,2850.0,17.5
5600000.0,0,2,1,166,6,2850.0,6.0
39000000.0,1,4,1,41,4,2850.0,10.0
29000000.0,1,3,1,142,4,2850.0,11.0
21600000.0,0,3,1,166,4,2850.0,10.0
16000000.0,1,3,1,142,4,2850.0,5.0
29500000.0,1,5,3,139,4,5603.0,16.86
8000000.0,1,3,2,157,6,2850.0,7.5
38000000.0,1,2,2,157,6,2850.0,11.0
160000.0,0,3,2,34,4,1190.0,11.0
33000000.0,1,3,2,157,6,2850.0,10.0
18000000.0,0,5,5,98,4,7000.0,50.0
17500000.0,0,5,1,119,6,2850.0,80.0
28500000.0,1,5,2,119,6,2850.0,11.25
34000000.0,1,4,3,75,6,3600.0,6.8
39500000.0,0,5,3,66,6,2850.0,17.2
11500000.0,0,3,1,66,6,2850.0,7.0
36000000.0,0,4,2,66,6,2200.0,10.0
7200000.0,0,2,1,50,6,2850.0,6.0
8300000.0,0,3,1,8,4,2850.0,5.0
5500000.0,0,3,1,123,4,2850.0,10.0
10500000.0,0,3,1,61,4,2850.0,9.6
10000000.0,1,3,1,166,4,2850.0,12.87
13000000.0,0,2,1,81,6,2850.0,7.5
6000000.0,0,1,1,58,4,2850.0,10.0
9800000.0,0,3,2,105,4,2850.0,10.0
9500000.0,1,2,1,58,4,2850.0,10.0
32000000.0,1,10,5,166,4,2850.0,13.0
35000000.0,1,4,2,133,4,2700.0,7.7
8500000.0,1,4,3,86,4,3100.0,7.3
73500000.0,0,4,6,157,6,3800.0,8.0
6600000.0,0,3,1,92,13,2850.0,179.0
3600000.0,0,3,1,166,13,2850.0,67.0
3800000.0,0,1,1,100,14,2850.0,76.0
43800000.0,0,3,2,166,10,2850.0,36.5
25000000.0,0,1,1,76,10,2850.0,25.0
6500000.0,0,2,1,91,10,2850.0,20.0
38000000.0,1,4,1,87,4,2850.0,6.5
17800000.0,0,1,1,66,6,2850.0,11.0
23000000.0,0,5,2,166,6,2850.0,12.5
5500000.0,0,3,1,166,6,2850.0,80.0
16000000.0,1,3,1,117,6,2850.0,15.0
5300000.0,0,3,1,42,6,2850.0,15.0
5000000.0,0,1,1,42,6,2850.0,10.0
3500000.0,0,2,1,42,6,2850.0,6.5
18500000.0,1,3,1,119,6,3000.0,18.0
26000000.0,1,6,4,66,6,4200.0,7.5
20000000.0,0,4,1,117,6,2850.0,41.0
3800000.0,0,4,2,50,6,2850.0,40.0
4800000.0,0,2,1,42,6,2850.0,17.0
6700000.0,0,1,1,42,6,2850.0,36.0
2000000.0,0,1,1,166,6,2850.0,18.5
5000000.0,0,2,1,166,6,2850.0,15.0
12000000.0,1,3,2,26,4,2850.0,11.0
45500000.0,0,1,1,82,4,2950.0,11.0
45000000.0,1,5,3,51,10,2850.0,15.5
8500000.0,1,4,3,51,10,2850.0,11.0
50000000.0,0,1,1,116,4,2850.0,8.0
47000000.0,0,5,2,116,4,2850.0,9.5
40000000.0,0,2,1,41,4,2850.0,11.7
35000000.0,0,6,5,41,4,2850.0,3.3
70000000.0,0,4,3,166,4,4200.0,23.0
48000.0,1,2,1,133,4,2850.0,11.0
45000000.0,1,5,3,15,4,2850.0,10.0
7500000.0,0,3,1,76,10,2850.0,45.0
12500000.0,0,3,1,166,1,2850.0,40.0
36000000.0,1,4,4,66,6,2600.0,10.0
35000000.0,1,4,2,117,6,2250.0,13.0
14000000.0,1,2,2,162,4,2850.0,4.0
16000000.0,1,3,1,76,10,2850.0,42.0
8500000.0,0,3,1,166,14,2850.0,13.0
45000000.0,0,1,1,76,10,2850.0,23.2
7000000.0,1,2,1,76,10,2850.0,11.5
21000000.0,1,3,1,166,10,2200.0,10.0
35000000.0,1,3,2,76,10,2000.0,23.6
18500000.0,1,3,1,76,10,2200.0,20.0
26000000.0,0,4,2,158,10,2850.0,40.0
26500000.0,1,5,3,76,10,2850.0,13.5
42000000.0,0,5,3,125,10,2850.0,13.0
49000000.0,1,6,4,131,10,2850.0,10.0
65000000.0,0,4,3,76,10,2850.0,1.0
50000000.0,0,6,5,132,10,2850.0,15.0
39000000.0,0,5,2,166,10,2850.0,15.0
45000000.0,0,4,2,76,10,2850.0,20.0
60000000.0,0,5,4,166,10,2850.0,20.0
7200000.0,0,5,1,151,10,2850.0,43.0
37500000.0,0,6,4,76,10,2850.0,7.0
45500000.0,0,2,1,166,10,2850.0,7.0
25500000.0,0,6,2,76,10,2850.0,10.0
8200000.0,0,4,2,166,10,2850.0,17.58
26000000.0,0,5,3,76,10,2850.0,9.88
19500000.0,1,4,3,166,10,2850.0,18.0
5000000.0,0,1,1,103,11,2850.0,101.0
22000000.0,0,3,1,76,10,2850.0,24.0
7500000.0,1,2,1,166,10,2850.0,8.0
17000000.0,0,3,1,117,6,2850.0,19.0
8500000.0,0,2,1,117,6,2850.0,15.0
9000000.0,0,3,1,50,6,2850.0,14.0
3800000.0,0,2,1,123,4,2850.0,6.0
13500000.0,0,3,2,61,4,2850.0,7.0
14500000.0,0,2,1,105,4,2850.0,8.0
22000000.0,1,4,2,89,4,2850.0,8.0
18500000.0,1,3,1,61,4,2850.0,8.75
10500000.0,1,3,1,61,4,2850.0,16.0
7000000.0,1,3,1,166,4,2850.0,14.0
8500000.0,1,3,1,123,4,2850.0,40.0
12000000.0,0,3,1,61,4,2850.0,11.0
9000000.0,1,3,1,143,11,2850.0,20.0
20000000.0,1,2,1,166,11,2850.0,9.0
30000000.0,0,5,2,140,11,5000.0,1.5
16000000.0,0,3,1,25,4,2850.0,11.0
31500000.0,1,3,2,133,4,2850.0,20.0
49500000.0,1,5,4,166,10,2850.0,12.0
29000000.0,1,3,2,13,9,2850.0,10.0
17500000.0,1,3,2,61,4,2850.0,8.5
39500000.0,1,3,2,92,13,2850.0,35.0
59000000.0,1,4,4,113,4,5500.0,14.6
36000000.0,0,4,3,133,4,2850.0,6.8
