negotiable,bedrooms,bathrooms,city,district,house_size_sqft,land_size_perches,price
0,2,1,166,6,2850.0,11.0,16500000.0
0,3,1,138,6,2850.0,20.0,6500000.0
0,6,2,4,7,2850.0,16.0,11500000.0
1,5,3,133,4,2850.0,20.0,48000000.0
0,3,1,61,4,2850.0,17.5,19000000.0
0,3,1,13,9,2850.0,11.0,11500000.0
1,2,2,66,6,2850.0,10.6,10000000.0
0,4,1,166,4,2850.0,14.5,11000000.0
0,3,1,166,6,2850.0,15.0,13500000.0
0,3,2,166,4,2850.0,3.6,13500000.0
0,1,1,166,4,2850.0,3.0,11500000.0
0,2,1,166,4,2850.0,11.0,19000000.0
1,3,1,92,13,2850.0,20.0,6800000.0
0,3,2,166,4,2850.0,7.5,31000000.0
0,4,1,92,13,2850.0,30.0,13500000.0
0,1,1,90,13,2850.0,65.0,4750000.0
0,3,1,165,6,2850.0,12.85,4500000.0
1,6,3,166,4,2850.0,15.0,62000000.0
0,3,1,84,6,2850.0,8.0,19500000.0
0,4,3,76,10,5500.0,17.0,85000000.0
1,5,1,139,4,2850.0,30.0,250000000.0
1,3,2,166,4,2850.0,8.0,21000000.0
0,2,1,141,20,2850.0,63.0,27500000.0
0,2,1,76,10,2800.0,20.0,12500000.0
1,4,2,73,9,2850.0,17.0,30000000.0
0,2,1,13,9,2850.0,10.0,16000000.0
1,3,1,85,6,2850.0,12.5,11000000.0
1,3,2,66,6,2850.0,10.0,45000000.0
0,4,2,101,15,2850.0,320.0,12000000.0
0,4,2,50,6,1350.0,12.5,16000000.0
0,4,2,33,4,2850.0,7.5,120000000.0
1,6,1,50,6,2850.0,15.0,14000000.0
0,3,3,126,9,2850.0,10.5,14000000.0
1,2,1,50,6,860.0,8.0,17000000.0
1,3,1,12,20,2850.0,11.0,15000000.0
1,4,3,98,4,3500.0,8.1,39500000.0
1,1,1,166,4,2850.0,5.5,7000000.0
0,2,1,166,4,2850.0,10.0,11500000.0
0,3,3,166,4,2850.0,20.0,60000000.0
0,3,1,166,6,2850.0,13.0,17000000.0
1,3,1,105,4,2850.0,11.8,12500000.0
0,2,1,62,9,2850.0,10.0,4500000.0
0,6,3,154,6,2850.0,26.0,23000000.0
1,3,2,50,6,2850.0,9.3,28000000.0
1,3,1,81,6,2850.0,12.24,14000000.0
0,8,2,133,4,2850.0,8.0,18500000.0
0,3,3,166,4,2350.0,9.9,62000000.0
1,6,2,92,13,2850.0,11.0,12500000.0
1,3,2,61,4,2850.0,10.0,22500000.0
0,2,1,166,6,2850.0,11.0,11000000.0
1,4,2,166,4,2250.0,10.0,23000000.0
1,4,1,92,13,1300.0,67.8,16500000.0
0,4,2,76,10,2850.0,20.0,6000000.0
0,2,1,166,10,2850.0,10.0,3100000.0
1,2,1,126,9,2850.0,6.9,6300000.0
0,2,2,8,4,2850.0,11.0,12500000.0
0,3,1,126,9,2850.0,8.5,8500000.0
0,7,2,166,4,2850.0,34.0,45000000.0
0,5,2,166,4,3000.0,11.0,22500000.0
0,8,5,166,4,3500.0,25.7,120000000.0
0,4,4,166,4,3200.0,12.0,28500000.0
1,3,2,73,9,1500.0,7.86,7500000.0
0,5,3,166,4,2850.0,8.9,65000000.0
0,6,6,166,4,7000.0,28.0,190000000.0
1,3,1,50,6,2850.0,15.0,10000000.0
0,4,2,157,6,2850.0,12.0,17500000.0
1,3,3,75,6,3200.0,6.9,37000000.0
1,3,2,166,4,2500.0,15.0,28000000.0
1,5,4,166,4,4500.0,10.0,55000000.0
1,4,3,166,10,2850.0,17.0,56500000.0
0,5,2,92,13,2850.0,40.0,27000000.0
1,2,1,64,6,2850.0,10.0,13500000.0
0,3,1,58,4,2850.0,15.0,5000000.0
0,1,1,100,14,2850.0,76.0,3800000.0
1,3,2,50,6,2000.0,15.0,19500000.0
1,6,5,32,4,3828.0,10.0,195000000.0
0,2,1,50,6,2850.0,12.5,7800000.0
1,5,3,166,4,4850.0,64.0,150000000.0
0,2,1,75,6,2850.0,70.0,60000000.0
0,5,3,82,4,2850.0,10.5,23000000.0
1,5,4,122,17,2850.0,15.0,19500000.0
0,3,2,166,4,2500.0,10.0,289000000.0
1,5,2,81,6,2850.0,24.0,85000000.0
1,4,5,50,6,4000.0,10.0,48000000.0
0,4,2,50,6,2850.0,17.3,15500000.0
0,4,2,66,6,1824.0,10.5,24500000.0
0,3,2,166,6,2850.0,8.5,26000000.0
1,3,1,66,6,2850.0,60.0,96000000.0
0,1,1,61,4,2850.0,12.0,8500000.0
0,6,6,166,4,2850.0,11.0,80000000.0
0,3,1,62,9,2850.0,12.0,16000000.0
0,6,2,23,19,2850.0,23.0,20700000.0
0,5,5,166,4,3000.0,8.7,60000000.0
0,2,2,48,5,2850.0,29.0,8000000.0
0,3,1,166,4,2850.0,35.0,2300000.0
1,2,1,166,4,2850.0,12.0,45000000.0
0,3,3,73,9,2850.0,15.0,21500000.0
0,4,3,166,4,2850.0,9.8,43000000.0
0,3,2,166,4,1600.0,10.32,23000000.0
0,3,2,105,4,2850.0,6.0,9800000.0
0,3,2,8,4,1200.0,6.0,23000000.0
0,3,1,146,7,2850.0,18.0,8000000.0
0,4,2,76,10,2850.0,5.0,60000000.0
0,3,2,8,4,2150.0,6.5,34000000.0
0,5,3,76,10,2850.0,19.5,45000000.0
1,3,1,48,5,2850.0,16.5,11000000.0
1,3,2,109,6,2850.0,21.0,11000000.0
0,2,1,69,4,2850.0,7.2,9800000.0
0,4,2,25,4,2850.0,11.0,150000000.0
0,4,2,76,10,2850.0,27.0,47500000.0
1,5,2,101,15,3000.0,15.0,16800000.0
1,2,1,166,6,2850.0,5.2,7000000.0
0,4,2,166,4,2850.0,15.0,50000000.0
0,7,5,166,4,2850.0,5.25,23500000.0
0,5,2,133,4,2850.0,9.0,25000000.0
1,4,1,13,9,2850.0,10.0,7500000.0
1,4,3,166,4,3800.0,32.0,161000000.0
0,3,1,155,9,2850.0,10.5,8800000.0
1,3,1,89,4,2850.0,10.0,13000000.0
0,3,1,66,6,2850.0,11.0,13500000.0
0,4,3,42,6,2850.0,15.0,22000000.0
0,1,1,105,4,2850.0,48.0,16000000.0
1,5,2,42,6,2850.0,13.5,25000000.0
1,5,1,126,9,2500.0,12.75,17000000.0
0,2,1,73,9,2850.0,10.0,4500000.0
0,2,1,76,10,2850.0,12.0,9000000.0
0,3,2,166,4,2350.0,6.17,43000000.0
0,3,1,166,4,2850.0,6.2,17000000.0
0,2,1,166,6,2850.0,7.0,11500000.0
1,2,1,100,14,2850.0,10.5,3900000.0
1,4,1,92,13,2850.0,252.0,12500000.0
0,4,4,61,4,2850.0,6.5,32500000.0
0,2,1,166,4,2850.0,10.0,19000000.0
0,6,1,50,6,2850.0,15.0,14000000.0
0,1,1,166,4,2850.0,7.5,50000000.0
0,5,3,166,4,4850.0,8.0,65000000.0
1,4,2,166,4,2850.0,12.5,40000000.0
0,1,1,92,13,2850.0,11.0,20000000.0
0,3,1,166,4,2850.0,12.5,37000000.0
1,3,1,50,6,2850.0,160.0,45000000.0
0,3,1,50,6,2850.0,10.0,160000000.0
1,2,1,57,7,2850.0,22.0,7000000.0
1,1,1,126,9,2850.0,11.0,17800000.0
1,2,1,166,4,1200.0,10.0,19500000.0
0,2,2,166,4,2850.0,12.5,10000000.0
1,3,3,166,4,2850.0,18.45,120000000.0
1,3,1,81,6,2850.0,10.0,22000000.0
0,3,1,97,2,2850.0,54.0,3800000.0
0,2,1,166,4,2850.0,12.0,15000000.0
1,3,1,166,13,2850.0,19.6,25000000.0
0,3,2,50,6,2850.0,14.0,14000000.0
0,1,1,119,6,2850.0,20.5,6500000.0
1,3,2,8,4,1550.0,20.0,31000000.0
0,1,1,73,9,2850.0,10.3,6000000.0
1,5,3,133,4,2850.0,10.0,35000000.0
0,1,1,126,9,2850.0,11.0,25000000.0
1,4,1,100,14,2850.0,11.0,6000000.0
1,3,2,8,4,1200.0,10.0,25500000.0
0,3,1,42,6,2850.0,15.0,6800000.0
1,2,1,79,11,2850.0,5.2,7000000.0
0,5,5,87,4,2850.0,6.0,62500000.0
0,4,2,33,4,2850.0,8.0,39000000.0
1,3,1,64,6,2850.0,10.5,11500000.0
1,3,2,166,4,1432.0,11.0,53000000.0
0,7,3,50,6,2850.0,17.0,30000000.0
0,2,1,133,4,2850.0,4.3,5000000.0
0,5,2,166,4,2850.0,4.0,25000000.0
1,3,2,64,6,2850.0,7.9,17000000.0
0,6,4,81,6,2850.0,32.0,55000000.0
1,3,2,78,6,2850.0,8.0,21000000.0
0,1,1,166,4,2850.0,15.0,8000000.0
0,2,1,92,13,2850.0,22.0,1950000.0
0,2,1,61,4,900.0,5.5,6300000.0
0,3,1,126,9,2850.0,10.0,9000000.0
0,5,4,166,4,2850.0,20.0,75000000.0
0,3,2,166,4,2850.0,10.0,19000000.0
1,3,3,66,6,2805.24,13.5,36000000.0
1,3,2,96,4,2850.0,6.3,37500000.0
1,4,1,62,9,3000.0,60.0,45000000.0
0,5,3,166,4,3000.0,13.5,65000000.0
1,4,1,48,5,1400.0,20.0,40000000.0
0,3,2,8,4,2850.0,20.0,24000000.0
0,4,1,92,13,2850.0,14.5,15000000.0
1,4,2,50,6,2850.0,30.0,13000000.0
0,3,2,33,4,2500.0,17.5,180000000.0
0,5,4,88,4,2850.0,10.0,45000000.0
0,3,2,146,7,2850.0,15.0,8800000.0
0,3,1,66,6,2850.0,13.5,13000000.0
1,4,2,166,6,2850.0,11.0,22500000.0
0,3,2,50,6,2850.0,17.0,17000000.0
1,4,2,133,4,2850.0,8.0,20000000.0
0,3,2,76,10,2850.0,12.0,8000000.0
1,4,2,165,6,2850.0,10.0,39500000.0
1,4,3,139,4,5000.0,10.0,135000000.0
1,4,3,166,4,2850.0,16.0,145000000.0
0,3,3,166,4,3000.0,120.0,31000000.0
1,2,1,113,4,2850.0,11.0,16000000.0
0,3,1,50,6,2850.0,12.0,11000000.0
1,4,2,166,4,2850.0,10.0,22500000.0
1,4,2,66,6,2850.0,11.0,22500000.0
0,3,2,166,4,2250.0,8.25,60000000.0
0,4,3,166,4,2350.0,6.0,38500000.0
0,4,4,121,4,2400.0,7.12,85000000.0
1,6,6,27,4,2850.0,27.28,280000000.0
1,1,1,50,6,2850.0,80.0,8900000.0
0,8,3,50,6,2850.0,22.5,250000000.0
0,3,1,8,4,2850.0,17.6,25000000.0
0,3,1,166,4,2850.0,43.0,12000000.0
0,5,2,166,4,2850.0,8.7,35000000.0
1,4,2,73,9,2850.0,9.5,370100000.0
0,5,2,66,6,2850.0,12.5,17500000.0
0,1,1,50,6,2850.0,15.0,7000000.0
0,3,1,47,11,2850.0,14.0,4300000.0
1,5,2,73,9,2850.0,11.5,16500000.0
1,3,2,166,4,2850.0,11.0,25000000.0
0,4,3,166,4,4200.0,35.0,225000000.0
1,1,1,41,4,2850.0,3.55,20000000.0
0,3,2,113,4,2850.0,6.0,27000000.0
1,5,5,50,6,5300.0,16.5,70000000.0
0,2,1,85,6,2850.0,160.0,4500000.0
1,3,2,73,9,2850.0,12.0,9500000.0
1,4,1,38,14,2850.0,52.0,20000000.0
0,3,1,166,4,2850.0,10.0,2000000.0
0,3,2,44,20,2850.0,20.0,1950000.0
1,4,2,35,4,2850.0,7.37,200000000.0
0,3,2,166,4,2850.0,7.9,47000000.0
0,1,1,112,16,2850.0,20.0,2600000.0
0,3,1,166,4,2850.0,12.0,13000000.0
1,2,2,73,9,2850.0,10.0,11000000.0
1,4,2,166,4,2250.0,10.0,29500000.0
0,1,1,62,9,2500.0,15.5,5200000.0
0,5,1,166,4,2200.0,6.0,50000000.0
1,3,2,166,4,2850.0,7.0,16000000.0
0,1,1,89,4,2850.0,75.0,120000000.0
0,3,2,166,6,2850.0,20.0,18500000.0
0,4,1,76,10,2850.0,33.0,17500000.0
0,3,2,50,6,2850.0,6.5,32000000.0
0,1,1,166,4,2850.0,3.5,15000000.0
0,5,3,50,6,2850.0,11.0,13500000.0
1,3,1,126,9,2850.0,16.5,13500000.0
0,4,2,73,9,2850.0,74.0,16000000.0
0,4,2,166,6,2200.0,12.0,43000000.0
0,3,2,50,6,1126.0,7.0,25000000.0
0,1,1,166,4,2850.0,6.0,12000000.0
1,4,2,73,9,2850.0,10.9,17000000.0
0,4,2,82,4,2850.0,10.0,38000000.0
0,5,4,166,4,4017.0,38.31,139300000.0
0,3,1,50,6,2850.0,7.5,10500000.0
1,5,4,166,10,2850.0,12.0,49500000.0
0,2,1,166,4,2850.0,12.7,21590000.0
0,5,2,166,4,2850.0,11.42,45000000.0
0,1,1,137,19,2850.0,11.0,11000000.0
0,1,1,119,6,2850.0,11.0,8000000.0
0,4,2,166,4,5700.0,17.8,265000000.0
1,4,3,166,4,3500.0,21.0,75000000.0
0,5,4,41,4,2850.0,11.0,55000000.0
0,2,2,126,9,2850.0,11.0,13500000.0
1,4,5,166,4,2850.0,9.25,76000000.0
1,5,2,84,6,2850.0,30.0,30000000.0
0,3,2,61,4,2850.0,10.0,14000000.0
1,4,2,101,15,2850.0,28.0,9500000.0
0,1,1,126,9,2850.0,20.0,11500000.0
1,3,1,166,13,1500.0,12.5,8500000.0
0,1,1,13,9,2850.0,12.0,4500000.0
0,4,4,29,4,1360.0,7.0,28000000.0
0,2,2,50,6,2850.0,5.5,16500000.0
1,4,4,32,4,3500.0,16.4,300000000.0
0,3,1,166,4,1200.0,11.5,14500000.0
0,1,1,166,4,2850.0,19.5,10000000.0
0,2,1,166,6,2850.0,5.0,4500000.0
0,2,1,48,5,2850.0,44.0,6000000.0
0,4,3,76,10,2850.0,10.26,29500000.0
1,5,2,50,6,2850.0,42.0,39500000.0
1,6,3,133,4,2850.0,11.0,16000000.0
0,2,2,166,4,800.0,10.0,88000.0
0,2,1,50,6,2850.0,14.0,4000000.0
0,1,1,66,6,2850.0,11.0,17800000.0
0,5,2,92,13,2850.0,15.0,23500000.0
0,3,1,166,4,2850.0,20.0,58000000.0
1,3,2,166,6,2850.0,10.0,18000000.0
1,4,2,166,6,2850.0,22.0,18500000.0
0,5,2,92,13,2850.0,15.0,11800000.0
0,3,1,50,6,2850.0,11.0,16000000.0
1,3,2,42,6,2850.0,13.5,11000000.0
0,3,2,50,6,1250.0,18.0,20000000.0
1,3,2,166,4,1400.0,11.0,22000000.0
0,5,2,166,4,2850.0,14.0,30000000.0
0,4,3,166,6,2000.0,10.0,35000000.0
1,3,2,15,4,1182.0,7.5,26000000.0
0,7,5,162,4,2850.0,5.25,23500000.0
1,5,1,166,6,2850.0,6.0,10500000.0
1,4,4,147,4,3500.0,7.0,62000000.0
1,2,2,166,4,2850.0,8.5,13500000.0
1,3,2,50,6,2850.0,7.5,13000000.0
0,4,3,33,4,2800.0,9.5,150000000.0
1,3,1,50,6,2850.0,21.0,6000000.0
1,4,1,119,6,2850.0,10.0,5500000.0
0,3,2,50,6,2850.0,6.25,16000000.0
0,4,1,136,13,2850.0,26.0,8500000.0
0,3,1,50,6,2850.0,5.0,10000000.0
0,1,1,50,6,2850.0,45.0,5200000.0
1,2,1,58,4,2850.0,21.0,3000000.0
0,4,3,166,4,2850.0,8.0,22000000.0
0,3,2,166,4,1300.0,8.5,19500000.0
0,4,1,166,4,1500.0,33.4,10000000.0
1,2,2,76,10,2850.0,105.0,19500000.0
0,3,1,8,4,2850.0,6.0,10000000.0
1,4,4,166,4,2850.0,5.0,35000000.0
0,2,2,166,4,2850.0,3.5,13000000.0
0,5,1,62,9,2850.0,10.0,32500000.0
1,2,2,54,4,2850.0,6.0,9000000.0
1,3,1,166,11,2850.0,12.0,9000000.0
0,1,1,70,20,2850.0,102.0,10000000.0
1,3,1,165,6,2850.0,11.0,9500000.0
1,3,1,13,9,2850.0,11.0,22500000.0
0,4,3,166,4,3250.0,8.5,52500000.0
0,3,1,50,6,2850.0,40.0,3700000.0
0,3,3,166,6,2850.0,11.0,8000000.0
0,3,1,166,4,2635.0,10.0,10500000.0
1,6,6,61,4,2850.0,15.0,14500000.0
0,3,2,166,4,2850.0,9.0,18500000.0
1,3,1,61,4,2850.0,7.0,14000000.0
0,2,1,70,20,2850.0,37.5,5500000.0
0,3,1,50,6,2850.0,15.0,4400000.0
0,1,1,50,6,2850.0,18.5,2000000.0
1,4,3,88,4,3700.0,15.7,60000000.0
0,3,2,166,4,1500.0,16.0,47000000.0
1,4,5,166,4,2850.0,6.0,59000000.0
1,4,2,166,4,2540.0,11.0,60000000.0
0,2,2,166,4,2850.0,5.0,40000000.0
1,5,3,62,9,2700.0,10.0,31500000.0
0,3,1,123,4,2850.0,11.0,5800000.0
1,3,2,50,6,1300.0,18.5,27500000.0
1,3,2,166,4,2850.0,4.5,2250000.0
0,3,1,50,6,2850.0,14.5,4500000.0
0,5,2,89,4,2850.0,8.0,46000000.0
0,2,1,48,5,2850.0,31.0,4650000.0
0,4,2,64,6,2850.0,8.0,15000000.0
1,4,2,73,9,2500.0,38.5,15500000.0
0,4,2,82,4,2850.0,11.0,37500000.0
0,5,1,156,13,2850.0,1.0,7000000.0
0,3,1,62,9,2850.0,10.0,11000000.0
1,5,1,76,10,2850.0,110.0,27500000.0
0,4,3,166,4,3400.0,10.0,70000000.0
0,2,2,31,4,2850.0,11.0,40000000.0
0,3,2,50,6,2850.0,10.0,26500000.0
0,1,1,166,4,2850.0,16.0,3800000.0
0,3,1,73,9,2850.0,9.0,3600000.0
1,3,1,58,4,2850.0,20.5,10000000.0
0,3,1,135,18,2850.0,80.0,1900000.0
1,3,1,91,10,2850.0,11.5,15000000.0
0,4,3,166,4,2850.0,15.8,68000000.0
0,1,1,157,6,2419.0,20.0,20000000.0
1,5,4,166,4,3000.0,10.0,37500000.0
0,3,2,166,4,2850.0,11.0,13500000.0
1,3,1,73,9,2850.0,10.0,5300000.0
0,4,3,61,4,2850.0,8.5,21000000.0
1,4,4,166,4,3500.0,10.0,49500000.0
0,3,1,89,4,2850.0,15.0,10500000.0
1,5,3,166,4,3800.0,10.0,80000000.0
1,2,1,29,4,2850.0,11.0,2500000.0
1,3,1,166,4,2850.0,11.0,19500000.0
1,4,3,166,4,3800.0,6.0,71000000.0
0,3,1,50,6,2850.0,10.0,2750000.0
0,4,1,121,4,2850.0,6.5,16500000.0
0,6,6,166,4,5500.0,11.0,250000000.0
0,4,2,92,13,3600.0,15.0,37000000.0
0,3,1,62,9,2850.0,22.0,9000000.0
1,3,1,73,9,2850.0,9.0,7000000.0
1,3,1,96,4,2850.0,5.3,17500000.0
1,2,1,126,9,2850.0,12.5,26000000.0
0,2,1,126,9,2850.0,10.0,32000000.0
0,4,2,64,6,2850.0,11.0,34000000.0
0,3,2,166,4,2850.0,10.0,25000000.0
0,3,2,166,4,2850.0,10.0,17500000.0
1,3,1,58,4,2850.0,24.0,7500000.0
0,3,2,8,4,2850.0,12.0,18000000.0
0,2,1,166,4,2850.0,6.9,16500000.0
0,4,2,166,4,2850.0,6.5,26000000.0
0,3,1,126,9,2850.0,10.0,13000000.0
0,4,1,126,9,2850.0,13.0,13000000.0
0,4,1,159,7,2850.0,11.0,2200000.0
1,3,1,166,4,1600.0,31.0,62000000.0
0,3,1,73,9,2850.0,10.0,16500000.0
1,1,1,166,4,2850.0,7.0,65000000.0
1,3,1,62,9,1340.0,12.0,19000000.0
0,7,3,64,6,2850.0,15.75,40000000.0
0,3,2,50,6,2850.0,5.0,11000000.0
0,5,4,166,4,2850.0,12.3,58000000.0
1,3,1,4,7,2850.0,80.0,9000000.0
0,4,1,85,6,2850.0,10.0,6000000.0
1,1,2,133,4,2850.0,6.3,13500000.0
0,4,1,149,15,2850.0,30.0,12500000.0
1,3,1,166,6,2850.0,10.0,12000000.0
0,1,1,101,15,2850.0,30.0,140000000.0
0,3,3,50,6,2760.0,6.2,60000000.0
1,5,2,76,10,2850.0,11.0,43000000.0
0,4,4,166,4,2850.0,25.7,120000000.0
0,3,1,6,1,2850.0,46.0,2800000.0
1,2,1,50,6,2850.0,6.8,3000000.0
0,5,5,35,4,2850.0,11.2,375000000.0
1,5,3,166,4,2850.0,11.0,49000000.0
0,4,2,75,6,2850.0,6.0,29000000.0
1,2,1,67,10,2850.0,12.0,7000000.0
0,4,3,147,4,3000.0,8.5,47500000.0
0,3,2,166,4,1200.0,6.7,26500000.0
1,1,1,166,4,2850.0,2.5,6500000.0
1,4,2,33,4,2850.0,18.3,140000000.0
0,4,1,92,13,2850.0,65.0,6000000.0
0,2,1,50,6,2850.0,7.0,3350000.0
0,6,3,166,4,2850.0,7.9,55000000.0
1,2,1,166,4,2850.0,2.5,10000.0
0,4,2,98,4,2850.0,8.0,26000000.0
1,2,2,157,6,2850.0,5.5,6000000.0
1,5,3,166,4,2850.0,10.0,18500000.0
1,3,1,66,6,2850.0,7.5,18500000.0
1,3,2,84,6,2850.0,10.0,27500000.0
0,2,1,146,7,2850.0,20.0,7500000.0
1,3,1,81,6,1563.0,3.0,17000000.0
0,4,2,166,4,2850.0,12.0,16000000.0
0,6,4,166,6,2850.0,32.0,391000000.0
0,1,1,8,4,2850.0,25.0,18500000.0
1,5,3,166,4,3500.0,21.0,69500000.0
0,3,1,105,4,2850.0,10.0,13000000.0
0,3,1,13,9,2850.0,13.0,14000000.0
0,1,1,166,4,2850.0,10.0,32000000.0
0,3,2,166,4,2850.0,5.0,12000000.0
0,3,2,8,4,1070.0,11.0,17500000.0
0,4,1,104,13,2850.0,34.0,7250000.0
0,3,2,166,10,2850.0,36.5,43800000.0
0,1,1,73,9,2850.0,31.0,9800000.0
0,4,3,121,4,2850.0,20.25,10125000.0
0,10,8,166,4,2850.0,19.0,55000000.0
0,2,1,13,9,2850.0,11.0,3200000.0
0,3,2,89,4,2850.0,11.0,23500000.0
0,3,1,13,9,2850.0,17.0,9500000.0
1,2,1,73,9,2850.0,10.0,6200000.0
1,5,1,100,14,2850.0,11.0,9000000.0
0,3,1,92,13,2850.0,30.0,1500000.0
0,3,2,154,6,2850.0,19.5,8200000.0
1,5,5,166,4,3050.0,16.5,61000000.0
1,5,4,166,4,4200.0,11.4,86600000.0
0,3,2,50,6,2850.0,11.0,37500000.0
0,4,5,166,4,8000.0,11.0,350000000.0
1,1,1,142,4,2850.0,22.8,110000000.0
1,1,1,166,10,2850.0,22.0,11000000.0
0,2,1,133,4,2850.0,6.0,8000000.0
0,4,3,131,10,2850.0,10.0,46000000.0
0,3,1,48,5,2850.0,11.0,6500000.0
0,3,2,166,4,2850.0,5.0,19000000.0
0,3,1,12,20,2850.0,45.0,7500000.0
0,3,1,166,4,3000.0,10.0,34000000.0
0,2,1,166,4,2850.0,3.0,145000.0
1,2,1,58,4,2850.0,15.0,3500000.0
1,3,1,62,9,2850.0,12.5,13500000.0
1,2,2,32,4,2850.0,3.41,55000000.0
0,2,1,66,6,2850.0,11.5,7500000.0
1,4,4,166,4,2800.0,10.5,48000000.0
0,2,1,166,4,2850.0,6.0,33000000.0
0,2,1,166,6,1150.0,13.3,10500000.0
0,4,2,166,4,2850.0,11.0,52000000.0
0,3,2,85,6,2850.0,26.0,5200000.0
0,5,7,50,6,5000.0,12.75,79000000.0
0,5,1,119,6,2850.0,80.0,17500000.0
0,3,3,8,4,2850.0,14.0,12500000.0
0,1,1,76,10,2850.0,11.0,17500000.0
1,3,2,82,4,2850.0,7.5,16500000.0
1,2,1,50,6,2850.0,18.0,7500000.0
0,1,1,166,4,2850.0,15.0,2500000.0
0,1,1,166,4,2850.0,6.0,7000000.0
0,1,1,153,23,2850.0,2.0,2800000.0
0,6,5,166,4,5154.0,17.0,84000000.0
0,3,1,50,6,2850.0,20.0,150000000.0
1,6,2,166,4,2850.0,12.0,12500000.0
0,1,1,166,4,2850.0,18.0,31000000.0
0,3,1,109,6,2850.0,20.0,14000000.0
0,4,2,92,13,2850.0,10.0,37500000.0
1,4,4,166,4,4500.0,13.0,53000000.0
0,2,1,8,4,2850.0,6.1,13300000.0
0,7,2,48,5,1800.0,45.0,40000000.0
1,7,3,166,4,2850.0,8.87,5000000.0
0,4,4,166,4,2850.0,13.0,35000000.0
1,2,1,166,4,2850.0,9.9,28500000.0
0,4,2,166,4,2350.0,12.5,58000000.0
0,5,3,8,4,3700.0,18.0,125000000.0
1,3,1,126,9,2850.0,15.0,9800000.0
0,2,1,42,6,2850.0,10.0,3500000.0
0,3,1,83,12,2850.0,3.5,6000000.0
0,4,1,92,13,2850.0,1.0,5000000.0
0,3,1,50,6,2850.0,10.0,4800000.0
0,3,1,142,4,2850.0,16.0,27000000.0
1,4,4,166,4,2800.0,10.5,48000000.0
0,3,2,166,4,2850.0,7.0,24500000.0
1,5,5,121,4,6000.0,14.8,149000000.0
0,6,2,84,6,2850.0,5.5,17500000.0
0,8,6,121,4,8500.0,11.0,200000000.0
1,5,4,166,4,3700.0,15.0,48000000.0
0,1,1,133,4,2850.0,11.5,26000000.0
1,5,3,166,4,2800.0,10.5,70000000.0
1,1,1,126,9,2850.0,17.0,8000000.0
1,5,1,62,9,2000.0,42.0,23000000.0
1,3,2,61,4,2850.0,10.0,19500000.0
0,3,1,166,4,2850.0,22.15,88000000.0
0,1,1,166,4,2850.0,11.5,18500000.0
1,5,3,133,4,3500.0,11.0,36000000.0
0,2,1,73,9,2850.0,7.0,2200000.0
0,6,4,33,4,2850.0,17.0,9000000.0
0,2,1,166,4,2850.0,7.1,26000000.0
0,3,3,82,4,2850.0,10.0,23000000.0
0,1,1,2,13,2850.0,60.0,22500000.0
0,3,1,50,6,2850.0,12.5,14800000.0
0,2,1,13,9,2850.0,12.0,9000000.0
1,5,1,126,9,2850.0,37.0,19000000.0
0,1,1,166,4,2850.0,22.0,18000000.0
0,3,1,126,9,2850.0,9.75,7500000.0
1,5,1,166,1,2850.0,3.0,8000000.0
0,3,1,58,4,2850.0,11.5,9700000.0
0,1,1,64,6,2850.0,14.5,6500000.0
1,3,1,166,4,2850.0,6.3,10800000.0
0,5,1,166,1,2850.0,3.0,7200000.0
0,4,3,166,4,3800.0,8.4,68000000.0
0,3,1,92,13,2850.0,20.0,11000000.0
1,4,3,166,4,3218.0,6.0,56000000.0
0,4,2,166,4,2500.0,11.0,36000000.0
0,3,1,64,6,1800.0,12.0,14600000.0
0,3,1,71,19,2850.0,11.0,11000000.0
0,9,8,166,4,3000.0,14.5,79550000.0
1,3,2,117,6,2850.0,22.0,24000000.0
1,4,2,113,4,2023.0,6.2,29500000.0
1,4,1,74,15,2850.0,43.0,13500000.0
0,4,2,166,4,2850.0,12.0,33000000.0
0,4,2,126,9,2850.0,12.5,7000000.0
0,6,3,76,10,7000.0,20.0,53000000.0
0,2,2,166,6,2850.0,3.5,15500000.0
1,3,1,157,6,2850.0,6.7,12500000.0
1,3,1,110,6,2850.0,56.0,9000000.0
0,2,1,138,6,2850.0,8.2,8500000.0
0,2,2,166,4,2850.0,1.0,9500000.0
0,3,2,8,4,1250.0,6.7,22000000.0
0,1,1,50,6,2850.0,16.0,4700000.0
1,4,4,166,4,2000.0,6.5,75000000.0
0,4,1,92,13,1500.0,97.0,12500000.0
1,2,1,166,9,2850.0,5.0,7500000.0
0,1,1,42,6,2850.0,10.0,5000000.0
1,4,3,166,4,3500.0,11.0,40000000.0
0,2,1,100,14,2850.0,30.0,2600000.0
1,3,2,50,6,2850.0,15.0,19000000.0
0,4,4,166,4,2550.0,7.0,425000000.0
0,3,1,166,4,2850.0,22.5,13500000.0
0,4,1,13,9,2850.0,10.0,7000000.0
0,3,1,117,6,2850.0,13.5,19000000.0
0,2,1,79,11,2850.0,46.0,7500000.0
0,2,1,66,6,2850.0,12.5,10000000.0
0,4,4,50,6,2850.0,17.0,40000000.0
1,1,1,166,4,2850.0,12.8,32000000.0
1,5,3,73,9,2850.0,10.0,26000000.0
0,3,2,48,5,2850.0,10.0,16300000.0
0,3,2,50,6,2850.0,8.5,14000000.0
0,3,1,66,6,2850.0,13.85,14000000.0
1,5,3,166,4,3000.0,9.0,85000000.0
1,6,4,41,4,2850.0,15.5,135000000.0
0,2,1,166,6,2850.0,10.0,19500000.0
1,4,1,166,4,2850.0,20.0,59000000.0
1,2,1,126,9,2850.0,10.0,6800000.0
1,3,2,126,9,2850.0,14.03,16000000.0
1,6,6,166,4,8000.0,18.0,350000000.0
1,4,3,48,5,2850.0,7.5,42000000.0
0,5,3,82,4,4000.0,9.5,34000000.0
0,3,2,35,4,1428.0,11.0,160000000.0
1,5,3,157,6,2850.0,14.0,69000000.0
1,8,8,166,4,6000.0,7.5,115000000.0
0,3,2,50,6,2850.0,12.5,25000000.0
0,1,1,50,6,2850.0,2.5,4500000.0
0,5,2,92,13,2850.0,16.0,25000000.0
1,3,1,66,6,2850.0,12.5,13000000.0
1,3,2,166,4,2850.0,7.0,19500000.0
1,3,2,166,4,2850.0,6.5,18000000.0
0,5,2,126,9,2850.0,19.5,19000000.0
0,1,1,101,15,2850.0,11.0,6900000.0
0,5,4,166,4,2850.0,20.0,69500000.0
0,3,1,133,4,2850.0,6.0,9500000.0
1,4,1,10,2,2850.0,64.0,8800000.0
0,2,1,13,9,2850.0,10.0,11500000.0
0,3,1,147,4,2850.0,11.0,45000.0
0,4,2,37,4,2850.0,25.0,52000000.0
0,2,1,76,10,2850.0,9.8,18000000.0
1,3,1,27,4,1500.0,8.8,60000000.0
0,3,1,166,16,3715.0,136.0,51000000.0
0,3,1,166,4,2850.0,5.69,23000000.0
0,3,1,166,13,2850.0,10.0,2200000.0
0,4,1,73,9,2850.0,10.5,7000000.0
0,4,1,82,4,2850.0,7.0,26000000.0
0,4,3,98,4,2850.0,8.5,35000000.0
0,4,4,166,4,2850.0,11.0,52000000.0
0,4,1,166,15,2850.0,21.0,23500000.0
0,3,2,166,9,2850.0,10.3,16000000.0
1,3,2,166,4,2500.0,10.2,52000000.0
0,3,3,69,4,2850.0,117.0,35000000.0
0,4,1,42,6,2850.0,132.0,9000000.0
0,10,10,117,6,2850.0,15.5,75000000.0
1,3,2,8,4,2850.0,6.0,20000000.0
0,4,3,166,4,3700.0,9.75,72000000.0
0,2,1,50,6,2850.0,17.4,5000000.0
0,3,1,138,6,110.0,8.6,10200000.0
1,2,1,73,9,2850.0,10.0,6400000.0
1,4,4,166,4,2850.0,7.0,25000000.0
0,5,2,92,13,2850.0,35.0,16500000.0
1,2,1,166,6,2850.0,18.5,7000000.0
0,3,2,44,20,2850.0,20.0,19500000.0
0,4,1,42,6,2850.0,3.0,28500000.0
0,4,2,117,6,2850.0,20.0,19000000.0
1,7,6,50,6,2850.0,14.0,35000000.0
0,3,2,117,6,2850.0,11.0,18500000.0
0,3,1,166,4,2850.0,5.6,12000000.0
0,2,1,166,4,2850.0,10.0,3800000.0
1,5,3,166,4,2850.0,7.0,24000000.0
1,4,3,73,9,2850.0,7.2,23500000.0
1,5,2,42,6,2850.0,18.0,28500000.0
1,3,1,166,4,2850.0,10.5,15500000.0
0,4,1,134,13,2850.0,57.0,6800000.0
0,1,1,166,4,2850.0,10.0,25500000.0
1,3,2,8,4,2000.0,7.0,35000000.0
1,2,1,166,6,2850.0,10.0,3800000.0
1,3,2,157,6,2850.0,6.0,22000000.0
1,5,2,66,6,2850.0,10.3,27500000.0
1,8,3,166,4,2850.0,17.5,105000000.0
1,2,1,109,6,2850.0,8.4,2200000.0
0,7,4,166,4,4000.0,7.5,60000000.0
0,3,1,63,13,2850.0,15.0,8500000.0
0,3,1,126,9,2850.0,13.5,16500000.0
1,1,1,166,4,2850.0,2.4,7500000.0
0,4,1,38,14,2850.0,20.0,8000000.0
0,4,1,2,13,1500.0,182.0,12500000.0
0,3,1,50,6,2850.0,10.0,6800000.0
0,2,1,34,4,2850.0,11.0,17000000.0
1,1,1,40,11,2850.0,10.0,7700000.0
0,5,2,166,4,2850.0,10.0,69000000.0
1,3,3,76,10,2850.0,20.0,47000000.0
0,4,2,65,8,2850.0,2.5,31000000.0
0,4,3,82,4,2850.0,7.0,39500000.0
0,2,1,41,4,2850.0,11.0,40000000.0
0,3,1,101,15,2850.0,6.5,14000000.0
0,4,4,166,4,5930.0,15.0,114800000.0
0,3,2,166,4,2500.0,6.1,40000000.0
1,3,2,166,10,2850.0,13.5,13000000.0
0,3,2,166,4,1200.0,6.7,24000000.0
0,1,1,148,16,2850.0,40.0,6000000.0
0,4,1,114,13,2850.0,30.0,13500000.0
1,4,2,73,9,2850.0,10.0,15000000.0
0,3,2,13,9,2850.0,12.0,12500000.0
1,4,2,117,6,3000.0,57.0,48000000.0
1,3,1,166,4,2850.0,18.0,18500000.0
1,3,2,166,4,3400.0,8.2,31000000.0
0,2,1,73,9,2000.0,10.2,11000000.0
0,3,1,133,4,2850.0,6.0,14500000.0
0,4,5,157,6,2850.0,10.0,60000000.0
1,1,1,166,10,2850.0,12.0,8800000.0
0,3,1,133,4,2850.0,6.5,16000000.0
0,3,2,166,4,2057.0,14.3,23500000.0
1,3,4,133,4,3200.0,7.0,37500000.0
0,5,3,76,10,2850.0,8.8,19500000.0
0,4,3,166,4,3000.0,20.0,119000000.0
0,5,3,50,6,4400.0,10.0,39000000.0
0,3,2,141,20,2850.0,22.5,17500000.0
0,3,1,166,4,2850.0,12.5,13800000.0
1,2,2,42,6,2850.0,15.0,8000000.0
0,5,5,166,4,3500.0,7.0,68000000.0
0,10,10,76,10,3600.0,367.0,180000000.0
0,4,2,64,6,5100.0,10.6,95000000.0
0,4,2,166,4,3000.0,12.0,42000000.0
0,2,2,166,4,1000.0,11.0,37000000.0
0,3,1,166,4,2850.0,6.0,16500000.0
0,5,4,166,4,3500.0,8.0,56000000.0
0,4,2,76,10,2850.0,66.6,30000000.0
1,3,3,166,4,1800.0,11.5,9500000.0
1,3,2,92,13,2850.0,35.0,39500000.0
0,5,3,166,4,2750.0,10.0,46500000.0
0,5,2,50,6,2850.0,14.0,20000000.0
1,4,4,8,4,4917.0,10.0,66000000.0
0,4,2,76,10,2850.0,16.5,28500000.0
0,6,2,166,5,2850.0,11.5,28500000.0
0,5,5,166,4,5000.0,11.0,170000000.0
0,3,3,166,4,2700.0,8.0,45000000.0
0,2,1,25,4,2850.0,2.5,6500000.0
1,2,1,50,6,2850.0,17.0,23500000.0
0,1,1,96,4,2850.0,9.5,34000000.0
1,2,1,126,9,2850.0,10.0,23500000.0
0,3,2,166,4,2850.0,11.0,9700000.0
0,3,1,71,19,2850.0,10.0,11000000.0
1,1,1,76,10,2850.0,7.6,30000000.0
0,4,3,166,4,4200.0,35.0,225000000.0
0,4,1,117,6,2850.0,41.0,20000000.0
0,3,3,166,4,2850.0,10.0,26500000.0
1,4,1,126,9,1400.0,11.0,16000000.0
1,3,2,166,4,2850.0,9.0,15000000.0
1,4,1,64,6,2850.0,59.0,40000000.0
0,5,2,140,11,5000.0,1.5,30000000.0
1,5,2,50,6,660.0,11.0,500000.0
0,3,2,82,4,2850.0,10.5,18500000.0
1,4,2,64,6,1500.0,8.0,11900000.0
0,1,1,166,4,1800.0,6.0,22000000.0
1,4,3,109,6,2700.0,21.0,21000000.0
0,9,6,33,4,4500.0,11.0,260000000.0
1,8,5,166,4,5369.0,10.37,170000000.0
0,4,2,138,6,2850.0,10.0,25000000.0
0,3,1,75,6,2850.0,15.0,12500000.0
0,2,1,92,13,2850.0,15.0,30000000.0
0,2,1,50,6,2850.0,12.0,5500000.0
1,3,2,75,6,2850.0,6.21,19000000.0
1,3,1,62,9,2850.0,10.0,14500000.0
1,3,3,166,4,2850.0,3.5,17500000.0
0,5,2,104,13,2850.0,76.0,38000000.0
0,2,1,58,4,2850.0,15.0,7500000.0
0,3,1,66,6,2850.0,28.0,17000000.0
0,3,1,13,9,2850.0,10.0,18000000.0
1,3,1,50,6,2850.0,10.0,11000000.0
1,5,3,155,9,2850.0,5.0,6500000.0
1,3,3,35,4,3003.0,11.0,280000000.0
1,4,2,61,4,2850.0,12.0,19000000.0
0,3,1,66,6,5000.0,17.0,13500000.0
1,5,3,128,4,2850.0,6.0,28500000.0
1,2,1,66,6,2850.0,5.0,12500000.0
0,3,1,50,6,2850.0,15.0,10000000.0
1,4,1,85,6,2850.0,74.0,13600000.0
0,5,5,166,4,2850.0,68.0,59000000.0
0,2,2,138,6,1852.0,10.0,30000000.0
0,2,1,138,6,2850.0,7.0,13500000.0
0,5,3,66,6,3790.0,12.5,45000000.0
0,4,4,139,4,7000.0,17.3,260000000.0
1,3,1,166,14,2850.0,15.0,7000000.0
1,6,2,126,9,2850.0,10.0,17000000.0
1,3,1,8,4,2850.0,5.0,7500000.0
1,2,1,42,6,2850.0,8.0,3500000.0
1,4,3,92,13,2850.0,15.0,29500000.0
0,2,1,105,4,2635.0,6.5,6800000.0
0,5,2,48,5,2850.0,13.5,17000000.0
1,3,2,61,4,4247.0,15.6,9000000.0
0,4,2,138,6,2850.0,19.5,17500000.0
1,3,1,166,17,2850.0,9.0,6500000.0
0,2,1,25,4,2850.0,1.5,9500000.0
0,2,2,13,9,2850.0,8.0,12500000.0
1,2,1,126,9,2850.0,10.0,22000000.0
0,4,1,92,13,2850.0,15.0,11000000.0
1,3,2,114,13,2850.0,22.0,9500000.0
1,3,2,166,4,2000.0,10.0,22000000.0
1,5,2,84,6,2850.0,6.0,27500000.0
0,4,3,50,6,3400.0,10.0,49000000.0
0,1,1,166,4,2850.0,6.0,9800000.0
1,4,2,92,13,2850.0,40.0,8500000.0
1,1,1,50,6,2850.0,19.8,22000000.0
0,1,1,57,7,2850.0,146.0,9500000.0
0,4,2,8,4,2000.0,8.6,17000000.0
1,4,2,73,9,2500.0,38.5,16500000.0
1,3,1,114,13,2850.0,15.0,7300000.0
1,6,1,101,15,2850.0,11.0,13000000.0
0,4,3,166,6,2850.0,15.0,35000000.0
0,4,4,166,4,2850.0,11.0,35000000.0
0,3,2,166,4,2850.0,10.0,30000000.0
0,3,1,117,6,2850.0,16.0,17800000.0
0,2,1,6,1,2850.0,90.0,7500000.0
1,3,2,166,4,1350.0,7.2,22500000.0
1,3,2,166,4,2850.0,9.0,35000000.0
1,4,3,73,9,2850.0,11.0,18000000.0
0,4,1,48,5,2850.0,11.0,8500000.0
1,5,3,15,4,2850.0,10.0,45000000.0
0,3,1,8,4,2850.0,6.0,13500000.0
0,2,1,157,6,2850.0,5.0,10000000.0
0,5,3,50,6,4000.0,20.0,79000000.0
1,3,1,156,13,2850.0,28.5,26000000.0
1,3,3,50,6,5462.0,14.5,14000000.0
0,4,4,166,4,5000.0,21.0,250000000.0
0,4,2,166,4,5000.0,9.0,109000000.0
1,3,1,126,9,2850.0,10.0,13000000.0
0,4,4,166,4,3000.0,6.0,65000000.0
0,3,1,166,4,2850.0,7.2,35500000.0
0,3,1,61,4,2850.0,10.0,15000000.0
0,3,3,166,4,2250.0,7.2,43000000.0
0,2,1,105,4,2850.0,8.1,6500000.0
0,3,1,110,6,2850.0,10.0,4600000.0
0,3,2,166,4,2850.0,11.0,20000000.0
1,3,1,109,6,2850.0,15.0,5500000.0
1,4,1,166,4,2850.0,10.0,14950000.0
0,2,2,101,15,2850.0,11.0,33300000.0
1,3,2,166,4,1500.0,10.0,24000000.0
1,5,3,50,6,2850.0,20.0,220000000.0
0,5,7,166,4,3900.0,14.9,85000000.0
1,3,1,50,6,2850.0,15.0,4200000.0
0,4,3,166,4,2450.0,8.5,58000000.0
1,3,2,73,9,2850.0,17.0,10700000.0
0,1,1,76,10,2850.0,9.7,5000000.0
0,3,1,61,4,2850.0,11.0,12700000.0
0,4,3,166,4,2800.0,7.1,37500000.0
1,3,2,76,10,2850.0,17.0,46000000.0
1,3,1,50,6,2850.0,7.0,5000000.0
1,5,2,19,6,2850.0,15.0,20000000.0
1,1,1,166,4,2850.0,3.5,9800000.0
1,5,5,166,4,2950.0,8.0,60000000.0
1,2,1,73,9,2850.0,11.0,5000000.0
1,4,2,73,9,1600.0,22.5,18000000.0
0,4,3,166,4,2950.0,6.0,43000000.0
1,3,1,92,13,2850.0,24.0,4500000.0
0,1,1,137,19,2850.0,5.5,12500000.0
1,4,2,50,6,2850.0,5.8,21500000.0
0,4,4,166,4,6000.0,17.4,200000000.0
0,2,1,166,4,2850.0,7.5,5500000.0
0,3,1,50,6,2850.0,17.0,8450000.0
1,5,2,114,13,2850.0,15.0,13000000.0
0,2,1,13,9,2850.0,9.0,10500000.0
0,4,2,144,6,2850.0,10.0,28500000.0
0,3,2,144,6,2850.0,10.0,11000000.0
0,4,1,48,5,2850.0,22.5,28500000.0
0,3,2,66,6,2850.0,34.9,24000000.0
0,3,2,61,4,2850.0,8.0,19500000.0
0,3,2,50,6,2850.0,11.0,7900000.0
0,3,1,92,13,2850.0,15.0,14000000.0
0,5,2,66,6,3800.0,12.25,42000000.0
0,3,2,166,4,2850.0,10.0,39000000.0
0,1,1,138,6,2850.0,10.5,9200000.0
1,4,1,76,10,2850.0,7.6,45000000.0
0,3,1,166,6,2850.0,10.0,10000000.0
0,3,1,119,6,2850.0,12.5,12500000.0
1,4,2,50,6,2850.0,16.0,28500000.0
1,2,1,126,9,2850.0,10.0,7400000.0
0,3,1,68,18,2850.0,20.0,7800000.0
0,1,1,73,9,2850.0,10.0,12500000.0
0,4,4,147,4,2600.0,6.4,68000000.0
0,4,1,166,7,2850.0,81.5,17000000.0
0,3,3,98,4,1855.0,14.0,39500000.0
0,3,1,166,4,2850.0,20.0,2000000.0
1,2,2,139,4,2850.0,11.0,78000.0
1,3,2,66,6,2850.0,34.9,24000000.0
1,5,2,50,6,2850.0,14.0,31500000.0
1,4,2,166,4,2850.0,16.0,31000000.0
0,1,1,18,16,2850.0,11.0,2700000.0
1,1,1,166,4,2850.0,5.5,22500000.0
0,4,2,166,4,2850.0,32.0,43000000.0
1,3,2,166,4,2850.0,7.0,28000000.0
0,2,1,133,4,2850.0,7.0,6500000.0
0,1,1,166,4,2850.0,4.0,16000000.0
1,2,3,166,4,2850.0,5.0,24500000.0
1,4,3,58,4,2850.0,30.0,50000000.0
1,2,2,133,4,2850.0,10.0,22000000.0
0,1,1,166,13,2850.0,15.0,27500000.0
0,3,1,81,6,2850.0,20.0,25000000.0
0,5,3,166,4,3200.0,10.25,51000000.0
0,6,2,61,4,2850.0,10.0,25000000.0
0,3,1,61,4,2850.0,10.0,13500000.0
0,4,1,50,6,2850.0,23.0,9800000.0
1,4,2,8,4,2850.0,14.0,23000000.0
1,3,1,62,9,2850.0,10.0,8000000.0
0,4,2,76,10,2850.0,66.6,30000000.0
0,3,2,66,6,2850.0,10.25,41000000.0
0,2,1,79,11,2850.0,19.2,16500000.0
0,3,2,50,6,2850.0,15.0,22000000.0
0,3,1,61,4,2850.0,6.0,13800000.0
0,4,1,50,6,2850.0,41.0,20000000.0
0,4,1,13,9,2850.0,21.0,9500000.0
1,2,2,157,6,2850.0,11.0,38000000.0
0,4,3,50,6,3200.0,20.0,45000000.0
0,2,1,166,6,2850.0,6.0,7200000.0
0,2,1,83,12,2850.0,2.0,11000000.0
0,3,1,50,6,1350.0,20.0,10500000.0
0,2,1,57,7,2850.0,11.0,7000000.0
1,5,4,35,4,2850.0,11.0,425000000.0
1,4,4,166,4,2850.0,11.0,78000000.0
0,2,1,166,4,2850.0,11.0,11500000.0
1,4,2,85,6,2850.0,20.0,4800000.0
0,2,2,166,4,1250.0,12.6,53000000.0
0,3,2,166,4,2850.0,2.5,88000000.0
0,1,1,166,7,2850.0,146.0,9500000.0
1,3,1,166,4,2850.0,10.68,36000000.0
0,4,4,166,4,2880.0,20.0,65000000.0
1,5,5,82,4,3300.0,11.5,36000000.0
0,3,2,166,4,1400.0,6.0,39500000.0
1,2,1,96,4,2850.0,21.0,39000000.0
0,3,1,92,13,2850.0,179.0,6600000.0
1,4,2,73,9,2850.0,10.0,23500000.0
0,2,1,13,9,2850.0,13.0,6700000.0
0,3,1,62,9,2850.0,47.04,19500000.0
0,4,2,166,4,2600.0,15.0,29000000.0
1,5,2,58,4,2850.0,10.0,16000000.0
0,3,2,166,4,2850.0,11.0,45000000.0
1,7,5,6,1,2850.0,130.0,45000000.0
1,3,2,166,4,2850.0,15.0,17500000.0
0,3,1,166,4,2850.0,6.5,12500000.0
0,3,1,48,5,1729.0,12.6,13000000.0
0,8,3,117,6,2850.0,14.0,25000000.0
1,4,2,90,13,2850.0,16.5,12000000.0
1,3,2,50,6,2850.0,14.3,27000000.0
1,2,1,166,4,2850.0,9.9,27000000.0
0,3,1,76,10,2850.0,10.9,15000000.0
0,1,1,166,4,2850.0,8.0,4500000.0
1,3,2,8,4,1200.0,6.75,25000000.0
0,4,4,166,6,2850.0,10.0,35000000.0
0,4,3,20,4,3000.0,7.0,59000000.0
1,3,1,66,6,2850.0,10.0,12000000.0
0,3,2,48,5,2850.0,34.0,4500000.0
1,1,1,115,19,2850.0,11.0,24000000.0
1,4,2,76,10,2850.0,18.0,20000000.0
0,1,1,50,6,2850.0,15.0,15000000.0
1,5,2,6,1,2850.0,5.0,29000000.0
1,5,2,166,6,2850.0,22.0,55000000.0
1,3,1,166,6,2850.0,15.0,5500000.0
1,10,10,73,9,2850.0,18.0,23000000.0
0,1,1,166,4,2850.0,28.0,98000000.0
0,3,2,86,4,2850.0,7.1,34000000.0
1,2,1,50,6,2850.0,20.0,29500000.0
1,5,3,166,4,2990.0,15.0,80000000.0
0,3,1,69,4,2850.0,8.0,17800000.0
1,6,4,166,4,2850.0,8.5,37000000.0
1,1,1,48,5,2850.0,11.0,6900000.0
1,4,1,8,4,2850.0,12.0,13500000.0
0,4,2,92,13,2850.0,50.3,22000000.0
1,3,1,166,4,2850.0,10.0,26500000.0
0,4,1,92,13,2850.0,15.0,8500000.0
0,3,2,92,13,2850.0,10.0,18500000.0
1,4,2,166,4,2850.0,6.0,46000000.0
1,3,1,109,6,2850.0,53.0,17000000.0
0,3,1,50,6,2850.0,33.0,4800000.0
0,4,2,166,4,2850.0,10.0,39000000.0
0,2,1,81,6,2850.0,7.5,13000000.0
0,3,1,166,4,2850.0,5.0,14500000.0
0,1,1,166,4,2850.0,8.0,22500000.0
1,2,2,73,9,2850.0,10.0,16500000.0
0,5,1,6,1,2850.0,1.0,5500000.0
0,3,1,42,6,2850.0,15.0,5700000.0
1,3,3,98,4,1590.0,1.5,26500000.0
0,1,1,53,13,2850.0,56.0,8000000.0
1,4,3,126,9,2850.0,20.5,25000000.0
1,5,4,157,6,2850.0,11.0,59000000.0
0,3,3,166,6,2850.0,6.3,32000000.0
0,3,1,52,6,2850.0,12.0,7500000.0
0,3,2,166,4,2850.0,8.0,15000000.0
1,4,5,166,4,4500.0,7.5,118000000.0
0,2,2,76,10,1400.0,12.0,21000000.0
0,2,1,92,13,3100.0,18.5,10500000.0
0,4,4,121,4,2801.0,8.0,88000000.0
0,3,1,166,4,2850.0,9.3,28000000.0
1,4,2,50,6,2850.0,32.0,19500000.0
1,4,3,101,15,17400.0,64.0,550000000.0
1,3,2,166,4,2000.0,8.7,140000000.0
0,2,1,13,9,2850.0,7.5,2300000.0
1,4,2,61,4,2850.0,14.0,28500000.0
0,3,1,166,6,2850.0,2.0,6500000.0
1,1,1,41,4,2850.0,11.0,42350000.0
0,3,1,50,6,1600.0,40.0,16000000.0
0,5,5,96,4,4500.0,8.5,75000000.0
0,2,1,166,4,1150.0,6.5,23500000.0
1,3,2,43,20,3300.0,10.0,26500000.0
1,3,1,126,9,2850.0,11.5,10000000.0
1,4,2,61,4,2850.0,14.0,28500000.0
0,6,9,15,4,16500.0,48.0,650000000.0
0,5,4,166,4,3500.0,11.0,95000000.0
1,2,2,166,4,2850.0,11.0,9200000.0
0,3,1,50,6,2850.0,12.0,7500000.0
0,2,1,133,4,2850.0,6.25,13900000.0
0,5,2,166,10,2850.0,15.0,39000000.0
0,3,2,50,6,1100.0,7.25,26000000.0
0,4,3,166,4,2850.0,7.5,83000000.0
1,3,2,73,9,2850.0,15.0,11500000.0
0,3,1,166,1,2850.0,40.0,12500000.0
1,6,4,166,4,4000.0,10.68,98000000.0
1,3,1,76,10,2850.0,23.0,12000000.0
0,3,1,61,4,2850.0,10.5,14800000.0
0,1,1,73,9,2850.0,11.0,12500000.0
0,2,1,50,6,2850.0,10.0,5000000.0
1,4,1,50,6,2850.0,65.0,16500000.0
0,1,1,9,4,2850.0,20.0,14000000.0
0,3,2,166,4,2850.0,7.0,17900000.0
0,3,2,73,9,2850.0,15.0,16000000.0
1,3,1,70,20,2850.0,62.0,9500000.0
0,2,1,166,4,2850.0,7.0,8000000.0
1,3,3,139,4,3450.0,8.0,75000000.0
0,1,1,166,4,300.0,9.0,83000000.0
0,4,3,98,4,2850.0,8.1,39500000.0
0,3,1,69,4,2850.0,14.0,11900000.0
0,3,2,81,6,2850.0,11.0,180000.0
1,3,2,166,6,1450.0,12.5,21000000.0
1,4,3,166,4,2850.0,10.0,45000000.0
1,4,2,166,4,2850.0,17.5,27000000.0
0,4,2,133,4,2850.0,12.0,25000000.0
0,2,1,101,15,2850.0,96.0,6500000.0
1,2,1,166,4,2850.0,12.7,215900000.0
1,3,1,166,4,2850.0,10.0,9200000.0
1,2,1,50,6,2850.0,6.0,15000000.0
0,3,2,166,4,2850.0,10.0,11000000.0
0,6,6,166,4,3800.0,10.0,105000000.0
1,5,3,166,4,2850.0,10.0,18500000.0
1,4,1,166,9,2850.0,9.0,11000000.0
0,4,2,41,4,2850.0,11.0,75000000.0
1,3,1,62,9,2850.0,12.5,5500000.0
0,3,1,154,6,2850.0,20.0,14700000.0
1,3,1,115,19,2850.0,15.0,16000000.0
0,3,2,157,6,1600.0,6.75,32000000.0
0,1,1,166,4,2850.0,24.5,71050000.0
0,3,2,166,4,1550.0,10.0,26000000.0
1,3,2,166,4,2850.0,16.0,68000000.0
0,3,1,66,6,2850.0,12.5,14500000.0
1,4,3,166,4,2500.0,10.0,43000000.0
0,2,1,123,4,2850.0,10.0,7000000.0
0,3,1,50,6,2850.0,10.0,22000000.0
0,4,4,8,4,2950.0,9.6,44000000.0
1,4,4,139,4,7000.0,17.3,260000000.0
0,3,2,117,6,2850.0,10.0,25000000.0
0,2,1,50,6,2850.0,7.0,4940000.0
1,5,5,32,4,2850.0,10.0,170000000.0
1,3,2,50,6,2850.0,12.5,8300000.0
0,1,1,166,4,2850.0,9.5,42000000.0
0,4,2,166,4,2850.0,3.0,15000000.0
1,2,1,89,4,1150.0,10.0,19000000.0
0,5,5,166,4,3000.0,6.0,75000000.0
1,2,1,166,4,2850.0,3.8,17000000.0
1,3,1,90,13,2850.0,15.0,9800000.0
0,4,4,146,7,2850.0,43.0,22000000.0
0,4,2,166,4,2850.0,6.5,31000000.0
1,5,2,166,4,2850.0,2.0,13000000.0
1,2,1,123,4,2850.0,67.0,8000000.0
1,4,2,8,4,2700.0,6.3,19000000.0
1,1,1,25,4,2850.0,2.0,10000000.0
0,3,1,126,9,2850.0,16.5,22275000.0
1,3,1,166,4,2850.0,8.5,29000000.0
0,9,8,75,6,2850.0,19.0,55000000.0
1,3,2,166,4,1350.0,6.1,26000000.0
0,3,2,166,4,2850.0,7.5,25000000.0
1,2,1,156,13,2850.0,15.0,2250000.0
0,4,3,33,4,2736.0,9.35,110000000.0
1,5,3,126,9,2850.0,10.0,26500000.0
0,1,1,18,16,2850.0,20.0,2800000.0
0,3,3,157,6,4000.0,10.1,35000000.0
0,1,1,75,6,2850.0,11.0,12500000.0
1,3,1,166,4,2850.0,5.0,15000000.0
1,3,1,109,6,2850.0,13.0,10700000.0
0,2,1,90,13,2850.0,10.0,3400000.0
0,6,3,79,11,2850.0,55.0,30000000.0
1,2,1,133,4,2850.0,8.55,22000000.0
0,3,1,166,4,2850.0,10.0,18500000.0
1,3,3,57,7,2000.0,18.0,11000000.0
1,3,3,20,4,2850.0,20.0,60000000.0
0,3,2,75,6,1450.0,5.5,34000000.0
0,4,3,166,4,2850.0,12.0,85000000.0
0,3,1,61,4,2850.0,13.0,14000000.0
1,5,4,50,6,2850.0,30.0,40000000.0
1,6,5,166,4,2850.0,11.0,49000000.0
0,3,2,82,4,1450.0,10.0,28500000.0
1,6,6,166,4,3800.0,12.0,45000000.0
1,5,3,51,10,2850.0,15.5,45000000.0
0,4,3,166,4,2850.0,10.0,33000000.0
0,4,1,110,6,2850.0,59.0,13000000.0
1,3,2,50,6,2850.0,9.9,18000000.0
1,5,3,166,6,4400.0,10.0,39000000.0
1,2,1,1,15,2850.0,9.0,2800000.0
0,2,1,166,4,2850.0,10.0,14000000.0
0,3,3,73,9,2850.0,11.75,21500000.0
1,5,5,166,4,2850.0,10.0,135000000.0
0,1,1,98,4,3000.0,11.0,37500000.0
0,6,3,50,6,2850.0,12.0,40000000.0
0,10,8,166,4,8250.0,20.0,200000000.0
0,1,1,50,6,2850.0,85.0,6500000.0
1,5,3,166,4,3000.0,10.24,62000000.0
1,3,2,50,6,2850.0,14.0,14000000.0
0,2,1,50,6,2850.0,11.0,4500000.0
1,6,2,15,4,3800.0,10.0,105000000.0
0,2,1,166,4,2850.0,18.1,39000000.0
1,1,1,119,6,2850.0,14.0,9500000.0
0,3,1,50,6,2850.0,15.0,6500000.0
1,3,1,110,6,2850.0,92.0,9300000.0
0,1,1,62,9,2850.0,20.0,6500000.0
0,4,2,166,4,3000.0,6.0,76000000.0
1,5,3,33,4,2850.0,11.0,49000000.0
1,2,1,54,4,2850.0,6.8,12000000.0
0,3,3,138,6,2850.0,9.3,33500000.0
1,4,4,166,4,4500.0,10.0,65000000.0
0,4,1,112,16,2850.0,20.0,25000000.0
0,2,1,33,4,2850.0,12.0,192000000.0
1,3,2,166,9,2850.0,14.03,16000000.0
0,4,2,166,13,2850.0,50.3,15000000.0
1,3,2,137,19,2850.0,32.25,27500000.0
0,4,2,166,4,2850.0,10.0,14000000.0
0,3,1,61,4,2850.0,10.0,7600000.0
0,2,2,50,6,2850.0,15.0,18000000.0
0,4,2,13,9,2850.0,38.5,14500000.0
0,4,3,166,4,4000.0,10.0,55000000.0
1,3,2,166,4,2850.0,16.0,68000000.0
1,2,1,166,6,2850.0,7.0,6800000.0
1,4,3,76,10,2850.0,36.5,85000000.0
1,9,5,2,13,6300.0,55.0,150000000.0
1,7,3,166,4,2850.0,13.0,75000000.0
0,5,4,166,4,6800.0,20.0,93000000.0
0,1,1,13,9,2850.0,10.0,9800000.0
0,4,4,166,4,4000.0,22.0,55000000.0
1,3,1,166,4,2850.0,11.0,12500000.0
1,4,3,126,9,5000.0,12.0,85000000.0
1,4,3,133,4,2600.0,8.0,45000000.0
1,4,4,32,4,4000.0,6.62,150000000.0
0,3,1,105,4,2850.0,48.0,16500000.0
1,6,6,101,15,2850.0,12.0,21000000.0
1,8,8,41,4,2850.0,14.0,112000000.0
1,2,1,166,6,2850.0,2.0,5000000.0
0,3,2,166,4,2850.0,15.0,35000000.0
0,3,3,166,4,2850.0,8.0,23000000.0
0,4,2,157,6,2850.0,13.0,40000000.0
1,3,1,156,13,2850.0,17.5,10800000.0
0,2,1,1,15,2850.0,15.0,6200000.0
0,1,1,62,9,2850.0,80.0,16500000.0
0,2,1,50,6,2850.0,30.0,6300000.0
0,2,1,166,4,2850.0,11.0,5900000.0
0,3,1,92,13,2850.0,15.0,16000000.0
1,3,1,165,6,2850.0,10.0,8800000.0
0,4,4,166,4,4250.0,8.0,62500000.0
0,1,1,89,4,2850.0,20.0,25000000.0
0,3,1,81,6,2850.0,3.0,8500000.0
1,3,3,166,4,2000.0,20.0,50000000.0
1,4,2,50,6,2850.0,14.0,31500000.0
0,3,2,41,4,2850.0,10.0,39000000.0
0,3,1,48,5,2850.0,10.0,12500000.0
0,2,1,128,4,2850.0,15.0,25000000.0
1,7,3,48,5,2850.0,25.5,33900000.0
0,4,1,166,6,2850.0,10.75,37500000.0
0,3,3,98,4,2850.0,11.0,19500000.0
0,3,2,105,4,2850.0,8.5,13500000.0
1,1,1,141,20,2850.0,10.0,3700000.0
0,2,2,166,4,2850.0,4.0,13000000.0
1,4,3,8,4,2850.0,6.2,30000000.0
0,4,2,73,9,2850.0,10.0,19000000.0
0,3,1,128,4,2850.0,20.0,42000000.0
1,3,1,76,10,2850.0,23.0,8500000.0
0,3,2,85,6,2850.0,15.0,7700000.0
1,5,3,35,4,2850.0,19.5,29250000.0
1,6,6,166,4,2850.0,5.7,57500000.0
0,4,4,98,4,3000.0,5.5,42500000.0
1,3,3,166,4,1400.0,9.7,26500000.0
0,4,1,165,6,2850.0,19.0,12500000.0
1,3,2,126,9,2850.0,10.0,9000000.0
0,6,4,166,4,4000.0,12.0,85000000.0
1,7,2,166,4,3500.0,10.0,21000000.0
1,4,1,166,4,2850.0,35.0,15000000.0
0,1,1,166,4,2850.0,15.0,15500000.0
0,3,1,75,6,2850.0,21.0,18500000.0
0,6,5,166,4,9500.0,40.0,185000000.0
1,2,1,50,6,2850.0,15.0,7800000.0
0,5,1,116,4,3500.0,12.8,75000000.0
0,1,1,48,5,2850.0,18.5,8500000.0
0,3,1,166,4,2850.0,10.0,13000000.0
1,3,1,166,13,2850.0,20.0,7500000.0
0,3,1,12,20,2850.0,2.0,2000000.0
0,3,2,166,4,2850.0,10.0,18500000.0
0,3,1,166,4,2850.0,10.8,15500000.0
0,3,2,166,4,1650.0,10.0,30000000.0
0,3,1,166,4,2850.0,12.0,12800000.0
1,5,4,32,4,2850.0,10.0,220000000.0
0,3,1,50,6,2850.0,10.0,16000000.0
0,10,9,33,4,12000.0,26.4,17000000.0
0,3,2,31,4,2850.0,2.0,40000000.0
1,2,1,73,9,2850.0,10.2,6500000.0
0,5,1,92,13,2850.0,120.0,13500000.0
0,5,3,13,9,2850.0,20.0,25000000.0
0,7,5,50,6,5500.0,21.0,127000000.0
1,3,1,155,9,2850.0,15.0,10800000.0
0,2,2,117,6,2850.0,14.0,26500000.0
0,4,4,138,6,2850.0,6.0,47000000.0
0,2,1,142,4,2850.0,11.0,32500000.0
0,3,1,166,4,2850.0,8.0,19500000.0
1,6,4,131,10,2850.0,10.0,49000000.0
0,5,1,79,11,2850.0,13.5,13500000.0
1,3,1,50,6,2850.0,35.0,24500000.0
0,5,3,166,4,2700.0,9.0,46500000.0
0,2,2,121,4,2850.0,20.0,9000000.0
0,3,1,166,4,2850.0,10.0,11500000.0
0,1,1,166,4,2850.0,7.7,38000000.0
0,2,1,126,9,2850.0,7.0,7600000.0
0,1,1,92,13,2850.0,2.0,8500000.0
0,3,1,166,4,2850.0,11.0,19000000.0
0,3,3,15,4,2744.0,13.12,59000000.0
0,5,4,166,6,7800.0,40.0,250000000.0
0,3,1,50,6,2850.0,17.0,6500000.0
0,2,2,155,9,2850.0,14.5,9500000.0
0,3,1,50,6,2850.0,8.0,6850000.0
0,3,1,114,13,2850.0,63.0,3200000.0
0,4,3,82,4,2850.0,7.9,30000000.0
1,2,1,133,4,2850.0,8.0,10000000.0
0,4,2,166,4,2850.0,10.0,241000000.0
1,4,3,89,4,2850.0,10.0,40000000.0
0,7,6,166,4,2850.0,11.4,11400000.0
1,2,1,50,6,2850.0,10.0,4300000.0
0,4,3,166,4,3218.0,6.0,56000000.0
1,4,4,166,4,2950.0,9.16,44000000.0
1,2,1,50,6,2850.0,10.0,13500000.0
1,1,1,50,6,2850.0,20.0,3500000.0
0,3,3,8,4,1400.0,10.0,30000000.0
0,3,2,62,9,2850.0,22.0,12000000.0
0,2,1,70,20,2850.0,19.0,3500000.0
0,3,2,116,4,2850.0,10.0,60000000.0
1,8,3,117,6,2850.0,14.0,23000000.0
0,5,3,76,10,2850.0,11.0,32500000.0
1,3,2,166,4,2850.0,10.0,28500000.0
0,4,1,50,6,2850.0,130.0,8000000.0
0,2,1,50,6,1050.0,6.0,7900000.0
1,3,1,166,4,2850.0,10.0,26000000.0
0,4,1,73,9,2850.0,11.0,20000000.0
0,3,1,166,4,2850.0,8.0,12800000.0
0,5,3,166,4,2850.0,5.5,35000000.0
0,3,1,83,12,2850.0,11.0,12000000.0
0,4,3,73,9,2850.0,6.5,22500000.0
0,4,4,166,4,4732.0,12.0,49500000.0
0,3,2,166,4,1350.0,6.0,35000000.0
0,5,3,166,4,2850.0,24.0,75000000.0
0,3,1,65,8,2850.0,2.0,16000000.0
0,2,1,126,9,2850.0,4.5,6200000.0
0,2,1,54,4,2850.0,10.0,16500000.0
0,3,2,66,6,1250.0,6.1,16800000.0
1,3,1,73,9,2850.0,12.0,6700000.0
1,3,1,19,6,2850.0,15.0,20000000.0
1,4,2,41,4,1400.0,2.5,28000000.0
0,4,2,133,4,2850.0,10.0,22000000.0
1,3,1,166,6,2850.0,18.0,7500000.0
1,6,4,66,6,4200.0,7.5,26000000.0
1,5,4,166,4,2500.0,10.0,46500000.0
0,3,3,166,4,2850.0,7.0,25000000.0
1,2,1,112,16,2850.0,20.0,2200000.0
1,6,4,166,4,8000.0,49.0,360000000.0
1,4,3,89,4,2850.0,20.0,49800000.0
1,3,1,137,19,2850.0,20.0,16000000.0
0,5,2,104,13,2850.0,20.0,11500000.0
0,2,2,126,9,2850.0,16.0,10000000.0
1,4,2,166,4,2850.0,7.0,23000000.0
0,1,1,166,4,2850.0,8.0,8500000.0
1,4,3,166,4,2850.0,7.23,37500000.0
0,3,2,33,4,4500.0,11.0,100000000.0
1,4,2,166,4,2580.0,11.66,45000000.0
1,3,2,13,9,2850.0,10.4,16500000.0
1,4,4,166,4,3900.0,7.0,70000000.0
0,5,4,166,4,2850.0,10.0,45000000.0
0,4,3,76,10,2850.0,32.0,52500000.0
0,1,1,166,15,2850.0,10.0,4800000.0
0,3,3,166,4,4500.0,13.0,125000000.0
0,5,3,31,4,4000.0,12.8,250000000.0
0,3,2,61,4,1334.0,10.0,16500000.0
0,3,2,82,4,2850.0,10.0,32000000.0
0,3,2,166,6,2850.0,10.0,22000000.0
0,1,1,166,13,2850.0,20.0,4000000.0
1,4,4,61,4,2850.0,16.5,16500000.0
1,3,1,73,9,2850.0,13.5,20000000.0
0,4,2,92,13,2850.0,15.0,24000000.0
0,3,1,89,4,2850.0,6.9,11500000.0
1,2,2,126,9,2850.0,7.0,12500000.0
0,3,1,166,4,2850.0,2.5,9500000.0
0,2,1,61,4,2850.0,9.5,15300000.0
1,3,1,166,6,2850.0,20.0,14500000.0
0,5,2,60,5,2850.0,35.0,32000000.0
1,3,2,166,4,1350.0,7.0,23800000.0
0,3,1,50,6,2850.0,22.0,4500000.0
1,5,4,31,4,2850.0,12.8,300000000.0
0,1,1,166,4,2850.0,11.0,35000.0
0,3,3,166,4,3000.0,7.5,45000000.0
0,3,3,64,6,3500.0,8.0,33500000.0
1,5,2,50,6,2500.0,12.0,29000000.0
0,1,1,166,6,2850.0,18.5,2000000.0
1,2,1,77,16,2850.0,30.0,16500000.0
0,6,2,138,6,2850.0,40.0,28000000.0
1,3,2,62,9,2850.0,15.0,20000000.0
0,3,1,166,6,2850.0,10.0,14500000.0
1,4,2,166,4,3000.0,10.6,33000000.0
0,1,1,100,14,2850.0,20.0,27000000.0
0,4,3,166,4,4300.0,13.16,128000000.0
1,3,3,76,10,1200.0,30.0,13500000.0
0,4,3,166,4,3000.0,10.8,32000000.0
0,1,1,166,4,2850.0,7.0,35000000.0
1,2,1,166,6,2850.0,11.0,18000000.0
0,3,1,166,13,2850.0,40.5,4500000.0
1,6,4,166,4,3200.0,20.0,89000000.0
0,3,2,79,11,2850.0,20.0,6900000.0
0,3,1,101,15,2850.0,15.0,16800000.0
1,5,2,50,6,2100.0,15.0,30000000.0
1,3,1,61,4,2850.0,10.0,13000000.0
0,3,1,117,6,2850.0,15.5,8700000.0
0,4,2,166,10,2850.0,10.0,43000000.0
0,4,4,166,4,2850.0,14.1,84000000.0
0,1,1,101,15,2850.0,60.0,14500000.0
0,5,5,166,4,3820.0,10.1,90000000.0
0,6,5,132,10,2850.0,15.0,50000000.0
0,3,2,41,4,2850.0,5.0,32000000.0
0,4,3,166,4,3500.0,10.0,65000000.0
0,5,2,166,4,9000.0,31.0,300000000.0
0,2,1,83,12,2850.0,4.0,8500000.0
0,3,1,166,4,2850.0,15.0,4300000.0
1,5,2,4,7,2400.0,20.0,21500000.0
1,1,1,166,4,5806.0,11.0,120000000.0
1,3,3,50,6,1850.0,6.5,42500000.0
0,3,2,166,4,2850.0,15.0,15000000.0
0,1,1,22,16,2850.0,65.0,2700000.0
0,5,4,166,4,2850.0,10.0,50000000.0
0,2,1,48,5,2850.0,10.0,9500000.0
1,3,1,58,4,2850.0,24.0,7500000.0
0,1,1,50,6,2850.0,9.5,3300000.0
1,2,1,166,4,2850.0,18.0,45000000.0
1,5,1,73,9,2850.0,10.0,8200000.0
0,3,1,66,6,2850.0,7.0,11500000.0
0,7,6,166,4,6000.0,27.5,185000000.0
0,1,1,62,9,2850.0,13.0,6250000.0
1,2,1,76,10,2850.0,11.0,2500000.0
0,6,3,166,4,6000.0,12.0,85000000.0
1,4,3,166,4,2600.0,12.5,35000000.0
1,4,2,166,4,2625.0,17.5,39500000.0
1,6,6,166,4,6670.0,35.0,210000000.0
0,2,1,50,6,2850.0,5.0,2350000.0
1,3,2,166,4,2850.0,7.9,57000000.0
0,4,1,50,6,2850.0,10.0,6200000.0
0,3,2,50,6,1990.0,7.0,26000000.0
0,4,2,166,4,2850.0,6.0,26000000.0
0,5,3,76,10,2850.0,11.0,37500000.0
0,4,2,166,9,2850.0,12.0,16500000.0
1,5,2,166,4,2850.0,10.0,29000000.0
1,3,1,76,10,2850.0,11.0,5500000.0
0,5,4,166,4,2800.0,8.8,78500000.0
0,2,1,50,6,2850.0,4.5,7500000.0
1,7,3,165,6,2850.0,17.0,29500000.0
0,3,1,8,4,2850.0,9.0,19500000.0
1,6,6,117,6,2850.0,17.0,69000000.0
1,4,2,126,9,2850.0,6.9,7500000.0
0,3,1,13,9,2850.0,13.0,11500000.0
0,6,7,166,4,8000.0,19.0,45000000.0
1,3,1,76,10,2200.0,20.0,18500000.0
0,4,1,73,9,2850.0,12.8,13900000.0
1,5,2,141,20,2850.0,42.0,12000000.0
0,2,1,48,5,2850.0,12.0,37200000.0
1,1,1,109,6,2850.0,19.11,9200000.0
1,3,2,76,10,1500.0,26.0,27500000.0
0,6,2,51,10,2850.0,24.0,3600000.0
0,3,2,166,4,2850.0,5.5,45000000.0
1,4,2,166,4,3000.0,10.0,33000000.0
0,1,2,73,9,2850.0,11.0,13000000.0
0,3,1,117,6,2850.0,19.0,17000000.0
0,2,1,109,6,2850.0,17.0,5200000.0
0,2,1,48,5,2850.0,37.0,7500000.0
1,1,1,92,13,2850.0,100.0,14000000.0
0,2,1,58,4,2850.0,11.5,3000000.0
0,4,3,166,4,3150.0,6.0,49500000.0
0,2,1,166,6,2850.0,15.5,10500000.0
0,4,1,166,13,2850.0,80.0,2500000.0
0,2,1,93,20,2850.0,11.0,5500000.0
0,1,1,76,10,2850.0,6.75,7000000.0
1,3,1,50,6,994.0,12.5,7900000.0
0,4,4,98,4,4500.0,13.0,53000000.0
1,1,1,166,4,2850.0,19.0,320000000.0
1,4,2,66,6,2850.0,10.0,16500000.0
0,2,1,61,4,2850.0,10.5,13200000.0
1,7,5,166,4,2850.0,19.5,55000000.0
0,3,1,166,4,2850.0,2.5,80000000.0
1,3,1,73,9,2850.0,12.5,8300000.0
0,4,2,166,4,1400.0,2.5,28000000.0
0,5,3,96,4,3100.0,10.0,55000000.0
0,4,4,89,4,2850.0,10.0,51000000.0
1,4,2,164,19,2850.0,45.0,35000000.0
0,2,1,62,9,2850.0,11.0,3000000.0
1,4,4,166,4,3800.0,10.0,69000000.0
1,4,3,166,4,2850.0,11.0,45000000.0
0,3,2,98,4,2850.0,7.5,38500000.0
1,3,1,89,4,2433.0,10.6,32000000.0
0,1,1,166,8,2850.0,30.0,30250000.0
0,3,2,8,4,1100.0,11.0,18700000.0
0,3,1,92,13,2850.0,14.0,6500000.0
1,3,2,117,6,2850.0,10.0,22000000.0
1,4,1,92,13,2850.0,27.5,23000000.0
0,3,1,166,4,1050.0,6.0,15000000.0
1,3,2,8,4,1150.0,6.0,21500000.0
0,5,4,142,4,900.0,16.4,55000000.0
0,4,3,166,4,4300.0,26.5,230000000.0
1,6,2,98,4,2850.0,7.0,22000000.0
0,3,1,101,15,2850.0,71.0,9500000.0
0,3,2,166,4,2850.0,7.31,22500000.0
0,2,1,81,6,2850.0,7.5,13000000.0
1,1,1,166,10,2850.0,11.0,5800000.0
0,4,4,166,4,2850.0,8.0,24000000.0
0,3,1,17,7,2850.0,20.0,6500000.0
0,3,1,73,9,2850.0,15.0,8000000.0
1,4,3,166,4,2850.0,7.63,61000000.0
1,4,3,166,4,3218.0,6.0,56000000.0
0,5,2,50,6,2400.0,23.5,16000000.0
0,4,4,32,4,2850.0,6.5,125000000.0
1,4,2,166,4,2850.0,7.5,51000000.0
0,2,1,41,4,2850.0,11.0,90000.0
1,4,2,105,4,2850.0,10.5,25000000.0
0,3,1,92,13,2850.0,14.0,9800000.0
0,3,2,166,4,1560.0,11.0,52000000.0
1,2,1,166,4,2850.0,15.0,8500000.0
0,1,1,101,15,2850.0,18.0,35000000.0
1,3,1,141,20,2850.0,31.0,5800000.0
0,5,2,101,15,3000.0,32.0,25500000.0
0,4,3,166,4,4200.0,35.0,225000000.0
0,2,1,92,13,2850.0,18.0,15000000.0
0,1,1,166,4,2850.0,11.0,50000000.0
0,5,5,166,4,3500.0,20.0,65000000.0
0,3,1,50,6,2850.0,12.5,7500000.0
1,3,2,166,4,1200.0,6.7,26500000.0
0,3,1,50,6,2850.0,15.0,5950000.0
1,4,1,41,4,2850.0,10.0,39000000.0
1,3,1,133,4,2850.0,11.0,16000000.0
0,3,1,166,4,2850.0,7.7,12500000.0
1,3,2,166,4,1225.0,6.0,17500000.0
0,2,1,76,10,2850.0,10.0,5500000.0
0,3,2,50,6,2850.0,7.5,25000000.0
0,4,4,166,4,3981.0,7.0,70000000.0
0,1,1,20,4,2800.0,9.84,80000000.0
0,3,1,61,4,2850.0,12.0,14800000.0
0,3,2,166,6,1100.0,11.0,25000000.0
0,5,2,166,4,2800.0,10.0,52000000.0
1,3,2,166,4,1450.0,7.5,25000000.0
0,3,1,76,10,2850.0,23.0,3300000.0
0,5,2,166,4,2414.0,13.24,39700000.0
1,6,2,101,15,2850.0,13.0,30000000.0
0,4,4,133,4,2850.0,7.1,42000000.0
0,3,3,50,6,1450.0,19.95,25000000.0
1,1,1,166,4,2850.0,11.0,160000000.0
0,3,2,76,10,2850.0,12.0,12800000.0
0,3,2,48,5,2850.0,39.0,45000000.0
0,5,2,166,6,5100.0,11.0,60000000.0
0,5,3,41,4,5639.0,23.36,98000000.0
0,2,1,166,4,800.0,20.0,8900000.0
0,2,1,135,18,2850.0,40.0,3500000.0
0,3,1,166,4,2850.0,12.5,5800000.0
0,3,2,61,4,2850.0,11.0,18500000.0
1,2,2,50,6,2850.0,8.5,10500000.0
0,3,1,50,6,2850.0,10.4,6500000.0
0,2,1,29,4,2850.0,4.0,14500000.0
1,4,2,166,13,2850.0,28.5,22500000.0
0,1,1,50,6,2850.0,5.0,56000000.0
0,3,1,166,4,2850.0,12.0,19000000.0
0,6,3,137,19,2850.0,85.0,12500000.0
1,2,1,58,4,2850.0,8.0,3500000.0
1,3,1,81,6,2850.0,19.0,25500000.0
1,2,1,166,6,2850.0,20.0,2800000.0
0,6,1,76,10,2850.0,11.0,98000000.0
1,2,1,105,4,2850.0,6.2,8500000.0
0,3,1,81,6,2850.0,20.0,26000000.0
1,4,2,166,4,2500.0,6.0,20000000.0
0,5,7,50,6,5000.0,12.75,85000000.0
0,3,2,166,4,2500.0,11.0,28500000.0
0,1,1,76,10,2850.0,160.0,17000000.0
0,1,1,48,5,2850.0,7.5,13500000.0
1,10,10,122,17,2850.0,40.0,80000000.0
1,3,2,166,4,2800.0,11.9,45000000.0
0,4,3,166,4,3000.0,11.0,60000000.0
0,2,1,50,6,2850.0,7.0,10500000.0
0,3,2,98,4,1100.0,10.0,2800000.0
0,3,1,126,9,2850.0,53.0,40000000.0
1,6,3,166,4,4000.0,17.75,34000000.0
1,4,3,166,4,2850.0,8.0,23000000.0
1,3,1,61,4,2850.0,7.5,13200000.0
1,5,2,119,6,2850.0,11.25,28500000.0
1,10,10,166,4,2850.0,13.0,30000000.0
0,1,1,92,13,2850.0,139.0,8500000.0
0,4,2,82,4,2850.0,6.0,13000000.0
0,3,1,50,6,2850.0,14.0,15000000.0
0,2,1,156,13,2850.0,63.0,4600000.0
0,1,1,166,4,2850.0,11.0,26000000.0
0,3,1,52,6,2850.0,10.0,12000000.0
0,2,1,6,1,2850.0,18.0,7800000.0
0,2,1,73,9,2850.0,15.0,3200000.0
0,3,1,13,9,2850.0,10.0,7000000.0
0,2,1,166,6,2850.0,21.0,5500000.0
1,2,2,166,6,2850.0,10.0,7500000.0
1,4,3,54,4,2850.0,11.0,39800000.0
0,1,1,50,6,3500.0,38.0,62500000.0
0,4,4,50,6,4200.0,11.5,89000000.0
1,4,4,126,9,2850.0,8.0,36000000.0
1,5,4,166,4,4500.0,10.0,32500000.0
0,4,4,50,6,2850.0,7.25,44500000.0
0,4,3,34,4,4000.0,10.0,180000000.0
1,3,1,92,13,2850.0,50.3,15500000.0
1,3,2,66,6,2850.0,8.5,14000000.0
1,4,3,139,4,2850.0,9.01,36000000.0
1,3,1,42,6,2850.0,14.0,6000000.0
1,4,3,13,9,2850.0,10.0,27500000.0
0,2,1,155,9,2850.0,7.5,6000000.0
0,3,1,92,13,2850.0,32.0,9500000.0
0,4,3,61,4,2850.0,10.0,31000000.0
0,3,1,166,6,2850.0,6.0,6800000.0
0,1,1,73,9,2850.0,14.5,6500000.0
0,1,1,98,4,2850.0,11.0,26000.0
0,2,1,76,10,2850.0,10.0,3500000.0
0,2,1,66,6,2850.0,7.0,9000000.0
1,4,2,166,4,2850.0,10.0,80000000.0
1,2,1,166,4,2850.0,1.75,6500000.0
0,4,2,166,4,2850.0,3.3,18000000.0
0,1,1,166,4,2850.0,10.0,9500000.0
0,4,2,126,9,2850.0,11.0,24000000.0
1,4,3,166,4,2850.0,16.0,75000000.0
0,1,1,123,4,2850.0,12.0,3700000.0
0,3,1,166,4,2850.0,10.5,13500000.0
0,4,2,64,6,5000.0,38.0,29000000.0
0,6,6,166,4,12500.0,11.0,400000000.0
1,2,1,126,9,2850.0,7.5,6100000.0
1,5,2,165,6,5000.0,10.0,39500000.0
0,4,3,157,6,3800.0,11.1,49000000.0
0,5,3,166,4,3280.0,17.75,34000000.0
0,5,2,89,4,4340.0,10.0,56500000.0
0,1,1,76,10,2850.0,11.0,13500000.0
1,3,1,50,6,1200.0,30.0,18000000.0
0,4,2,41,4,2800.0,6.0,52000000.0
1,3,3,133,4,2850.0,11.0,32500000.0
0,4,4,166,4,5000.0,20.0,110000000.0
0,2,1,166,4,2850.0,6.0,6500000.0
1,3,1,77,16,2850.0,80.0,9000000.0
0,5,3,20,4,2850.0,10.0,54000000.0
1,1,1,25,4,2850.0,11.0,8000000.0
0,5,6,96,4,2850.0,14.5,57500000.0
1,5,3,166,4,4500.0,20.0,49500000.0
1,1,1,66,6,2850.0,20.0,30000000.0
0,2,1,117,6,2850.0,29.0,8500000.0
0,5,3,166,4,4200.0,20.0,95000000.0
0,6,6,166,4,4229.0,84.0,42000000.0
0,4,2,9,4,1600.0,11.0,26700000.0
1,4,2,166,4,1200.0,8.0,16500000.0
1,6,2,50,6,2850.0,13.5,26000000.0
0,2,2,166,4,2850.0,8.0,39000000.0
0,4,2,126,9,2850.0,10.0,15000000.0
0,3,1,42,6,2850.0,1.0,14000000.0
1,3,1,166,4,2850.0,10.0,26500000.0
0,3,2,58,4,1800.0,7.5,17000000.0
1,2,1,73,9,2850.0,10.5,6000000.0
0,2,1,62,9,2850.0,10.0,6700000.0
0,5,2,50,6,2600.0,10.5,31000000.0
0,3,1,50,6,2850.0,10.5,8500000.0
0,2,1,135,18,2850.0,40.0,3500000.0
1,4,3,166,4,2950.0,6.0,45000000.0
0,2,2,76,10,2850.0,23.0,11500000.0
1,3,1,50,6,2850.0,9.5,4600000.0
0,3,2,166,4,2850.0,3.0,13000000.0
0,5,1,151,10,2850.0,43.0,7200000.0
0,3,1,166,4,2850.0,10.0,4500000.0
1,2,2,166,4,1240.0,11.0,38000000.0
0,3,1,166,6,2850.0,15.0,11000000.0
0,3,1,109,6,2850.0,45.0,8400000.0
1,7,3,61,4,2850.0,11.0,19500000.0
0,1,1,166,4,2850.0,3.5,29000000.0
0,5,2,166,4,2850.0,16.0,9700000.0
0,3,2,166,4,1350.0,10.0,28500000.0
0,5,4,36,4,1714.0,15.65,185000000.0
0,3,3,82,4,2850.0,10.2,23500000.0
0,3,1,58,4,2850.0,15.0,8000000.0
0,3,2,8,4,2850.0,12.0,55000000.0
0,4,3,166,4,2850.0,18.0,68400000.0
1,4,2,69,4,2850.0,21.6,33000000.0
1,6,3,166,4,2592.0,15.13,58000000.0
1,3,1,50,6,2850.0,12.5,14500000.0
0,5,2,166,4,2850.0,10.0,28500000.0
0,3,1,50,6,2850.0,6.0,13000000.0
0,4,3,33,4,3900.0,11.0,220000000.0
0,2,1,28,4,2850.0,4.0,5500000.0
0,3,1,58,4,2850.0,10.0,6200000.0
0,4,4,166,4,2850.0,17.4,175000000.0
0,2,1,76,10,2850.0,10.0,15000000.0
1,3,2,166,6,2850.0,15.0,22000000.0
1,3,1,162,4,2850.0,14.2,45000000.0
0,3,1,156,13,2850.0,17.0,11500000.0
0,2,1,130,20,2850.0,60.0,6500000.0
0,4,3,166,4,3000.0,6.0,43000000.0
0,1,1,48,5,2850.0,83.0,25000000.0
0,1,1,62,9,2850.0,10.0,5600000.0
0,5,5,32,4,6500.0,10.0,158000000.0
0,4,3,166,4,4500.0,8.0,100000000.0
0,5,6,166,4,6000.0,11.0,110000000.0
1,3,3,166,4,2850.0,6.0,22000000.0
0,2,1,50,6,2850.0,34.8,19800000.0
1,3,1,8,4,2850.0,10.0,6500000.0
1,3,1,69,4,2850.0,11.0,7500000.0
1,4,2,166,4,2600.0,10.0,20000000.0
1,2,1,50,6,2850.0,5.2,7000000.0
0,4,2,76,10,2850.0,20.0,45000000.0
0,3,1,64,6,2850.0,11.0,28000000.0
0,3,1,166,4,2850.0,5.3,16500000.0
0,3,2,166,4,2850.0,12.0,19000000.0
0,1,1,48,5,2850.0,23.0,30000000.0
0,8,2,50,6,2850.0,21.0,21000000.0
0,1,1,6,1,2850.0,40.0,3200000.0
0,2,2,33,4,2850.0,11.0,14500000.0
0,6,3,166,6,2500.0,6.5,35000000.0
0,2,2,166,4,2850.0,11.0,65000.0
0,3,1,133,4,2850.0,10.0,12500000.0
1,3,1,166,4,2850.0,11.0,8800000.0
1,2,2,166,4,2850.0,9.6,23200000.0
1,7,2,73,9,2850.0,12.0,15000000.0
1,3,3,166,4,2850.0,8.4,22000000.0
1,3,2,166,4,1350.0,6.1,260000000.0
1,3,1,50,6,2850.0,26.0,6000000.0
0,3,1,83,12,2850.0,8.0,1000000.0
1,6,4,166,4,3750.0,8.0,75000000.0
1,3,1,166,6,2850.0,8.1,17000000.0
0,4,2,50,6,2850.0,13.0,16000000.0
1,2,1,20,4,2850.0,9.3,28000000.0
0,1,1,89,4,2850.0,11.0,15000000.0
0,3,1,92,13,2850.0,15.0,4800000.0
1,3,2,8,4,2850.0,12.1,13500000.0
1,3,3,132,10,2160.0,10.0,27500000.0
1,3,1,61,4,2850.0,7.0,11500000.0
0,6,1,166,4,5500.0,23.0,81000000.0
1,5,5,166,4,3800.0,38.5,102000000.0
1,3,1,155,9,2850.0,16.4,9200000.0
0,3,3,157,6,1850.0,7.5,47000000.0
0,2,1,166,10,2850.0,15.0,12500000.0
1,4,2,13,9,2850.0,32.0,43000000.0
0,3,2,126,9,2850.0,11.5,16500000.0
1,4,1,50,6,2850.0,24.0,9000000.0
0,3,2,66,6,2850.0,15.2,15000000.0
0,6,2,166,4,2850.0,11.0,60000000.0
0,3,2,165,6,1850.0,7.6,29500000.0
1,4,2,166,4,2850.0,8.0,34500000.0
1,3,2,166,4,2850.0,12.75,30000000.0
0,3,2,33,4,2850.0,20.0,1000000.0
0,3,1,50,6,2850.0,22.0,4950000.0
1,3,1,70,20,2850.0,76.0,14500000.0
1,4,3,166,4,3000.0,13.2,80000000.0
0,3,2,66,6,2850.0,34.9,24000000.0
0,3,2,139,4,2100.0,19.0,48000000.0
1,3,1,165,6,2850.0,11.0,4800000.0
1,4,3,157,6,2850.0,21.0,75000000.0
0,3,1,96,4,1120.0,7.0,15500000.0
0,3,1,84,6,2850.0,20.0,18000000.0
0,1,1,8,4,2850.0,11.0,22500000.0
1,1,1,6,1,2850.0,11.0,2700000.0
0,10,4,50,6,2850.0,16.5,50000000.0
1,2,1,50,6,2850.0,10.0,25000000.0
1,4,3,166,4,3200.0,20.0,170000000.0
0,2,1,50,6,2850.0,8.0,11500000.0
1,3,2,50,6,2850.0,15.0,49500000.0
0,5,1,96,4,3650.0,17.0,90000000.0
0,2,1,105,4,2850.0,12.5,15000000.0
1,2,1,126,9,2850.0,5.0,6500000.0
0,4,1,102,9,2850.0,20.0,16500000.0
1,5,2,166,4,2850.0,21.0,105000000.0
1,3,1,50,6,2850.0,12.75,10700000.0
0,2,1,50,6,2850.0,11.5,5900000.0
1,4,2,42,6,2850.0,18.0,24000000.0
0,3,1,166,4,882.0,6.3,122000000.0
0,3,1,126,9,2850.0,6.0,5500000.0
1,3,2,166,4,2850.0,5.7,5000000.0
1,7,3,166,4,3300.0,8.87,35000000.0
0,3,2,61,4,2850.0,7.0,19500000.0
0,1,1,166,4,2850.0,12.5,34000000.0
0,2,1,50,6,2850.0,6.5,15500000.0
0,1,1,50,6,3680.0,33.5,385000000.0
1,6,2,25,4,2850.0,16.3,163000000.0
0,4,2,13,9,2850.0,10.0,14500000.0
0,5,5,126,9,2850.0,28.0,120000000.0
1,4,1,8,4,1250.0,10.0,16500000.0
1,5,3,98,4,2850.0,6.0,27500000.0
1,5,3,66,6,2850.0,11.0,21000000.0
1,5,3,133,4,3800.0,11.0,47500000.0
1,4,2,166,4,2400.0,5.7,70000000.0
1,3,2,117,6,2850.0,15.0,17500000.0
0,4,1,109,6,2850.0,15.0,4800000.0
0,1,1,48,5,2850.0,40.0,8500000.0
0,1,1,132,10,2850.0,49.0,8000000.0
1,2,1,92,13,2850.0,15.0,3500000.0
1,4,4,73,9,2850.0,7.0,37500000.0
0,3,1,79,11,2850.0,20.0,6900000.0
1,3,2,90,13,2850.0,178.0,25000000.0
0,2,1,109,6,2850.0,10.0,2550000.0
0,7,5,166,4,2850.0,6.5,19000000.0
1,4,2,64,6,2850.0,10.0,15500000.0
1,4,3,117,6,2850.0,11.0,4100000.0
1,2,1,73,9,1700.0,10.0,14700000.0
1,3,1,42,6,2850.0,22.0,8500000.0
0,4,4,101,15,2850.0,133.0,160000000.0
0,3,1,166,4,2850.0,9.0,8500000.0
1,3,2,114,13,2850.0,15.0,9000000.0
0,1,1,166,4,2850.0,4.0,31000000.0
0,2,2,166,4,1500.0,9.0,13500000.0
0,4,1,89,4,2850.0,10.5,16500000.0
0,4,2,50,6,2850.0,12.5,160000000.0
0,3,1,62,9,2500.0,23.0,14000000.0
0,3,1,62,9,2850.0,10.0,4200000.0
0,5,2,166,10,2850.0,16.0,26500000.0
0,3,3,166,4,2850.0,29.0,20000000.0
0,5,3,166,6,2850.0,12.5,32500000.0
0,3,1,85,6,2850.0,10.0,4200000.0
0,6,5,96,4,4500.0,14.0,62000000.0
0,3,1,62,9,2850.0,12.5,6000000.0
0,3,1,64,6,2850.0,10.0,8500000.0
1,2,3,53,13,3000.0,17.0,7500000.0
0,1,1,166,4,2850.0,11.3,19200000.0
0,2,1,112,16,2850.0,60.0,1800000.0
0,2,1,166,4,1065.0,9.0,37500000.0
1,2,1,142,4,1108.0,4.2,15000000.0
0,2,1,166,4,2850.0,6.0,24000000.0
0,3,2,147,4,2850.0,15.0,49000000.0
0,3,1,166,6,2850.0,14.0,5500000.0
1,6,3,166,4,2850.0,8.5,37000000.0
0,3,2,33,4,3050.0,9.92,57000000.0
0,4,1,165,6,2850.0,10.0,15000000.0
0,3,3,23,19,2850.0,10.0,32000000.0
1,3,3,27,4,2850.0,3.0,45000000.0
0,1,1,122,17,2850.0,28.0,80000000.0
1,4,2,73,9,2916.6,16.81,45000000.0
0,4,3,166,4,2850.0,13.38,41500000.0
0,6,6,166,4,2300.0,5.7,55000000.0
0,3,3,76,10,2850.0,10.0,55000000.0
0,1,2,9,4,2850.0,40.0,4500000.0
1,1,1,166,6,2850.0,40.0,20000000.0
0,5,4,166,4,2850.0,15.7,79000000.0
0,1,1,112,16,2850.0,30.0,10500000.0
1,2,1,74,15,2850.0,10.0,4500000.0
0,3,1,101,15,2850.0,80.0,9000000.0
0,10,10,166,4,6500.0,20.0,175000000.0
0,3,1,166,6,2850.0,12.0,10500000.0
1,1,1,110,6,2850.0,17.9,8000000.0
0,4,2,92,13,2850.0,15.0,12000000.0
1,4,1,109,6,2850.0,18.0,11000000.0
0,1,1,109,6,2850.0,30.0,2700000.0
1,4,6,20,4,4400.0,12.8,95000000.0
1,4,3,51,10,2850.0,11.0,8500000.0
0,4,1,92,13,2850.0,40.0,6500000.0
0,3,3,41,4,2000.0,6.68,38000000.0
0,3,2,50,6,2850.0,34.8,19800000.0
0,4,1,48,5,2850.0,1.0,100000000.0
1,3,3,96,4,2850.0,8.0,25000000.0
1,6,7,166,4,7500.0,16.75,165000000.0
0,5,2,73,9,2850.0,33.0,45300000.0
0,4,2,42,6,2850.0,15.0,22000000.0
1,5,2,73,9,2500.0,14.0,30000000.0
0,1,1,166,4,2850.0,2.5,3500000.0
0,2,1,50,6,2850.0,6.0,5000000.0
0,4,2,64,6,2000.0,8.0,27500000.0
0,3,3,166,4,2850.0,2.8,16000000.0
1,3,2,162,4,2850.0,3.5,12000000.0
1,5,3,166,4,2850.0,6.0,78000000.0
0,1,1,66,6,2850.0,11.0,30000.0
0,4,1,42,6,2850.0,36.0,6700000.0
0,3,1,61,4,2850.0,9.6,10500000.0
0,4,2,138,6,2850.0,19.0,27500000.0
1,5,4,76,10,2850.0,12.0,55000000.0
0,2,1,166,4,2850.0,4.0,9800000.0
0,3,2,48,5,2850.0,11.0,45000000.0
1,5,5,61,4,2850.0,8.5,28500000.0
0,4,1,166,4,2000.0,42.0,27300000.0
0,4,4,166,4,2801.0,8.0,88000000.0
1,4,3,166,4,2000.0,13.85,50000000.0
0,5,5,35,4,5000.0,8.7,220000000.0
0,3,1,73,9,2850.0,10.5,7800000.0
0,3,3,61,4,2600.0,40.0,45000000.0
1,3,1,166,4,2850.0,17.0,18500000.0
0,4,1,61,4,2850.0,10.0,13500000.0
0,4,4,82,4,2850.0,7.9,31000000.0
0,1,1,22,16,2850.0,15.0,12000000.0
0,1,1,66,6,2850.0,11.0,20000.0
0,4,2,157,6,2850.0,11.0,64000000.0
0,4,3,133,4,2850.0,7.5,42500000.0
1,2,1,109,6,2850.0,14.0,11500000.0
0,3,2,142,4,2850.0,7.31,22500000.0
0,3,2,166,4,2850.0,6.0,43000000.0
1,4,3,92,13,1200.0,15.0,13000000.0
1,7,2,123,4,2850.0,28.0,17500000.0
0,4,2,166,4,2400.0,8.0,150000.0
1,2,1,10,2,2850.0,6.2,3800000.0
1,3,1,61,4,2850.0,16.0,10500000.0
1,3,1,73,9,2850.0,15.0,7700000.0
0,3,1,166,4,2850.0,11.5,23000000.0
0,4,1,122,17,3000.0,12.0,135000000.0
1,2,1,133,4,2850.0,11.0,48000.0
0,4,3,166,4,2850.0,8.25,63000000.0
0,2,1,166,4,2850.0,9.5,13500000.0
1,4,2,166,13,2850.0,20.0,14200000.0
1,6,3,166,4,2850.0,10.0,24000000.0
1,4,2,66,6,2850.0,30.0,28500000.0
1,5,5,32,4,6500.0,10.0,160000000.0
0,3,1,50,6,2850.0,15.0,6350000.0
0,3,1,76,10,2850.0,11.0,35000.0
0,8,3,50,6,2850.0,21.0,18500000.0
1,4,2,166,6,2850.0,19.0,5800000.0
1,4,3,82,4,2850.0,6.0,275000000.0
0,4,2,166,4,2000.0,7.3,32500000.0
0,3,1,76,10,2000.0,60.0,18000000.0
0,4,3,73,9,2850.0,10.0,17500000.0
0,3,1,41,4,2850.0,24.7,85000000.0
1,3,1,50,6,2850.0,6.0,8500000.0
0,3,2,13,9,2850.0,20.0,12000000.0
1,4,1,92,13,2850.0,30.0,11000000.0
0,1,1,76,10,2850.0,7.5,4600000.0
1,3,1,76,10,2850.0,11.0,16500000.0
1,5,2,48,5,2850.0,39.0,23500000.0
0,4,2,121,4,1390.0,6.25,44000000.0
0,5,3,48,5,2850.0,11.0,7800000.0
0,3,1,50,6,2850.0,13.0,17000000.0
0,3,1,76,10,2850.0,24.0,22000000.0
0,5,1,74,15,2850.0,10.0,22500000.0
1,4,3,166,4,4000.0,10.0,55000000.0
0,4,3,41,4,3700.0,7.0,86000000.0
1,2,1,166,6,2850.0,10.0,6400000.0
0,3,3,75,6,2850.0,10.0,23500000.0
0,2,1,166,4,1700.0,16.2,14175000.0
1,5,3,8,4,2500.0,14.0,93000000.0
1,3,2,126,9,4000.0,17.0,25500000.0
0,1,1,166,4,2850.0,4.0,160000000.0
1,6,6,121,4,6200.0,28.0,200000000.0
0,5,3,166,4,3000.0,7.5,49000000.0
0,3,3,166,6,1850.0,6.6,39500000.0
0,10,10,109,6,2850.0,20.0,26000000.0
0,4,3,8,4,3400.0,8.0,39000000.0
1,4,2,49,1,2850.0,1.0,25000000.0
0,4,2,166,4,3000.0,15.0,50000000.0
0,1,1,48,5,2850.0,11.0,13500000.0
1,4,2,166,4,2850.0,15.0,45000000.0
0,3,1,13,9,2850.0,10.0,10000000.0
0,3,1,133,4,2850.0,6.5,15000000.0
0,6,4,76,10,2850.0,7.0,37500000.0
0,2,1,58,4,2850.0,10.0,7500000.0
0,4,3,166,4,3500.0,10.0,30500000.0
1,2,1,156,13,2850.0,20.5,8500000.0
0,2,1,166,4,2850.0,10.0,7500000.0
1,4,2,166,4,2080.0,13.9,25500000.0
0,5,4,147,4,4000.0,10.0,67500000.0
0,2,1,101,15,2850.0,10.0,6000000.0
0,1,1,76,10,2850.0,70.0,5500000.0
1,2,1,42,6,2850.0,15.0,8000000.0
0,2,2,166,4,2850.0,8.0,21000000.0
0,1,1,92,13,2850.0,10.0,20000000.0
1,3,2,15,4,2850.0,15.0,57000000.0
1,5,1,66,6,2850.0,20.0,14500000.0
0,3,2,50,6,2000.0,11.0,23800000.0
0,3,1,146,7,2850.0,12.0,9000000.0
1,7,7,166,4,1400.0,11.0,140000000.0
0,3,1,64,6,2850.0,12.0,14000000.0
0,2,1,166,4,2850.0,2.5,9500000.0
0,9,2,133,4,2850.0,37.0,170000000.0
0,1,1,114,13,2850.0,238.0,71400000.0
0,3,1,73,9,2700.0,10.5,8200000.0
0,1,1,109,6,2850.0,50.0,55000000.0
1,3,1,29,4,2850.0,3.5,18500000.0
0,4,3,166,6,2850.0,8.0,14000000.0
0,3,1,166,4,2850.0,15.0,7500000.0
0,1,1,166,4,2850.0,11.0,11500000.0
0,1,1,166,6,2850.0,7.0,14000000.0
1,3,2,54,4,1500.0,10.0,18500000.0
1,4,3,166,4,3500.0,7.0,55000000.0
1,4,4,147,4,3000.0,10.0,59000000.0
0,7,5,121,4,3500.0,13.4,4800000.0
0,5,1,109,6,2850.0,186.0,80000000.0
0,4,2,50,6,3000.0,16.0,80000000.0
0,3,1,48,5,2850.0,10.0,9000000.0
1,4,3,41,4,2850.0,7.63,61000000.0
1,3,5,166,4,2850.0,6.0,85000000.0
0,4,2,119,6,2850.0,25.0,8500000.0
1,1,1,41,4,2850.0,6.0,55000000.0
0,2,1,166,4,2850.0,8.0,10000000.0
1,2,1,126,9,2850.0,7.5,5000000.0
0,1,1,76,10,2850.0,11.2,45000000.0
0,3,1,61,4,2850.0,10.0,9500000.0
0,4,3,166,4,2850.0,11.0,60000000.0
1,4,2,33,4,2850.0,2.65,29000000.0
0,2,1,166,9,2850.0,15.0,5700000.0
0,3,1,166,4,1125.0,9.0,25000000.0
0,3,1,166,4,2850.0,10.0,13000000.0
1,4,3,166,4,2800.0,6.3,34000000.0
1,3,2,73,9,1800.0,10.0,19000000.0
0,1,1,32,4,2850.0,19.1,380000000.0
1,3,3,166,4,2850.0,14.0,70000000.0
1,3,1,66,6,2850.0,21.0,11550000.0
0,5,3,76,10,2850.0,18.0,47500000.0
0,3,1,73,9,1572.0,11.0,33800000.0
1,3,1,41,4,950.0,6.0,35000000.0
1,4,2,60,5,3240.0,18.0,55000000.0
0,1,1,69,4,2850.0,13.0,22500000.0
0,3,2,166,4,2850.0,6.0,27000000.0
1,8,1,166,4,2850.0,13.0,45000000.0
0,8,5,50,6,2850.0,8.0,65000000.0
0,3,1,69,4,2850.0,10.0,13500000.0
1,5,5,166,4,4050.0,9.1,72500000.0
1,3,1,81,6,2850.0,20.0,15000000.0
0,3,2,166,4,2850.0,11.0,23500000.0
0,3,2,166,4,2850.0,7.0,26500000.0
0,6,2,109,6,2850.0,45.0,17500000.0
1,4,1,50,6,2850.0,13.5,6000000.0
0,2,1,90,13,4500.0,39.9,53000000.0
1,3,1,85,6,2850.0,10.0,5500000.0
0,4,1,144,6,2850.0,6.4,19500000.0
1,4,2,166,4,2850.0,21.6,49500000.0
0,4,4,50,6,2100.0,6.0,35000000.0
0,3,1,76,10,2850.0,10.0,8500000.0
1,3,2,50,6,1700.0,6.5,19000000.0
0,2,1,109,6,5000.0,28.0,6300000.0
0,2,1,166,4,2850.0,6.5,17500000.0
1,3,2,166,4,4505.0,15.0,70000000.0
0,6,5,166,4,4000.0,10.0,52000000.0
1,4,3,166,4,3600.0,8.0,85000000.0
0,6,4,166,4,2450.0,8.0,45000000.0
1,2,1,73,9,2850.0,10.0,12500000.0
1,3,2,166,4,2850.0,7.0,280000000.0
1,3,1,97,2,2850.0,1.0,1700000.0
0,4,1,166,4,2635.0,30.0,12000000.0
0,2,2,69,4,2850.0,5.0,9000000.0
1,6,2,166,4,2850.0,26.0,70200000.0
0,3,1,126,9,2850.0,12.0,5000000.0
0,4,2,92,13,2850.0,32.0,28000000.0
0,1,1,166,4,2850.0,11.0,30000.0
0,4,1,48,5,2850.0,15.0,9000000.0
1,1,1,64,6,2850.0,21.5,20000000.0
0,4,3,73,9,9000.0,25.0,120000000.0
0,5,7,166,6,5000.0,12.75,80000000.0
0,2,1,36,4,2850.0,2.0,95000000.0
0,2,1,82,4,2850.0,11.0,11000000.0
1,3,1,42,6,2850.0,12.0,8500000.0
0,3,2,166,4,2850.0,10.0,13500000.0
1,6,3,166,4,2850.0,30.0,38000000.0
1,4,3,166,4,2550.0,14.0,32500000.0
0,3,2,166,4,2850.0,3.0,21500000.0
0,5,5,166,4,4000.0,58.0,380000000.0
0,3,1,166,4,2850.0,8.5,12000000.0
0,7,6,51,10,4500.0,33.0,100000000.0
1,4,4,166,4,2500.0,5.8,45000000.0
1,4,2,166,6,1600.0,104.0,25500000.0
1,3,3,122,17,2970.0,11.0,25000000.0
0,4,3,133,4,2850.0,7.0,9800000.0
0,2,1,50,6,2850.0,5.0,4500000.0
0,4,1,166,4,2850.0,9.5,13000000.0
1,5,2,50,6,3000.0,50.0,130000000.0
1,2,1,58,4,2850.0,8.0,3500000.0
1,4,3,62,9,2200.0,26.0,48000000.0
0,4,3,166,4,2800.0,11.5,38500000.0
0,1,1,48,5,2850.0,80.0,30000000.0
1,4,1,166,4,2000.0,11.0,24500000.0
1,4,4,50,6,2850.0,36.0,59500000.0
1,5,3,166,4,3500.0,20.0,33000000.0
1,4,2,57,7,2850.0,52.0,20000000.0
1,4,3,57,7,2850.0,20.0,10000000.0
0,4,3,89,4,2850.0,6.5,37000000.0
0,4,3,50,6,3400.0,10.0,49000000.0
0,3,1,166,10,2850.0,25.0,16500000.0
1,3,1,50,6,2850.0,154.0,27720000.0
1,3,4,166,4,4250.0,10.0,188000000.0
0,1,1,13,9,2850.0,25.0,12500000.0
1,3,1,166,6,2850.0,12.0,18000000.0
1,7,7,166,4,6522.0,14.27,150000000.0
0,2,1,8,4,2850.0,10.0,7500000.0
0,3,1,166,4,2850.0,12.0,19000000.0
0,2,1,142,4,2850.0,5.0,22000000.0
0,2,2,166,4,2850.0,2.0,7000000.0
0,3,2,50,6,2850.0,3.0,10500000.0
0,5,3,96,4,3100.0,10.0,55000000.0
1,2,1,166,4,2850.0,10.5,13500000.0
0,3,1,119,6,2850.0,14.5,3500000.0
1,4,3,15,4,7000.0,26.0,160000000.0
1,5,3,73,9,2850.0,13.5,46500000.0
0,2,1,62,9,2850.0,11.0,6700000.0
0,2,1,50,6,2850.0,6.0,7900000.0
1,4,2,66,6,2850.0,12.5,13000000.0
1,2,2,50,6,2850.0,16.0,17000000.0
1,4,2,73,9,4000.0,21.0,19500000.0
0,3,2,166,4,3000.0,7.0,51000000.0
1,7,2,166,4,2500.0,19.0,33000000.0
1,3,1,76,10,2850.0,12.0,16500000.0
1,3,3,166,4,1162.0,11.0,48000000.0
0,3,1,137,19,2850.0,15.0,16000000.0
0,4,1,48,5,2850.0,12.0,55000000.0
0,3,1,97,2,2850.0,1.5,4000000.0
0,5,2,126,9,3000.0,10.0,32000000.0
0,3,3,166,4,1800.0,10.6,18000000.0
1,2,2,166,4,1268.0,10.0,150000000.0
0,3,1,141,20,2850.0,10.0,7000000.0
0,3,1,66,6,2850.0,15.0,10700000.0
0,10,10,117,6,2850.0,25.0,25000000.0
1,3,2,166,4,2850.0,3.5,23000000.0
0,4,2,50,6,2850.0,11.0,24000000.0
1,1,1,119,6,2850.0,18.0,12000000.0
0,3,3,166,4,2850.0,6.0,59000000.0
1,3,3,166,4,2500.0,9.0,60000000.0
0,2,1,66,6,850.0,8.0,15500000.0
0,2,1,166,4,2850.0,4.0,12000000.0
1,3,1,73,9,2850.0,10.0,12500000.0
0,3,3,166,4,2700.0,8.0,45000000.0
1,1,1,66,6,2850.0,30.0,60000000.0
1,3,1,92,13,2850.0,15.0,15000000.0
1,4,2,166,13,2850.0,32.2,23000000.0
0,3,1,166,4,2850.0,10.0,13500000.0
0,5,2,29,4,4670.0,7.5,51000000.0
0,4,1,50,6,2000.0,12.85,12300000.0
0,3,2,34,4,1190.0,11.0,160000.0
1,1,1,166,4,2850.0,7.0,21000000.0
0,2,1,50,6,2850.0,16.6,8000000.0
0,3,3,32,4,3500.0,16.4,300000000.0
1,3,1,73,9,2850.0,6.7,11500000.0
0,4,1,42,6,2850.0,22.0,12500000.0
0,3,1,62,9,2850.0,12.0,16000000.0
1,3,2,165,6,2850.0,6.0,4650000.0
0,4,2,166,4,2850.0,4.8,15000000.0
1,3,2,64,6,2500.0,9.5,12900000.0
1,2,1,166,6,2850.0,15.0,3200000.0
0,2,1,166,6,2850.0,10.0,6000000.0
0,3,1,83,12,2850.0,11.0,15000000.0
0,1,1,166,4,2850.0,6.0,55000000.0
0,3,2,50,6,2850.0,7.0,27000000.0
0,1,1,166,4,2850.0,15.0,9500000.0
0,3,1,166,17,2850.0,24.0,8800000.0
1,3,1,117,6,2850.0,20.0,19000000.0
0,4,3,166,4,3200.0,7.0,59000000.0
0,1,1,42,6,2850.0,15.0,4800000.0
1,4,2,76,10,2850.0,14.5,9000000.0
1,5,2,75,6,5050.0,18.5,115000000.0
0,2,1,165,6,2850.0,15.0,6900000.0
0,3,1,117,6,2850.0,20.0,19000000.0
1,5,3,61,4,2850.0,14.9,44500000.0
0,4,1,126,9,2850.0,10.0,16000000.0
0,5,1,76,10,2850.0,10.0,6200000.0
1,3,1,166,4,1160.0,10.0,11800000.0
0,2,1,62,9,2850.0,20.0,5000000.0
0,2,1,166,4,2850.0,2.5,4000000.0
0,3,2,76,10,2850.0,48.0,70000000.0
0,5,2,165,6,2850.0,15.0,14500000.0
0,2,2,155,9,2850.0,95.0,160000000.0
1,3,2,166,4,1235.0,6.3,41000000.0
1,3,2,61,4,2850.0,8.5,25000000.0
1,4,2,166,4,2850.0,5.8,27500000.0
1,3,3,126,9,2850.0,16.5,34000000.0
0,4,4,36,4,3200.0,10.0,102000000.0
1,7,6,139,4,2850.0,12.5,113000000.0
1,4,3,15,4,3000.0,6.0,59000000.0
1,5,4,166,4,4000.0,12.8,290000000.0
1,8,6,166,4,6000.0,7.36,109000000.0
1,3,1,166,4,2500.0,16.62,20800000.0
0,1,2,119,6,2850.0,80.0,4300000.0
0,3,2,73,9,2850.0,12.9,8500000.0
1,5,2,76,10,2850.0,29.0,49000000.0
0,3,2,8,4,1600.0,8.5,28500000.0
0,10,10,166,4,2850.0,12.0,255000000.0
1,5,3,50,6,4400.0,10.0,39000000.0
0,4,3,166,4,2824.0,10.73,49500000.0
0,2,1,73,9,2850.0,10.0,4700000.0
0,3,2,50,6,3000.0,19.77,27000000.0
1,3,2,166,4,1300.0,9.0,18000000.0
1,1,1,166,4,2850.0,20.0,49000000.0
1,9,9,166,15,2850.0,80.0,200000000.0
1,1,1,81,6,2850.0,7.0,9500000.0
1,4,3,64,6,4000.0,10.5,90000000.0
0,6,4,166,4,16.0,16.0,30000000.0
1,2,1,166,6,2850.0,17.0,4700000.0
1,4,4,166,4,2500.0,5.8,45000000.0
1,2,1,58,4,2850.0,20.0,3000000.0
1,3,2,13,9,2850.0,10.0,29000000.0
0,6,5,166,4,2850.0,9.5,85000000.0
0,5,2,50,6,2850.0,15.0,16000000.0
1,3,2,50,6,1200.0,7.0,15000000.0
0,4,4,64,6,2700.0,6.3,39000000.0
1,4,1,138,6,2850.0,28.0,1050000.0
0,3,2,75,6,2850.0,11.0,18500000.0
0,1,1,73,9,2850.0,22.0,9000000.0
1,5,2,92,13,2850.0,200.0,60000000.0
0,5,3,166,4,3850.0,13.7,99000000.0
0,5,5,166,4,4600.0,9.03,190000000.0
0,5,3,76,10,2850.0,9.88,26000000.0
0,5,3,31,4,4000.0,12.8,300000000.0
1,4,3,166,4,3200.0,20.0,65000000.0
1,3,2,133,4,2850.0,8.0,16000000.0
0,1,1,42,6,2850.0,11.0,65000000.0
0,4,2,9,4,1600.0,14.0,26700000.0
1,2,1,166,4,2850.0,10.0,18000000.0
0,3,1,105,4,2850.0,23.0,13500000.0
1,4,3,76,10,2850.0,22.5,21000000.0
0,3,2,76,10,2850.0,21.0,19000000.0
1,3,1,73,9,2850.0,10.0,9000000.0
0,3,1,166,4,2850.0,6.9,12000000.0
0,3,1,13,9,2850.0,20.0,4500000.0
0,1,1,48,5,2850.0,50.0,25000000.0
0,1,1,166,4,2850.0,11.0,4890000.0
0,5,3,166,4,2990.0,15.0,80000000.0
0,3,2,133,4,2850.0,7.0,18500000.0
1,4,2,166,4,2850.0,15.0,22500000.0
0,2,1,27,4,2850.0,11.0,60000000.0
0,5,4,166,10,2850.0,20.0,60000000.0
0,3,3,133,4,2850.0,8.2,25000000.0
1,5,4,147,4,4700.0,14.5,70000000.0
0,7,6,139,4,5000.0,15.0,120000000.0
1,4,4,166,4,4600.0,16.0,84000000.0
0,5,5,166,4,2250.0,8.0,80000000.0
0,2,1,11,18,2850.0,20.0,1400000.0
0,1,1,148,16,2850.0,1.0,6000000.0
0,3,1,166,6,2850.0,10.0,8800000.0
0,2,1,166,4,2850.0,6.95,25715000.0
1,1,1,48,5,2850.0,23.0,8600000.0
0,1,1,73,9,2850.0,10.0,2900000.0
0,4,2,66,6,2850.0,3.8,6800000.0
0,3,2,50,6,2850.0,6.7,33000000.0
1,3,4,166,4,2700.0,13.0,95000000.0
0,4,2,109,6,2850.0,77.0,50000000.0
1,3,1,166,4,3200.0,10.0,12000000.0
0,5,3,166,4,2850.0,4.0,20000000.0
1,4,2,42,6,2850.0,100.0,31000000.0
0,6,4,50,6,2850.0,17.0,22000000.0
0,3,1,62,9,2850.0,17.0,8500000.0
1,2,1,50,6,2850.0,18.0,6500000.0
1,3,2,166,4,2850.0,15.3,21000000.0
1,3,1,166,4,2850.0,7.0,18800000.0
1,3,1,84,6,2850.0,20.0,18000000.0
1,3,3,166,4,1800.0,6.5,44500000.0
1,3,1,101,15,2850.0,10.0,16500000.0
1,5,2,62,9,2850.0,42.0,25000000.0
1,7,2,98,4,2850.0,10.0,25000000.0
0,1,1,73,9,2850.0,11.0,80000000.0
0,1,1,50,6,2850.0,11.0,8500000.0
0,4,4,89,4,2250.0,8.0,33000000.0
0,3,3,15,4,2700.0,10.5,42000000.0
0,6,5,61,4,8000.0,60.0,180000000.0
1,3,2,166,4,2850.0,6.2,21500000.0
0,4,3,50,6,2265.0,12.0,32000000.0
0,2,2,19,6,2850.0,20.0,12800000.0
0,5,3,166,4,2850.0,6.6,28500000.0
0,3,1,166,4,2850.0,4.0,15000000.0
1,2,1,97,2,2850.0,40.0,1000000.0
0,2,2,166,4,2850.0,16.0,18000000.0
0,5,4,166,4,2850.0,8.5,48000000.0
1,4,3,166,4,2850.0,8.9,85000000.0
0,2,1,79,11,2850.0,20.0,9500000.0
0,4,4,50,6,4500.0,9.0,79500000.0
1,6,1,126,9,2850.0,11.0,15000000.0
0,2,1,166,4,2850.0,4.0,14500000.0
1,4,4,113,4,5500.0,14.6,59000000.0
1,2,1,89,4,2850.0,17.0,15000000.0
1,3,2,50,6,2850.0,20.0,16000000.0
1,5,5,147,4,5500.0,21.0,140000000.0
0,3,3,66,6,2850.0,11.0,48500000.0
1,6,5,166,4,2850.0,3.3,35000000.0
1,3,2,117,6,2850.0,10.0,22500000.0
0,3,1,101,15,2850.0,25.0,8000000.0
1,2,1,73,9,2850.0,11.0,27500000.0
0,5,5,166,4,5500.0,80.0,400000000.0
1,3,2,166,4,2350.0,7.0,50000000.0
0,1,1,62,9,2850.0,10.0,5700000.0
1,5,3,166,4,2850.0,10.5,68000000.0
1,3,2,92,13,2850.0,16.37,11000000.0
1,3,1,123,4,2850.0,16.0,8700000.0
0,3,3,84,6,1250.0,8.5,23800000.0
1,3,2,166,4,2586.35,9.5,25000000.0
1,2,1,61,4,2850.0,7.75,6900000.0
1,3,1,66,6,2850.0,10.0,17500000.0
1,4,4,166,4,2850.0,9.8,17000000.0
0,3,2,61,4,2850.0,10.0,13500000.0
1,4,4,122,17,2970.0,11.0,25000000.0
1,4,3,166,20,2850.0,47.0,8000000.0
0,3,1,166,6,2850.0,80.0,5500000.0
0,4,2,126,9,2850.0,8.5,13500000.0
0,7,1,166,13,2850.0,40.0,7800000.0
1,3,2,82,4,1750.0,10.0,18000000.0
0,6,6,41,4,7000.0,28.0,200000000.0
0,4,1,61,4,2850.0,14.0,44500000.0
0,2,1,50,6,2850.0,15.0,6500000.0
0,5,3,166,4,1335.5,12.5,25000000.0
1,1,1,166,4,2850.0,6.0,20000000.0
1,7,1,57,7,2850.0,40.0,4500000.0
0,4,1,61,4,2850.0,10.0,11500000.0
0,5,3,166,4,2850.0,15.0,35000000.0
1,3,1,50,6,2850.0,17.0,13000000.0
0,1,1,119,6,2850.0,13.5,6615000.0
1,3,2,66,6,2850.0,23.0,22000000.0
0,4,2,50,6,2850.0,15.0,8500000.0
1,3,1,8,4,2850.0,10.0,19000000.0
0,4,5,166,4,3300.0,9.4,52500000.0
0,1,1,114,13,2850.0,80.0,7700000.0
1,3,1,141,20,2850.0,39.0,4000000.0
0,5,4,35,4,12.5,11.0,425000000.0
1,2,1,146,7,2850.0,20.0,2300000.0
1,4,5,166,4,4500.0,9.0,135000000.0
0,3,2,61,4,2850.0,16.5,18000000.0
1,5,3,31,4,4000.0,12.8,240000000.0
1,4,2,106,13,2850.0,32.0,29000000.0
0,3,1,165,6,2850.0,12.0,9000000.0
1,3,1,109,6,2850.0,14.0,22500000.0
1,3,2,73,9,2850.0,11.0,13500000.0
1,3,1,61,4,2850.0,10.0,14000000.0
0,4,2,48,5,2850.0,19.0,16500000.0
0,8,1,35,4,2850.0,28.5,28000000.0
1,3,2,98,4,2850.0,7.5,41500000.0
1,3,1,73,9,2850.0,13.0,15500000.0
1,4,2,126,9,2850.0,10.03,22500000.0
0,3,1,41,4,2850.0,10.0,26500000.0
1,2,1,166,4,2850.0,11.0,5700000.0
0,4,1,166,9,2850.0,16.5,12500000.0
1,3,3,166,4,4000.0,10.5,45000000.0
1,4,3,166,4,4650.0,10.0,62500000.0
0,1,1,42,6,2850.0,36.0,6700000.0
0,3,1,166,4,2850.0,54.7,12300000.0
1,3,2,166,4,2850.0,12.0,25000000.0
1,1,1,100,14,2850.0,6.4,17500000.0
0,3,1,126,9,2850.0,9.7,8300000.0
0,1,1,63,13,2850.0,15.0,8000000.0
0,4,1,166,4,1200.0,9.5,11500000.0
1,4,1,166,4,2850.0,17.0,30000000.0
0,3,1,166,6,2850.0,16.0,17000000.0
1,3,1,75,6,2850.0,20.0,11000000.0
1,3,3,166,4,2850.0,6.68,39000000.0
0,1,1,166,4,2850.0,10.0,92000000.0
0,2,1,41,4,2850.0,11.7,40000000.0
0,4,2,119,6,2850.0,15.0,31500000.0
1,1,1,90,13,2850.0,80.0,4000000.0
1,2,1,66,6,2850.0,15.0,18500000.0
1,3,1,92,13,2850.0,15.0,15800000.0
1,4,3,166,10,2850.0,18.0,19500000.0
1,5,4,166,4,3500.0,16.7,100000000.0
1,6,1,77,16,2850.0,2.0,64000000.0
0,6,3,133,4,2850.0,8.5,14000000.0
1,6,4,166,4,9000.0,52.0,390000000.0
0,2,1,61,4,2850.0,10.0,22500000.0
1,3,2,166,4,2850.0,12.0,19000000.0
1,4,1,89,4,2850.0,6.0,13500000.0
1,3,2,166,4,1200.0,6.0,23000000.0
0,1,1,133,4,2850.0,8.0,6000000.0
0,4,4,50,6,2850.0,12.9,27500000.0
1,3,1,62,9,2850.0,10.0,9500000.0
0,5,2,3,5,2850.0,10.0,32000000.0
1,4,2,126,9,2200.0,8.0,23000000.0
1,4,2,92,13,2850.0,28.5,22500000.0
1,3,1,92,13,2850.0,14.0,11000000.0
1,6,3,166,4,2793.75,15.0,42500000.0
0,2,1,166,4,1142.0,6.5,23500000.0
0,3,2,166,4,1150.0,6.55,22000000.0
0,3,1,50,6,2850.0,15.0,4700000.0
0,3,1,50,6,2850.0,10.0,7500000.0
0,4,4,36,4,3200.0,10.0,102000000.0
0,3,1,105,4,2850.0,10.0,13000000.0
0,1,1,73,9,2850.0,80.0,7500000.0
0,2,1,50,6,2850.0,7.5,5350000.0
1,4,3,166,4,2850.0,10.0,28000000.0
1,4,4,166,4,4917.0,10.0,63500000.0
1,3,1,132,10,2850.0,36.0,14000000.0
1,3,2,140,11,2850.0,6.1,19000000.0
1,3,1,166,4,2850.0,10.0,25000000.0
0,4,2,166,4,2850.0,7.7,60000000.0
0,3,1,50,6,2850.0,7.5,11200000.0
0,2,1,48,5,2850.0,11.0,185000000.0
0,5,4,166,4,4000.0,22.0,97500000.0
0,2,2,166,4,2850.0,3.5,9500000.0
1,4,3,62,9,2200.0,26.0,48000000.0
0,4,4,166,4,2850.0,6.0,72500000.0
0,5,4,166,4,3500.0,8.1,58500000.0
0,3,3,54,4,2850.0,11.0,32500000.0
1,3,2,39,19,2850.0,50.0,25000000.0
0,4,2,166,4,2850.0,18.5,110000000.0
1,6,1,50,6,2850.0,30.0,10500000.0
0,2,1,117,6,2850.0,15.0,8500000.0
0,2,1,166,6,2850.0,15.0,5000000.0
0,2,2,166,4,2850.0,15.0,6500000.0
0,4,2,166,4,2400.0,8.0,46000000.0
1,4,2,128,4,4000.0,10.0,95000000.0
0,3,1,101,15,2850.0,15.0,16000000.0
1,5,3,133,4,2850.0,8.0,41000000.0
1,4,2,155,9,2850.0,11.0,25000000.0
0,4,2,166,4,2850.0,8.5,45000000.0
0,3,2,166,4,1600.0,24.4,32500000.0
1,4,2,133,4,1890.0,12.0,18000000.0
0,3,1,166,4,1800.0,11.2,19000000.0
1,3,2,61,4,2700.0,10.0,8500000.0
0,3,1,92,13,2850.0,30.0,15000000.0
1,1,1,166,4,2850.0,30.0,4800000.0
0,3,1,109,6,2850.0,17.0,5700000.0
1,3,2,157,6,1600.0,6.75,32000000.0
0,3,3,50,6,2850.0,11.0,34000000.0
0,4,3,166,4,3000.0,11.0,56000000.0
1,3,2,133,4,1600.0,24.4,32500000.0
0,4,4,166,4,5000.0,33.15,98000000.0
0,3,2,73,9,4000.0,22.0,38500000.0
0,2,1,76,10,2850.0,16.0,39000000.0
0,3,1,84,6,2850.0,10.0,40000000.0
1,3,1,157,6,2850.0,10.0,22000000.0
1,4,3,166,4,2850.0,10.0,80000000.0
0,1,1,126,9,2850.0,14.5,12500000.0
0,3,1,13,9,2850.0,12.05,12500000.0
0,3,1,166,6,2850.0,10.0,8700000.0
0,3,1,69,4,2850.0,12.0,9500000.0
1,3,1,166,4,1500.0,12.5,17000000.0
0,4,3,166,4,3000.0,13.2,80000000.0
0,2,3,15,4,1600.0,7.0,47000000.0
1,4,3,8,4,2850.0,22.0,19800000.0
1,5,2,166,4,2500.0,10.0,24000000.0
0,3,3,41,4,2850.0,5.5,28000000.0
0,3,1,62,9,2850.0,40.0,9500000.0
1,4,2,76,10,2000.0,46.0,40000000.0
1,1,1,166,4,2850.0,11.0,12000000.0
0,1,1,166,4,2850.0,23.4,702000000.0
1,5,2,101,15,2850.0,15.5,21500000.0
1,4,3,166,4,4000.0,12.0,85000000.0
0,4,2,73,9,2490.0,10.0,14000000.0
0,3,1,50,6,2850.0,11.0,4600000.0
0,2,1,124,20,2850.0,53.0,5500000.0
0,4,3,166,4,4000.0,17.5,66500000.0
1,4,2,48,5,1700.0,77.0,27500000.0
1,3,2,166,4,2850.0,5.0,22000000.0
0,4,3,82,4,2850.0,10.0,36500000.0
0,4,2,76,10,2850.0,15.0,25000000.0
0,3,1,50,6,2850.0,15.0,6350000.0
0,4,1,50,6,2850.0,30.0,16000000.0
0,3,1,62,9,2850.0,9.0,12500000.0
1,1,1,92,13,1900.0,82.0,11000000.0
0,3,1,166,6,2850.0,13.0,2800000.0
1,2,2,162,4,2850.0,4.0,14000000.0
0,5,2,62,9,2850.0,11.8,19500000.0
1,4,2,166,6,1800.0,20.0,29000000.0
0,5,3,147,4,2800.0,10.5,70000000.0
0,4,2,33,4,2850.0,13.3,85000000.0
1,5,2,63,13,2850.0,20.0,32500000.0
1,1,1,9,4,2850.0,6.0,4500000.0
0,2,2,133,4,2850.0,7.0,17500000.0
1,3,3,166,9,3250.0,13.0,60000000.0
1,5,2,165,6,2850.0,20.0,19800000.0
0,3,1,166,4,2850.0,10.0,15500000.0
0,3,1,166,4,2850.0,13.5,11500000.0
1,2,1,8,4,5000.0,12.0,47000000.0
0,3,1,146,7,2850.0,40.0,5500000.0
0,1,1,80,1,2850.0,1.0,1800000.0
1,3,1,166,4,2850.0,15.5,39000000.0
0,1,1,155,9,2850.0,20.0,12000000.0
0,3,2,166,4,2057.0,14.3,24000000.0
0,4,3,128,4,2850.0,8.0,46000000.0
0,5,3,8,4,2800.0,8.5,37500000.0
0,10,7,166,4,2850.0,14.4,50400000.0
0,1,1,156,13,2850.0,15.0,22000000.0
1,5,1,41,4,6000.0,22.0,200000000.0
1,4,2,166,4,2644.0,12.49,28500000.0
0,4,3,166,4,2850.0,7.3,36000000.0
1,4,3,166,4,2850.0,10.11,35000000.0
1,3,1,166,6,2850.0,15.0,7000000.0
1,2,1,101,15,2850.0,11.0,1500000.0
0,3,1,50,6,2850.0,12.0,11000000.0
0,5,3,31,4,8900.0,11.4,320000000.0
0,1,1,166,4,2850.0,5.0,14000000.0
0,3,1,50,6,2850.0,20.0,8600000.0
0,3,1,62,9,2850.0,15.0,5200000.0
1,4,1,10,2,2850.0,64.0,8800000.0
0,2,1,91,10,2850.0,20.0,6500000.0
1,3,3,50,6,3200.0,6.9,37000000.0
0,3,1,166,4,2850.0,6.0,16500000.0
0,2,2,166,4,2850.0,3.25,14000000.0
1,5,2,48,5,2850.0,29.0,13500000.0
1,2,1,66,6,2850.0,11.0,8200000.0
0,3,2,105,4,2850.0,10.7,12000000.0
1,4,2,138,6,2850.0,20.5,19000000.0
1,4,3,166,4,2850.0,19.52,300000000.0
0,4,4,84,6,4000.0,12.0,58500000.0
1,3,1,165,6,2850.0,15.0,9800000.0
0,5,2,12,20,2850.0,30.0,130000000.0
1,4,2,89,4,2850.0,8.0,22000000.0
0,4,2,128,4,3000.0,11.6,87500000.0
1,3,2,166,4,1200.0,8.9,28500000.0
1,3,2,50,6,2850.0,6.0,29500000.0
0,3,1,166,4,2850.0,10.0,21600000.0
0,3,1,122,17,2850.0,27.0,70000000.0
0,5,3,166,4,2850.0,10.0,16500000.0
1,3,2,166,6,2850.0,10.0,11000000.0
0,6,2,17,7,2850.0,42.0,14000000.0
0,4,2,166,4,2850.0,20.0,28000000.0
1,3,1,48,5,2850.0,6.7,7000000.0
0,3,1,92,13,2850.0,114.6,7800000.0
0,2,1,50,6,1100.0,7.0,10500000.0
0,3,1,109,6,2850.0,10.0,11000000.0
0,2,1,50,6,2850.0,5.0,4800000.0
0,3,1,166,4,2850.0,17.0,45000000.0
0,3,1,66,6,2850.0,14.0,13500000.0
1,4,4,166,4,4000.0,18.0,175000000.0
1,4,3,147,4,4516.0,9.8,88000000.0
0,4,3,166,4,2850.0,32.0,62000000.0
0,4,3,66,6,2850.0,11.0,22000000.0
1,2,2,50,6,2419.0,7.63,31000000.0
0,2,1,50,6,2850.0,12.0,8000000.0
1,8,6,37,4,2850.0,11.0,140000000.0
0,5,2,1,15,2850.0,15.5,21500000.0
1,3,1,113,4,2850.0,2.0,2150000.0
1,4,3,133,4,2850.0,13.0,25000000.0
0,3,3,166,4,2850.0,10.0,28500000.0
0,4,2,75,6,2850.0,6.0,29000000.0
1,3,2,166,6,2850.0,15.75,90000000.0
0,6,5,166,4,4300.0,14.4,79000000.0
0,5,1,64,6,2850.0,10.0,27500000.0
1,4,3,113,4,2000.0,7.5,45000000.0
0,4,2,50,6,5000.0,16.0,15200000.0
1,2,1,166,4,2850.0,21.5,8900000.0
1,4,3,166,4,2500.0,16.4,71340000.0
1,3,1,66,6,2850.0,13.0,6000000.0
0,3,2,166,4,2850.0,10.0,26000000.0
1,2,1,50,6,2850.0,5.0,8500000.0
1,2,1,61,4,2850.0,7.5,7500000.0
0,2,1,42,6,2850.0,16.0,24000000.0
0,2,1,50,6,2850.0,20.0,18500000.0
0,5,5,166,4,2850.0,31.75,200000000.0
0,4,3,166,4,3500.0,9.0,59000000.0
1,3,2,73,9,2850.0,25.0,12500000.0
0,4,3,51,10,5500.0,11.0,200000000.0
1,4,1,58,4,2850.0,140.0,13000000.0
0,3,1,8,4,2850.0,7.9,19000000.0
1,4,2,166,4,2850.0,7.5,26500000.0
0,3,2,166,4,2850.0,12.0,26500000.0
1,4,2,50,6,3200.0,20.0,21000000.0
0,6,6,141,20,2850.0,5.0,60000000.0
1,3,1,92,13,2850.0,31.0,10500000.0
0,3,2,54,4,2850.0,10.0,14500000.0
0,4,3,84,6,3700.0,12.5,52000000.0
1,2,2,92,13,2850.0,15.0,19000000.0
0,5,2,48,5,2850.0,10.0,40000000.0
1,4,3,20,4,5500.0,10.0,79000000.0
1,3,3,166,4,3000.0,6.1,55000000.0
1,2,1,92,13,900.0,12.0,55000000.0
0,1,1,166,6,2850.0,11.0,30000.0
1,1,1,109,6,2850.0,10.0,3600000.0
1,3,3,166,4,2850.0,82.0,13500000.0
1,6,3,166,4,4500.0,7.5,65000000.0
0,4,2,126,9,2850.0,25.85,26000000.0
1,4,3,166,4,2600.0,10.0,48000000.0
1,4,6,166,4,2782.0,11.0,95900000.0
1,5,2,70,20,2850.0,7.0,6000000.0
1,3,1,50,6,2850.0,13.0,8000000.0
0,3,2,76,10,2850.0,6.0,15800000.0
1,7,3,67,10,2850.0,12.5,46500000.0
0,2,1,166,4,2850.0,6.0,16500000.0
1,2,1,166,4,2850.0,10.0,8500000.0
0,3,3,122,17,2850.0,36.0,70000000.0
0,2,1,13,9,2850.0,11.0,10000000.0
0,1,1,166,4,2850.0,2.0,6500000.0
1,3,3,166,4,2700.0,7.5,28500000.0
0,4,2,58,4,2850.0,10.0,15000000.0
0,4,2,166,4,2850.0,11.0,45000000.0
0,1,1,66,6,2850.0,12.0,6000000.0
1,4,1,66,6,2850.0,10.0,33000000.0
0,2,1,50,6,2850.0,10.0,5300000.0
0,2,1,76,10,2850.0,13.5,8500000.0
0,4,2,8,4,2650.0,10.5,37000000.0
0,2,1,166,4,2850.0,8.0,19500000.0
0,2,1,76,10,2850.0,13.5,9300000.0
0,2,1,50,6,2850.0,6.0,7900000.0
1,1,1,62,9,2850.0,10.0,15400000.0
1,4,5,128,4,4100.0,10.0,67500000.0
1,2,1,73,9,2850.0,12.0,4700000.0
1,1,1,166,4,2850.0,12.0,49000000.0
0,1,1,34,4,2850.0,8.5,110500000.0
0,4,3,166,4,2850.0,24.5,245000000.0
1,3,1,61,4,2850.0,13.0,14000000.0
1,3,3,166,4,2850.0,7.5,52000000.0
1,3,1,117,6,2850.0,15.0,16000000.0
0,5,4,89,4,5380.0,13.22,69500000.0
0,2,1,166,9,2850.0,13.0,3000000.0
1,3,2,98,4,2850.0,18.0,27000000.0
1,5,2,95,6,2850.0,11.0,30000000.0
0,3,1,126,9,2850.0,13.0,11500000.0
1,3,2,147,4,2850.0,6.8,54000000.0
0,3,1,85,6,2850.0,22.0,4900000.0
1,4,2,73,9,2850.0,23.0,29000000.0
1,3,1,61,4,2850.0,7.8,15500000.0
1,3,2,8,4,1250.0,13.0,19500000.0
1,5,3,31,4,4000.0,12.8,250000000.0
0,5,2,166,4,2850.0,16.0,40000000.0
1,1,1,8,4,2850.0,5.0,4800000.0
0,3,1,119,6,2850.0,12.5,12500000.0
0,3,1,163,16,2850.0,40.0,3300000.0
0,2,1,166,4,2850.0,10.0,4200000.0
1,3,2,133,4,2850.0,9.0,35000000.0
0,3,1,166,4,2850.0,12.95,24000000.0
0,3,1,166,4,2850.0,1.0,78000000.0
0,4,1,48,5,2850.0,14.0,14500000.0
0,8,1,100,14,2850.0,1.0,180000000.0
0,3,2,33,4,1990.0,8.25,145000000.0
1,3,2,80,1,2850.0,16.0,4700000.0
0,4,1,112,16,2850.0,40.0,8800000.0
0,4,3,73,9,2850.0,8.0,33500000.0
1,5,2,126,9,2850.0,10.0,27500000.0
0,2,1,73,9,2850.0,11.0,9300000.0
1,3,4,166,4,2000.0,2.5,33000000.0
1,5,3,166,4,2850.0,9.3,37500000.0
0,3,2,166,4,2850.0,6.8,20000000.0
0,2,1,166,7,2850.0,20.0,6000000.0
0,5,4,35,4,4500.0,23.0,762000000.0
1,4,3,113,4,2850.0,6.73,39000000.0
0,3,1,61,4,2850.0,10.0,9000000.0
0,3,2,166,4,2850.0,9.8,28500000.0
0,1,1,166,4,2850.0,11.0,39000000.0
0,5,1,76,10,2850.0,31.0,42000000.0
1,2,1,96,4,2850.0,11.0,40000000.0
0,5,1,31,4,4000.0,12.8,300000000.0
1,3,2,61,4,2850.0,10.0,22500000.0
0,1,1,104,13,2850.0,20.0,9800000.0
0,3,2,61,4,2850.0,7.0,19700000.0
1,5,3,147,4,3000.0,8.0,67500000.0
0,6,2,50,6,2850.0,16.0,15500000.0
1,4,3,166,4,2650.0,6.0,48000000.0
0,3,2,166,4,2850.0,7.5,16500000.0
0,3,2,117,6,1550.0,12.5,22000000.0
1,3,1,61,4,2850.0,10.0,12500000.0
1,4,2,166,15,2850.0,10.0,26500000.0
0,3,2,61,4,2850.0,11.0,13000000.0
0,2,1,99,19,2850.0,10.7,10000000.0
1,4,3,89,4,2850.0,19.0,45000000.0
1,2,1,166,4,2850.0,5.6,12000000.0
1,2,1,165,6,2850.0,15.0,4200000.0
0,2,1,138,6,2850.0,7.0,14500000.0
0,1,1,119,6,2850.0,30.0,4000000.0
0,2,1,166,4,2850.0,6.0,18500000.0
0,4,1,62,9,2635.0,22.0,29000000.0
0,2,1,66,6,2850.0,10.0,10000000.0
1,5,3,33,4,2850.0,15.54,225000000.0
0,5,1,166,4,2850.0,17.0,48000000.0
1,3,1,166,4,2850.0,10.0,32000000.0
1,5,3,133,4,3341.0,6.7,39500000.0
0,3,1,166,4,2850.0,10.0,15500000.0
1,2,1,166,4,1150.0,6.5,23500000.0
0,4,4,166,4,6500.0,32.5,175000000.0
0,3,2,33,4,2850.0,15.6,232440000.0
1,2,1,62,9,2850.0,95.0,26500000.0
0,2,2,166,4,2850.0,3.5,13500000.0
0,4,2,8,4,2600.0,15.0,29000000.0
0,3,1,166,4,2850.0,2.5,40000000.0
1,2,1,166,4,2350.0,6.17,43000000.0
1,4,3,166,4,3200.0,20.0,170000000.0
0,4,2,114,13,2850.0,59.0,16500000.0
0,3,1,50,6,2850.0,30.0,9300000.0
1,3,1,166,4,3428.0,13.7,98000000.0
1,3,1,127,13,2850.0,15.0,5700000.0
0,1,1,50,6,2850.0,40.0,8000000.0
0,3,1,101,15,2850.0,26.0,9500000.0
0,3,1,13,9,2850.0,12.0,7500000.0
0,5,5,98,4,7000.0,50.0,18000000.0
1,6,6,122,17,4200.0,14.0,85000000.0
0,4,1,48,5,2850.0,11.0,8500000.0
0,3,3,166,4,2850.0,9.0,45000000.0
1,4,2,121,4,2850.0,6.5,16500000.0
0,2,1,61,4,2850.0,13.65,10000000.0
0,5,2,67,10,2850.0,12.5,21500000.0
0,4,3,113,4,2850.0,6.73,39000000.0
1,5,2,166,4,2315.0,10.0,39000000.0
0,4,1,62,9,2850.0,20.0,16500000.0
0,3,1,123,4,2850.0,10.0,13000000.0
0,1,1,58,4,2850.0,35.0,50000000.0
1,3,5,73,9,5052.0,11.37,57500000.0
1,2,2,50,6,2850.0,11.0,20000.0
1,3,1,54,4,2850.0,6.3,16500000.0
0,5,2,166,4,2850.0,7.0,15000000.0
1,3,2,166,4,12.41,11.0,47000000.0
0,3,1,119,6,2850.0,74.0,14500000.0
1,4,2,113,4,2850.0,12.5,55000000.0
0,5,3,76,10,2850.0,9.0,29000000.0
1,3,2,61,4,2850.0,10.0,19500000.0
0,2,2,166,4,1500.0,3.5,15000000.0
1,3,3,62,9,2850.0,15.0,47000000.0
0,1,1,166,4,2850.0,11.0,6500000.0
1,3,3,166,4,2850.0,13.0,120000000.0
0,2,1,13,9,2850.0,11.0,6200000.0
0,3,2,166,4,2850.0,11.0,9500000.0
0,3,2,61,4,2850.0,16.0,15500000.0
1,4,3,109,6,2700.0,21.0,22500000.0
1,3,2,166,9,1200.0,10.0,16000000.0
0,1,1,64,6,2850.0,16.0,7000000.0
0,3,2,166,10,2850.0,12.0,17500000.0
1,6,4,166,4,2850.0,11.0,65000000.0
0,3,2,32,4,1150.0,11.0,39000000.0
0,4,1,3,5,2850.0,13.5,7800000.0
0,3,2,50,6,2850.0,13.8,14000000.0
0,2,2,34,4,2850.0,1.25,17500000.0
0,3,2,34,4,2850.0,3.8,39000000.0
1,1,1,166,4,2850.0,43.52,160000000.0
1,4,2,73,9,6200.0,26.0,130000000.0
0,3,1,65,8,2850.0,2.0,12000000.0
0,3,1,13,9,2850.0,12.0,9000000.0
0,2,1,83,12,2850.0,8.0,6800000.0
0,3,3,166,4,2850.0,3.0,22000000.0
0,5,4,166,4,2850.0,92.0,350000000.0
0,4,3,50,6,3700.0,12.5,53000000.0
0,1,1,53,13,2850.0,80.0,8000000.0
1,3,1,166,4,2850.0,16.5,22000000.0
1,3,1,109,6,2850.0,10.0,4600000.0
1,1,2,73,9,2800.0,11.48,32000000.0
1,4,3,147,4,3000.0,50.2,140000000.0
1,7,2,92,13,2500.0,26.5,23000000.0
0,2,1,166,10,2850.0,22.0,12500000.0
1,4,4,166,4,2850.0,3.6,29000000.0
0,3,1,166,13,2850.0,22.0,21000000.0
0,1,1,76,10,2850.0,10.0,15000000.0
0,3,1,73,9,2850.0,13.0,4500000.0
0,1,1,166,4,2850.0,2.0,45000000.0
0,3,1,126,9,2850.0,11.0,7000000.0
1,4,3,166,4,2080.0,10.4,26000000.0
1,4,3,84,6,2850.0,11.9,50000000.0
1,4,3,82,4,2850.0,10.0,33500000.0
1,3,1,166,4,2850.0,8.3,24000000.0
0,3,1,166,6,1200.0,7.0,13000000.0
0,2,1,100,14,2850.0,30.0,7500000.0
0,2,2,166,4,2850.0,3.5,15500000.0
0,2,1,166,4,2850.0,3.0,8400000.0
1,4,2,117,6,2250.0,13.0,35000000.0
0,3,2,62,9,2850.0,12.5,13000000.0
1,7,3,166,4,3130.0,16.5,400000000.0
1,2,1,166,4,2850.0,9.5,14000000.0
0,4,5,15,4,4450.0,16.5,85000000.0
0,3,2,166,4,6200.0,9.7,115000000.0
0,3,2,61,4,1395.0,10.0,16800000.0
0,2,3,166,4,840.0,3.5,15000000.0
1,3,1,166,6,2850.0,9.5,11200000.0
0,4,4,166,4,2801.0,8.0,88000000.0
0,3,1,157,6,2850.0,25.0,62500000.0
0,4,4,166,4,2850.0,3.6,70000000.0
1,3,1,62,9,2850.0,10.0,9000000.0
0,3,1,166,4,2850.0,10.0,23000000.0
0,3,1,61,4,2850.0,10.0,20000000.0
1,3,2,61,4,2850.0,6.0,18800000.0
1,5,2,166,4,2850.0,11.0,38000000.0
1,3,2,166,4,1800.0,15.0,23000000.0
1,6,5,8,4,3200.0,12.0,55000000.0
0,4,3,50,6,2850.0,11.0,30000000.0
1,2,1,113,4,950.0,11.0,170000000.0
0,4,3,166,4,2850.0,10.0,17500000.0
1,1,1,41,4,2850.0,3.55,20000000.0
0,4,2,73,9,2850.0,10.0,31000000.0
0,3,2,166,4,2850.0,10.0,39000000.0
0,3,1,50,6,2850.0,27.0,12000000.0
0,2,1,73,9,2850.0,10.0,6900000.0
0,3,2,50,6,2850.0,12.5,26000000.0
0,2,2,166,4,1100.0,11.0,12000000.0
0,3,2,166,4,1275.0,10.4,22500000.0
1,7,7,59,2,2850.0,2.91,125000000.0
1,3,1,166,4,2850.0,18.0,16500000.0
0,1,1,77,16,2850.0,87.0,7800000.0
0,3,1,166,6,2850.0,10.0,16500000.0
0,3,1,65,8,2850.0,1.5,8500000.0
1,4,3,86,4,3100.0,7.3,8500000.0
0,1,1,66,6,2850.0,10.0,30000000.0
1,4,4,166,4,4000.0,8.0,105000000.0
1,5,4,166,4,3500.0,19.0,89000000.0
0,5,3,117,6,2600.0,10.5,35000000.0
1,2,1,13,9,2850.0,10.0,9000000.0
0,4,1,9,4,2850.0,3.0,11000000.0
1,3,2,166,4,1650.0,9.5,28800000.0
1,3,1,123,4,2850.0,40.0,8500000.0
1,3,2,166,4,2850.0,6.0,34000000.0
1,4,5,166,4,3000.0,10.0,110000000.0
0,5,2,50,6,2000.0,56.0,13000000.0
1,4,3,109,6,2850.0,21.0,21000000.0
0,5,3,66,6,2850.0,17.2,39500000.0
1,4,4,166,4,2850.0,10.0,43000000.0
0,4,2,34,4,2800.0,11.0,62000000.0
0,4,3,101,15,2700.0,7.94,47000000.0
0,3,2,166,4,2500.0,10.3,23000000.0
1,2,1,166,6,2850.0,9.0,7900000.0
1,3,1,73,9,2850.0,9.0,5500000.0
1,7,4,166,4,2850.0,7.5,68000000.0
0,5,3,117,6,2850.0,14.0,29000000.0
0,1,1,101,15,2850.0,11.0,11500000.0
1,3,1,13,9,2850.0,10.0,10000000.0
1,2,1,20,4,2850.0,5.35,9000000.0
0,5,3,84,6,4900.0,23.0,48000000.0
1,4,5,166,4,2900.0,9.6,46000000.0
0,1,1,62,9,2850.0,32.5,8287500.0
0,2,1,105,4,2850.0,10.0,13500000.0
0,5,4,166,4,3500.0,13.0,69500000.0
0,3,1,126,9,2850.0,10.0,14000000.0
0,3,2,8,4,2850.0,7.03,19000000.0
1,4,3,166,4,2850.0,10.0,36000000.0
0,3,1,166,13,2850.0,67.0,3600000.0
0,3,1,78,6,2850.0,10.0,18500000.0
0,5,2,92,13,2850.0,34.0,18500000.0
1,5,1,66,6,2850.0,10.0,24000000.0
1,4,3,166,4,2850.0,12.0,50000000.0
0,3,1,166,6,2850.0,15.0,19000000.0
0,2,1,58,4,2850.0,18.0,3000000.0
1,4,3,75,6,2800.0,16.0,48000000.0
1,4,2,76,10,2850.0,20.0,8800000.0
0,1,1,76,10,2850.0,66.0,200000.0
0,6,3,166,4,3000.0,15.0,42500000.0
0,3,1,166,4,2850.0,10.0,8500000.0
0,4,4,166,4,2801.0,8.0,88000000.0
0,3,2,8,4,1200.0,6.0,23000000.0
0,3,1,76,10,2850.0,27.0,4500000.0
0,3,1,109,6,2850.0,9.8,8600000.0
0,5,3,76,10,2850.0,20.0,26000000.0
0,3,2,166,4,2850.0,7.0,16500000.0
1,2,1,66,6,2850.0,11.3,16500000.0
1,2,1,166,4,2850.0,18.1,39000000.0
0,2,1,58,4,2850.0,7.5,7000000.0
1,5,2,62,9,2850.0,14.0,18000000.0
1,4,1,98,4,2850.0,9.1,72500000.0
1,4,4,98,4,3100.0,9.0,42000000.0
1,4,2,50,6,2850.0,13.1,25000000.0
0,3,2,61,4,2850.0,11.0,10000000.0
0,5,2,92,13,2850.0,15.5,25500000.0
0,3,1,61,4,2000.0,11.0,24000000.0
0,3,1,50,6,2850.0,26.0,10000000.0
1,4,2,166,6,2850.0,15.0,16500000.0
0,3,3,98,4,2850.0,8.0,22500000.0
1,4,2,166,6,2850.0,15.0,15000000.0
1,4,2,50,6,2100.0,11.0,39950000.0
0,7,2,92,13,2850.0,164.0,35000000.0
0,3,1,92,13,2850.0,7.0,2700000.0
0,5,2,50,6,2300.0,19.0,18000000.0
1,3,2,62,9,2850.0,7.0,28000000.0
1,3,2,117,6,2850.0,31.5,34000000.0
1,3,3,142,4,2600.0,9.1,53000000.0
1,2,2,66,6,2850.0,10.0,12500000.0
1,2,1,61,4,2850.0,11.0,9900000.0
0,3,1,154,6,2850.0,28.5,12500000.0
0,2,1,166,6,2850.0,5.7,2700000.0
1,4,3,166,4,3700.0,9.75,72000000.0
0,3,2,166,4,2850.0,6.0,47500000.0
1,4,2,73,9,2916.6,10.0,23500000.0
1,3,2,166,4,2850.0,6.0,14000000.0
0,4,4,166,4,4000.0,7.0,68000000.0
0,3,1,117,6,2850.0,6.0,9000000.0
1,1,1,73,9,2850.0,34.0,8000000.0
0,6,6,166,4,4000.0,12.0,55000000.0
0,3,1,65,8,2850.0,1.0,16500000.0
0,5,3,166,4,2850.0,15.0,36000000.0
0,3,2,61,4,2850.0,7.0,13500000.0
0,3,1,166,4,2850.0,10.8,16000000.0
1,3,2,98,4,1650.0,10.7,23500000.0
1,4,2,126,9,2850.0,10.5,28500000.0
1,2,1,73,9,2850.0,13.0,7800000.0
0,3,1,62,9,2850.0,10.0,8600000.0
0,1,1,166,13,2850.0,9.5,40000000.0
1,4,3,96,4,2250.0,11.2,42000000.0
1,2,1,166,4,2850.0,6.0,9500000.0
0,6,4,142,4,2850.0,21.5,90000000.0
1,4,2,103,11,2850.0,13.5,20200000.0
0,1,1,48,5,2850.0,11.0,8326800.0
0,1,1,76,10,2850.0,10.0,7000000.0
0,1,1,66,6,2850.0,8.5,14500000.0
1,2,1,166,4,2850.0,10.0,2800000.0
1,3,1,166,4,2850.0,16.0,27000000.0
0,3,2,8,4,2850.0,8.5,22000000.0
1,3,1,165,6,2850.0,40.0,17500000.0
1,1,1,62,9,2850.0,47.0,20000000.0
0,1,1,48,5,2850.0,110.0,6000000.0
0,4,3,166,4,2850.0,7.5,42500000.0
0,3,2,132,10,2850.0,10.0,8000000.0
1,4,2,66,6,2850.0,10.0,27000000.0
0,2,1,13,9,2850.0,11.0,3800000.0
0,2,1,113,4,2850.0,7.0,8000000.0
0,1,1,119,6,2850.0,35.0,8000000.0
0,5,5,166,4,2850.0,14.0,155000000.0
0,3,2,61,4,2850.0,7.0,17500000.0
1,5,4,166,4,2500.0,11.0,37500000.0
0,2,1,66,6,2850.0,19.0,15000000.0
0,2,1,73,9,2850.0,16.0,6500000.0
0,5,2,166,6,2850.0,12.5,23000000.0
1,5,2,166,4,2850.0,8.25,38000000.0
0,4,4,15,4,3000.0,8.0,65000000.0
1,3,2,166,4,2100.0,10.0,26000000.0
0,6,2,166,4,4000.0,15.5,110000000.0
0,3,2,8,4,1050.0,11.0,16000000.0
1,4,2,166,4,2500.0,12.0,39900000.0
0,4,3,8,4,2502.0,26.1,35000000.0
0,5,4,133,4,2850.0,20.0,67500000.0
1,4,3,166,4,2850.0,8.9,85000000.0
1,3,1,8,4,2850.0,10.0,18500000.0
0,4,3,98,4,2850.0,10.0,25000000.0
1,3,3,113,4,2850.0,11.0,16800000.0
1,3,2,166,4,1800.0,11.5,15000000.0
0,3,2,50,6,1600.0,13.5,15500000.0
1,5,4,166,4,3400.0,12.12,59500000.0
0,3,1,166,6,2850.0,17.0,7000000.0
1,3,2,166,4,1500.0,7.4,26500000.0
1,3,1,66,6,2850.0,15.0,13000000.0
0,1,1,166,4,2850.0,11.0,6500000.0
0,6,5,166,4,2850.0,15.2,110000000.0
1,4,3,13,9,5000.0,45.0,65000000.0
0,1,1,76,10,2850.0,17.0,25000000.0
1,4,3,15,4,2850.0,11.0,100000.0
0,3,1,8,4,2850.0,5.0,8300000.0
0,1,1,109,6,2850.0,12.5,3500000.0
1,5,3,139,4,5603.0,16.86,29500000.0
1,5,4,133,4,2850.0,20.0,69500000.0
1,4,3,15,4,3000.0,13.2,80000000.0
0,3,2,133,4,2850.0,10.5,24000000.0
1,2,1,73,9,1200.0,22.0,8000000.0
1,5,4,76,10,2850.0,40.0,42000000.0
1,5,3,76,10,2850.0,4.5,50000000.0
0,4,1,14,2,2850.0,11.0,18000000.0
1,5,4,166,4,3000.0,7.0,65000000.0
0,4,2,73,9,3500.0,11.0,25000000.0
0,3,2,84,6,2850.0,18.0,17000000.0
0,3,1,166,13,2850.0,19.55,16500000.0
1,3,1,77,16,2850.0,17.0,5500000.0
0,2,1,166,10,2850.0,11.0,14500000.0
0,4,1,48,5,2850.0,113.0,43000000.0
0,4,2,166,4,2850.0,8.0,34500000.0
1,3,2,50,6,2850.0,15.0,125000000.0
0,3,3,166,4,2850.0,14.0,120000000.0
1,4,3,133,4,2850.0,10.0,46000000.0
0,5,2,166,4,2680.0,14.6,26000000.0
0,3,1,123,4,2850.0,10.0,5500000.0
0,2,1,13,9,2850.0,10.0,6500000.0
1,5,2,66,6,2850.0,15.0,32000000.0
0,4,4,116,4,5000.0,21.0,250000000.0
0,2,1,166,9,2850.0,45.0,30000000.0
1,3,4,166,4,2433.0,10.6,32000000.0
0,3,1,70,20,2850.0,30.0,13000000.0
0,3,1,75,6,2850.0,9.0,12000000.0
0,2,1,66,6,2850.0,8.0,8500000.0
0,2,1,122,17,2850.0,7.0,4500000.0
1,3,1,166,4,2850.0,11.0,38000000.0
1,3,2,69,4,2850.0,10.0,11000000.0
1,3,3,166,4,1750.0,7.0,26000000.0
1,6,6,76,10,2850.0,10.0,90000000.0
0,3,1,166,4,2850.0,10.0,14800000.0
1,4,1,149,15,2850.0,33.0,7300000.0
0,5,2,113,4,2850.0,7.2,16500000.0
0,1,1,114,13,2850.0,6.0,42500000.0
0,2,1,84,6,2850.0,6.0,12500000.0
0,3,1,84,6,2850.0,18.0,50000000.0
1,3,2,61,4,2850.0,11.0,13500000.0
0,4,3,166,4,3100.0,6.0,39000000.0
1,4,2,34,4,3000.0,6.0,76000000.0
1,3,1,166,4,2850.0,8.0,16000000.0
0,3,1,76,10,800.0,13.0,8000000.0
0,3,1,84,6,2850.0,20.0,26500000.0
1,3,1,166,4,1500.0,15.0,42000000.0
1,6,2,166,4,2850.0,11.0,36000000.0
0,8,6,34,4,5000.0,11.0,12000000.0
0,3,3,166,4,2850.0,7.0,45000000.0
1,2,2,8,4,2850.0,6.0,11000000.0
0,3,1,50,6,2850.0,16.5,16500000.0
0,3,1,115,19,2850.0,15.0,6700000.0
0,4,2,50,6,2850.0,40.0,3800000.0
0,3,1,166,6,2850.0,15.25,17500000.0
1,3,1,62,9,1700.0,17.0,9500000.0
0,5,5,35,4,2850.0,25.5,500000000.0
0,3,1,9,4,2850.0,15.0,7000000.0
1,4,1,92,13,2850.0,380.0,22500000.0
1,4,6,50,6,3500.0,12.1,55000000.0
0,2,2,50,6,2850.0,7.0,12500000.0
0,7,3,33,4,2850.0,8.3,89000000.0
1,3,2,66,6,2850.0,12.5,10500000.0
0,1,1,166,4,2850.0,3.5,10000000.0
0,4,4,166,4,4600.0,16.0,84000000.0
0,3,1,50,6,2850.0,10.3,9500000.0
1,4,1,165,6,2850.0,20.0,30000000.0
0,3,1,126,9,2850.0,20.0,12500000.0
0,5,3,76,10,2850.0,12.0,55000000.0
1,3,2,50,6,2500.0,14.3,27000000.0
0,3,1,60,5,2850.0,16.0,14500000.0
1,4,2,69,4,2850.0,6.0,36000000.0
1,4,1,13,9,2850.0,12.0,10000000.0
0,4,3,8,4,2350.0,7.0,27500000.0
0,6,4,76,10,5000.0,15.0,80000000.0
0,3,1,166,6,2850.0,11.9,11000000.0
0,2,1,166,4,2850.0,2.5,10000000.0
1,5,2,166,4,2850.0,17.9,97000000.0
0,4,1,90,13,2850.0,80.0,16000000.0
1,3,2,8,4,1250.0,7.9,18500000.0
1,4,3,15,4,3000.0,11.6,100000000.0
1,2,1,166,4,2850.0,6.1,14500000.0
1,4,3,76,10,2850.0,17.0,60000000.0
0,6,6,41,4,7000.0,28.0,220000000.0
1,3,2,13,9,2850.0,10.4,16500000.0
1,5,4,133,4,2850.0,20.0,69500000.0
1,7,3,87,4,2850.0,13.0,50000000.0
0,1,1,103,11,2850.0,101.0,5000000.0
0,4,1,73,9,2850.0,5.0,80000000.0
0,3,2,166,4,1200.0,7.0,26000000.0
1,5,4,166,4,2900.0,7.8,68500000.0
1,4,3,15,4,2850.0,6.5,30000000.0
0,2,2,166,4,2850.0,8.0,23500000.0
0,2,1,157,6,2850.0,6.5,15500000.0
0,3,1,138,6,2850.0,25.0,23000000.0
0,3,1,166,4,2850.0,15.0,27000000.0
0,2,2,50,6,1500.0,14.0,26500000.0
1,4,3,166,4,2900.0,8.3,68500000.0
0,2,1,162,4,2850.0,16.0,25000000.0
0,3,2,166,4,2850.0,7.0,25000000.0
0,4,2,165,6,3000.0,12.5,15500000.0
0,3,2,166,4,2850.0,3.5,17500000.0
1,3,3,39,19,2850.0,15.0,26000000.0
1,2,1,126,9,2850.0,10.0,6400000.0
0,6,5,166,4,3828.0,10.0,180000000.0
0,3,1,166,4,1260.0,11.0,21900000.0
0,3,1,62,9,2850.0,6.0,6700000.0
0,2,1,105,4,2850.0,4.75,6500000.0
0,4,1,166,4,2579.0,20.0,64000000.0
1,3,1,73,9,2850.0,16.5,13500000.0
1,2,1,166,4,2850.0,5.6,12000000.0
0,3,1,90,13,2850.0,56.0,6500000.0
0,3,1,69,4,2850.0,9.5,15000000.0
1,3,1,166,4,2850.0,6.6,13000000.0
1,6,2,166,4,3500.0,11.0,62000000.0
0,2,2,78,6,2000.0,2.5,26000000.0
0,4,1,74,15,2850.0,16.0,14000000.0
1,4,1,165,6,2850.0,20.0,30000000.0
0,2,1,166,4,2000.0,4.8,30000000.0
1,5,4,147,4,2850.0,8.0,38500000.0
0,4,1,61,4,2850.0,18.0,12000000.0
0,2,1,50,6,2850.0,6.5,3500000.0
0,8,1,111,15,2850.0,11.0,60000000.0
1,3,1,126,9,2850.0,7.63,9500000.0
0,4,2,48,5,2850.0,203.0,50000000.0
1,4,3,166,4,1590.0,10.5,25000000.0
1,10,6,166,4,2850.0,6.0,75000000.0
0,3,2,62,9,2850.0,10.0,12500000.0
0,3,3,166,4,2850.0,7.0,60000000.0
0,4,2,89,4,2500.0,12.0,42500000.0
0,4,2,76,10,2850.0,20.0,45000000.0
1,5,3,166,4,2850.0,6.6,40000000.0
1,3,1,85,6,2850.0,13.5,5200000.0
0,7,4,166,4,2850.0,14.0,93500000.0
0,4,1,166,4,2850.0,40.0,30000000.0
1,6,6,166,4,2850.0,10.0,40000000.0
0,3,1,166,4,2850.0,15.8,5800000.0
1,3,1,166,4,2850.0,3.0,19000000.0
1,5,5,166,4,4600.0,9.03,190000000.0
1,3,3,166,6,2850.0,8.0,20000000.0
1,4,3,117,6,2850.0,10.0,41000000.0
0,3,1,50,6,2850.0,10.0,11000000.0
1,5,2,109,6,2850.0,16.0,16500000.0
1,3,1,92,13,2850.0,80.0,12500000.0
0,4,2,166,4,2850.0,10.0,241000000.0
0,5,2,126,9,2850.0,10.0,18000000.0
0,1,1,116,4,2850.0,8.0,50000000.0
0,3,2,34,4,2850.0,19.1,250000000.0
1,4,2,166,4,2850.0,15.0,26900000.0
0,1,1,66,6,2850.0,8.0,9500000.0
1,4,2,13,9,2850.0,11.5,27500000.0
0,3,1,166,4,2850.0,14.0,55000000.0
0,1,1,166,4,1800.0,6.0,20000000.0
0,1,1,41,4,2850.0,6.0,55000000.0
1,5,1,92,13,2850.0,44.0,21560000.0
1,3,3,166,4,2500.0,9.0,60000000.0
0,3,1,113,4,2850.0,8.65,22500000.0
1,2,1,17,7,2850.0,30.0,2600000.0
0,1,1,73,9,2850.0,140.0,75000000.0
0,5,2,166,4,2850.0,6.4,52500000.0
0,5,3,166,4,2850.0,3.5,50000000.0
0,3,1,73,9,2850.0,11.0,5500000.0
0,3,1,62,9,2850.0,10.0,4500000.0
0,3,2,50,6,2850.0,7.9,11500000.0
1,3,2,166,4,2850.0,15.0,12000000.0
1,4,2,166,4,2644.0,12.49,28500000.0
0,3,1,166,4,2850.0,13.0,17000000.0
0,3,2,133,4,2850.0,10.0,13500000.0
0,2,2,166,4,870.0,11.0,27500000.0
1,4,3,166,4,5000.0,16.5,15000000.0
0,8,2,73,9,2850.0,11.0,16000000.0
0,4,2,50,6,1435.0,5.5,20000000.0
1,5,5,166,4,2345.0,6.85,55000000.0
1,3,3,166,4,2850.0,7.0,26000000.0
0,4,2,166,4,2150.0,6.5,35500000.0
1,2,2,166,4,2850.0,2.5,8000000.0
1,3,1,133,4,1200.0,15.0,10000000.0
0,3,2,61,4,2850.0,8.6,19500000.0
1,5,3,15,4,2850.0,10.0,45000000.0
1,4,2,112,16,2000.0,20.0,9000000.0
0,3,1,92,13,1350.0,22.0,16000000.0
0,3,2,62,9,2850.0,12.5,13000000.0
0,3,1,76,10,2850.0,15.5,31000000.0
1,3,2,166,4,1600.0,10.14,30000000.0
0,3,1,73,9,2850.0,10.0,14500000.0
1,7,5,57,7,6000.0,80.0,52000000.0
0,4,2,166,4,2850.0,7.0,40000000.0
1,4,2,166,4,1400.0,2.5,28000000.0
0,6,6,166,4,2850.0,8.05,70000000.0
1,2,1,62,9,2850.0,12.0,5500000.0
0,3,2,8,4,4000.0,7.0,17900000.0
0,6,4,166,4,2800.0,6.5,610000000.0
0,3,1,155,9,2850.0,10.0,12500000.0
0,1,1,90,13,2850.0,56.0,23000000.0
1,4,3,50,6,3212.0,12.0,83000000.0
0,5,1,79,11,2850.0,30.0,6000000.0
0,4,3,166,4,5000.0,60.0,360000000.0
0,1,1,76,10,2850.0,23.2,45000000.0
1,3,1,52,6,2850.0,10.0,4800000.0
1,3,2,50,6,2850.0,21.0,27000000.0
0,4,2,166,4,2850.0,8.0,24500000.0
1,2,1,92,13,2850.0,23.0,4800000.0
0,4,3,147,4,3000.0,8.05,47500000.0
1,4,2,98,4,2850.0,20.0,199000000.0
0,2,2,166,4,2850.0,4.9,12500000.0
0,4,3,50,6,3400.0,10.0,49000000.0
1,3,1,66,6,2850.0,12.5,15000000.0
0,1,1,100,14,2850.0,80.0,2300000.0
1,4,1,92,13,2850.0,20.0,37500000.0
1,3,1,166,4,2850.0,6.0,30000000.0
1,3,1,142,4,2850.0,11.0,29000000.0
0,5,5,166,4,2850.0,10.0,37500000.0
0,3,2,166,4,1300.0,8.0,35000000.0
1,6,4,142,4,2850.0,12.2,37500000.0
0,3,2,166,4,2850.0,7.0,24500000.0
0,2,1,126,9,2850.0,7.5,6000000.0
0,1,1,89,4,2850.0,15.0,10000000.0
0,5,4,96,4,2850.0,10.5,120000000.0
1,4,2,132,10,2850.0,20.0,35000000.0
0,3,1,73,9,2850.0,11.0,14000000.0
1,3,1,166,4,2850.0,16.5,17500000.0
1,4,2,138,6,2850.0,14.87,35000000.0
0,4,4,64,6,3000.0,12.5,37500000.0
0,2,1,154,6,2850.0,12.7,4250000.0
0,1,1,119,6,2850.0,13.5,6615000.0
0,2,2,155,9,2850.0,10.0,27000000.0
1,4,4,66,6,2600.0,10.0,36000000.0
0,1,1,166,6,2850.0,9.1,14500000.0
1,3,2,8,4,2850.0,20.0,24000000.0
1,4,4,35,4,5000.0,11.0,285000000.0
0,3,2,166,4,2300.0,7.0,50000000.0
0,4,2,13,9,2850.0,6.0,9800000.0
0,4,1,92,13,2850.0,15.0,5800000.0
0,3,1,20,4,2850.0,6.3,19000000.0
0,1,1,18,16,2850.0,20.0,2800000.0
0,2,1,3,5,2850.0,11.0,3300000.0
1,3,1,166,4,950.0,6.0,35000000.0
0,1,1,166,9,2850.0,11.0,3000000.0
0,3,2,166,4,2850.0,7.31,22500000.0
0,3,2,166,4,1700.0,7.0,27500000.0
0,2,1,166,4,2100.0,6.03,32000000.0
0,6,2,33,4,2800.0,9.5,62000000.0
1,3,1,73,9,2850.0,15.0,21000000.0
0,4,4,76,10,3000.0,12.5,48500000.0
0,8,6,33,4,4945.0,19.79,240000000.0
0,6,2,76,10,2850.0,14.0,55000000.0
0,5,5,126,9,2570.0,14.0,29800000.0
0,2,1,64,6,2850.0,6.1,10000000.0
1,5,2,66,6,2850.0,10.9,18500000.0
0,2,1,119,6,2850.0,10.0,9000000.0
0,3,3,50,6,4200.0,11.5,89000000.0
1,5,5,50,6,4100.0,7.0,57000000.0
0,2,1,8,4,2850.0,6.0,5000000.0
0,4,1,83,12,2850.0,11.0,36000000.0
1,3,3,166,4,2000.0,7.2,70000000.0
0,8,7,166,4,5250.0,14.5,150000000.0
1,1,1,73,9,2850.0,11.0,46000000.0
1,3,1,50,6,2850.0,10.0,23500000.0
1,4,1,101,15,2850.0,12.5,280000000.0
0,4,2,166,4,2850.0,7.7,31000000.0
1,4,3,98,4,2950.0,6.0,43000000.0
1,3,2,13,9,2850.0,10.5,17500000.0
0,3,2,66,6,2850.0,7.0,11000000.0
0,2,1,50,6,2850.0,16.0,3000000.0
0,5,2,13,9,2850.0,8.5,27500000.0
1,3,1,166,4,1498.0,10.0,13500000.0
0,3,1,166,4,2850.0,10.0,17000000.0
0,5,2,119,6,2850.0,14.0,13000000.0
0,4,3,166,4,3800.0,32.5,120000000.0
0,5,1,166,4,2850.0,10.0,21000000.0
0,4,3,166,4,2305.0,7.4,33000000.0
0,5,5,166,4,6000.0,18.2,135000000.0
0,3,1,166,9,2850.0,20.0,12000000.0
0,2,2,41,4,900.0,11.0,31750000.0
0,3,1,166,2,2850.0,17.0,7000000.0
0,2,1,76,10,2850.0,14.5,8000000.0
1,1,1,150,21,2850.0,60.0,8100000.0
0,3,1,166,4,2850.0,12.5,9800000.0
0,3,1,13,9,2850.0,11.0,4500000.0
1,6,2,166,9,2850.0,12.0,29000000.0
0,3,2,62,9,2850.0,10.0,15000000.0
0,6,3,166,4,2850.0,6.0,23000000.0
1,3,2,33,4,2850.0,9.0,49000000.0
0,4,4,98,4,3000.0,5.5,42500000.0
0,1,1,50,6,2850.0,10.0,3000000.0
1,3,1,50,6,2850.0,26.0,11000000.0
0,2,1,141,20,2850.0,20.0,6800000.0
0,2,1,50,6,2850.0,5.0,4500000.0
0,1,1,101,15,2850.0,80.0,6500000.0
1,3,1,61,4,2850.0,7.0,11200000.0
0,3,1,50,6,2850.0,25.0,15000000.0
0,4,2,166,4,2850.0,26.0,49000000.0
1,2,1,8,4,2850.0,16.0,7500000.0
1,1,1,166,4,2850.0,23.5,185000000.0
0,3,1,166,4,2850.0,12.87,9500000.0
0,5,4,166,4,2850.0,20.0,69500000.0
1,3,2,66,6,2850.0,5.5,10000000.0
1,2,1,62,9,800.0,3.0,3000000.0
0,3,2,166,6,3000.0,30.0,25000000.0
1,6,5,41,4,2850.0,3.3,35000000.0
0,3,3,166,4,2900.0,8.5,67500000.0
0,8,2,113,4,2850.0,13.0,45000000.0
0,3,2,62,9,2850.0,10.0,9000000.0
0,3,1,123,4,2850.0,10.5,4800000.0
1,3,1,79,11,1300.0,110.0,12500000.0
0,4,1,166,4,2850.0,11.0,12000000.0
0,5,3,98,4,2850.0,8.0,37500000.0
0,4,4,166,4,2850.0,10.0,48000000.0
0,5,1,48,5,2850.0,7.8,22500000.0
1,3,2,41,4,2850.0,8.75,55000000.0
0,3,2,89,4,2850.0,11.0,11000000.0
1,3,2,73,9,2350.0,8.0,34500000.0
1,3,1,61,4,2850.0,11.0,9500000.0
0,2,2,32,4,8000.0,10.5,325000000.0
1,8,3,50,6,2850.0,20.0,55000000.0
0,2,1,50,6,2850.0,4.5,7000000.0
1,5,1,90,13,2850.0,92.0,17000000.0
0,4,3,121,4,2500.0,19.5,65000000.0
1,6,3,166,4,2850.0,13.7,52500000.0
0,1,1,13,9,2850.0,25.0,13000000.0
0,3,2,165,6,2850.0,8.0,26000000.0
1,1,1,166,4,2850.0,9.3,13950000.0
1,2,1,92,13,2850.0,15.0,16500000.0
1,3,2,166,4,2850.0,10.0,19500000.0
1,3,2,61,4,2850.0,18.5,18500000.0
0,2,1,166,4,700.0,11.0,33000000.0
0,4,3,96,4,2880.0,10.5,37000000.0
0,3,1,119,6,2850.0,12.0,7000000.0
0,4,3,166,4,2450.0,7.5,42500000.0
0,1,1,100,14,2850.0,16.0,17500000.0
1,6,4,166,4,3200.0,20.0,89000000.0
0,2,1,109,6,2850.0,15.0,5850000.0
1,3,3,166,4,2517.0,12.0,82000000.0
0,5,3,82,4,2850.0,10.5,23000000.0
0,5,2,126,9,3050.0,10.6,28000000.0
0,2,1,166,6,2850.0,10.0,6850000.0
1,3,1,8,4,2850.0,15.8,15800000.0
1,2,1,166,4,2850.0,11.0,50000000.0
0,2,1,89,4,2850.0,11.0,65000.0
0,3,1,48,5,2850.0,15.0,3200000.0
0,3,1,84,6,2850.0,15.0,25000000.0
1,6,3,76,10,2850.0,11.0,25000000.0
0,3,2,16,3,2100.0,26.0,40000000.0
0,3,2,133,4,1600.0,14.0,22000000.0
0,3,1,66,6,2850.0,15.0,11500000.0
0,3,2,166,4,1350.0,6.0,40000000.0
0,3,1,101,15,2850.0,31.0,4500000.0
0,3,1,166,4,2850.0,8.0,11000000.0
0,5,4,121,4,2850.0,13.0,11000000.0
1,4,3,116,4,5500.0,11.0,250000000.0
0,6,4,166,4,2850.0,10.0,75000000.0
0,3,2,50,6,2850.0,40.0,8000000.0
1,5,2,133,4,3000.0,15.0,39000000.0
0,2,2,101,15,540.0,17.3,27000000.0
1,3,2,166,4,2850.0,7.0,23500000.0
1,1,1,64,6,2850.0,8.0,9000000.0
1,3,1,61,4,2850.0,10.0,11000000.0
1,3,1,92,13,2850.0,6.34,15000000.0
0,4,1,92,13,2850.0,21.0,7500000.0
0,3,1,109,6,2850.0,10.0,5500000.0
1,4,1,62,9,2850.0,10.0,15000000.0
0,1,1,76,10,2850.0,12.0,6500000.0
1,10,10,13,9,2850.0,15.0,20000000.0
0,2,1,166,4,2850.0,2.0,6000000.0
0,3,1,126,9,2850.0,9.75,7500000.0
1,4,2,166,4,2850.0,9.7,32000000.0
1,6,2,110,6,1800.0,1.0,36000000.0
0,1,1,18,16,2850.0,11.0,2700000.0
1,3,1,42,6,2850.0,23.0,12500000.0
1,1,1,98,4,2850.0,12.0,29000000.0
0,3,1,166,6,2850.0,13.0,8500000.0
1,5,5,133,4,4500.0,18.0,65000000.0
0,3,1,166,4,2850.0,8.0,9500000.0
0,3,1,101,15,2850.0,10.0,11000000.0
0,2,2,142,4,2850.0,11.0,20000000.0
0,2,2,166,4,1500.0,7.0,28000000.0
0,3,1,61,4,2850.0,10.0,13500000.0
1,3,1,84,6,1600.0,13.5,15500000.0
0,3,1,166,6,2850.0,6.5,13800000.0
0,3,1,166,4,2850.0,11.0,40000.0
0,3,1,166,4,2850.0,18.0,19500000.0
1,3,2,8,4,1250.0,6.0,20000000.0
0,1,1,98,4,2850.0,11.0,14500000.0
0,4,4,89,4,3250.0,10.8,44000000.0
1,3,1,166,6,2850.0,10.0,7750000.0
0,2,1,138,6,2850.0,11.0,16800000.0
1,4,4,166,4,4300.0,13.7,97000000.0
0,5,4,36,4,2850.0,4.0,60000000.0
0,3,2,166,4,2850.0,8.9,15000000.0
0,4,3,166,4,2824.0,10.73,49000000.0
0,4,3,50,6,2850.0,10.0,42500000.0
0,5,5,32,4,6500.0,10.0,160000000.0
1,5,3,166,4,2315.0,10.0,39000000.0
0,2,1,10,2,2850.0,11.0,17500000.0
1,4,1,166,4,2000.0,6.0,59000000.0
0,2,1,166,4,2850.0,6.8,12000000.0
0,3,2,105,4,2850.0,10.0,9800000.0
1,4,2,73,9,2850.0,80.0,19000000.0
0,3,1,166,6,1600.0,13.5,15500000.0
0,4,4,8,4,2850.0,10.0,49000000.0
1,4,2,166,4,2850.0,16.0,31000000.0
1,4,4,166,4,4000.0,8.0,105000000.0
0,1,1,166,4,2850.0,1.2,6000000.0
1,6,4,166,4,3437.0,11.0,110000000.0
0,6,3,84,6,2850.0,12.0,42500000.0
0,5,3,166,4,2850.0,13.5,47500000.0
0,5,3,166,4,5639.0,23.36,98000000.0
0,4,1,61,4,2850.0,15.0,8700000.0
0,3,1,50,6,1350.0,20.0,10500000.0
1,1,1,8,4,2850.0,22.5,16500000.0
0,2,2,166,4,2850.0,10.0,14000000.0
1,7,2,166,4,2500.0,16.5,30000000.0
1,3,1,10,2,2850.0,38.0,6500000.0
1,5,2,57,7,2850.0,20.0,28000000.0
0,6,6,76,10,2850.0,11.0,400000000.0
1,2,1,8,4,2850.0,6.9,14000000.0
1,5,2,54,4,2850.0,8.5,24000000.0
1,2,1,9,4,2850.0,10.0,5000000.0
0,5,3,50,6,2850.0,10.0,53000000.0
0,2,1,166,4,2850.0,2.25,4800000.0
1,4,1,166,4,2850.0,10.0,11500000.0
1,5,2,166,6,4900.0,23.0,48000000.0
1,3,1,166,4,2850.0,20.0,28000000.0
1,6,5,166,4,9500.0,40.0,185000000.0
0,4,4,166,4,2850.0,7.9,30000000.0
1,2,1,113,4,2850.0,7.9,16000000.0
0,5,5,41,4,2250.0,8.0,100000000.0
1,6,5,32,4,3828.0,10.0,180000000.0
0,5,1,166,4,4050.0,20.0,130000000.0
1,4,3,166,4,2850.0,6.5,39000000.0
1,5,5,166,4,5000.0,11.2,85000000.0
0,4,3,166,4,2600.0,7.0,36000000.0
0,4,2,73,9,2850.0,57.0,15000000.0
1,4,2,157,6,2850.0,14.0,95000000.0
0,4,1,48,5,2850.0,40.0,7500000.0
0,4,2,166,4,2750.0,10.0,39000000.0
0,4,3,166,4,2850.0,7.0,39500000.0
1,1,1,105,4,2850.0,8.0,11000000.0
1,3,1,166,4,1500.0,14.0,13500000.0
0,3,1,62,9,2850.0,13.0,9000000.0
0,3,1,166,6,2850.0,22.0,5500000.0
0,6,6,122,17,3000.0,23.0,96300000.0
0,2,1,105,4,2850.0,10.0,13500000.0
0,3,1,50,6,2850.0,40.0,3700000.0
1,3,2,166,4,2850.0,7.0,19500000.0
0,7,3,166,4,2460.0,6.79,35000000.0
0,4,3,32,4,2850.0,11.0,185000000.0
1,3,1,73,9,2850.0,10.0,6500000.0
0,3,1,50,6,2850.0,12.0,12500000.0
1,4,2,110,6,2850.0,15.0,5200000.0
1,1,1,133,4,2850.0,28.0,37000000.0
1,5,3,126,9,4000.0,10.0,45000000.0
0,4,3,166,4,3200.0,9.7,110000000.0
0,3,2,133,4,2850.0,11.8,14000000.0
0,5,5,166,4,5603.0,16.86,295000000.0
1,4,2,8,4,2200.0,6.0,23000000.0
0,1,1,50,6,2850.0,20.0,35000000.0
1,4,2,126,9,2850.0,8.5,26000000.0
0,4,3,41,4,2850.0,7.0,50000000.0
0,3,1,62,9,2850.0,20.0,12000000.0
0,5,2,166,4,2850.0,6.5,25000000.0
1,2,1,50,6,2850.0,16.0,32000000.0
1,4,4,166,4,2850.0,3.6,29000000.0
1,3,1,166,6,3000.0,11.0,18500000.0
0,2,1,62,9,2850.0,15.0,6000000.0
0,3,1,101,15,2850.0,25.0,5600000.0
0,3,1,166,4,2850.0,11.0,2300000.0
1,5,4,166,4,4000.0,10.0,80000000.0
0,2,1,166,4,2850.0,7.0,12500000.0
1,5,3,166,4,2850.0,8.5,85000000.0
0,4,5,96,4,2850.0,16.0,79500000.0
1,5,2,166,4,2850.0,12.0,26500000.0
1,4,2,109,6,2850.0,70.0,23000000.0
1,5,2,73,9,2850.0,10.5,14500000.0
0,1,1,92,13,2850.0,15.0,15000000.0
0,3,3,166,4,2500.0,11.6,25000000.0
0,6,5,166,4,2850.0,6.75,60000000.0
0,3,1,166,4,2850.0,20.0,10500000.0
1,4,5,166,4,2850.0,6.0,49500000.0
0,5,2,61,4,2850.0,10.0,48000000.0
0,3,1,5,0,2850.0,19.0,13500000.0
1,5,5,29,4,2850.0,8.05,15000000.0
0,3,2,50,6,2850.0,11.0,22000000.0
0,2,1,166,6,2850.0,7.0,3900000.0
1,4,1,48,5,2850.0,22.5,28500000.0
1,4,4,64,6,3500.0,105.0,75000000.0
0,1,1,17,7,2850.0,3.0,15000000.0
0,4,2,162,4,2850.0,10.05,48000000.0
0,3,1,61,4,2850.0,12.5,18500000.0
0,4,4,75,6,8650.0,25.0,180000000.0
0,2,1,126,9,2850.0,5.0,7200000.0
1,4,1,76,10,2850.0,33.6,21000000.0
1,1,1,46,10,2850.0,57.0,6000000.0
0,5,4,92,13,3150.0,12.0,17500000.0
0,6,5,101,15,2850.0,22.0,13500000.0
0,2,1,76,10,2850.0,70.0,5500000.0
1,5,4,166,4,2850.0,8.75,55000000.0
0,2,1,166,4,2850.0,15.0,7800000.0
1,5,1,48,5,2850.0,100.0,27500000.0
0,3,1,50,6,2850.0,5.0,3750000.0
0,1,1,121,4,2850.0,20.0,50000000.0
1,5,2,73,9,2850.0,30.0,38500000.0
0,6,5,166,4,2850.0,40.0,18500000.0
0,2,1,85,6,2850.0,30.0,2300000.0
1,1,1,33,4,2850.0,20.0,310000000.0
1,4,2,50,6,2850.0,10.0,24500000.0
0,3,1,50,6,2850.0,13.5,14000000.0
0,3,2,8,4,1200.0,6.3,21500000.0
0,4,2,155,9,2490.0,10.0,14000000.0
0,4,3,152,22,2150.0,7.6,46000000.0
0,4,2,13,9,2850.0,11.0,26500000.0
0,1,1,92,13,2850.0,11.0,14000000.0
1,1,1,166,4,2850.0,2.0,3500000.0
0,4,3,73,9,2850.0,10.0,29000000.0
0,3,2,131,10,2850.0,10.0,23000000.0
1,4,2,92,13,2850.0,30.0,7500000.0
1,3,1,110,6,2850.0,13.0,2600000.0
0,2,1,166,9,2850.0,10.0,12000000.0
1,3,1,61,4,2850.0,10.5,16500000.0
0,2,1,123,4,2850.0,10.0,4500000.0
0,1,1,54,4,2850.0,6.0,5500000.0
1,3,1,166,4,4000.0,12.0,48000000.0
0,4,1,2,13,2850.0,30.0,8000000.0
0,5,4,50,6,3200.0,9.5,57500000.0
1,3,2,166,4,1200.0,7.0,20000000.0
0,6,2,166,4,2850.0,14.3,26000000.0
0,4,1,92,13,2850.0,15.0,8000000.0
0,4,3,64,6,2850.0,10.0,33500000.0
0,3,2,41,4,2850.0,5.25,25000000.0
1,4,1,76,10,2850.0,10.0,9800000.0
1,2,1,166,4,2850.0,15.0,1900000.0
1,3,5,166,4,6250.0,13.0,200000000.0
0,6,6,121,4,6200.0,28.0,200000000.0
0,5,1,166,6,2850.0,15.0,8000000.0
0,4,2,166,4,2993.0,10.0,37500000.0
0,3,1,50,6,2850.0,12.5,42000000.0
0,4,1,41,4,2850.0,8.0,38000000.0
0,3,1,50,6,2850.0,29.0,8000000.0
0,2,1,50,6,2850.0,3.0,10500000.0
0,1,1,46,10,2850.0,157.0,17500000.0
1,4,2,92,13,2850.0,15.0,15500000.0
1,6,4,32,4,3800.0,7.5,120000000.0
1,4,2,133,4,2700.0,7.7,35500000.0
0,4,4,166,4,4600.0,19.0,97000000.0
0,2,1,50,6,1100.0,6.0,9800000.0
1,5,3,166,4,3287.0,11.2,55000000.0
0,3,1,166,4,2850.0,10.0,18500000.0
0,3,2,166,4,2850.0,1.0,35000000.0
1,5,6,126,9,2850.0,31.5,59000000.0
0,5,4,138,6,2850.0,8.0,38000000.0
1,2,1,138,6,2850.0,10.0,24500000.0
1,5,2,166,4,2850.0,22.0,55000000.0
0,6,5,166,4,4000.0,10.37,58000000.0
1,3,1,3,5,2850.0,6.4,22000000.0
0,3,1,166,6,1200.0,13.0,15500000.0
0,5,5,50,6,4000.0,11.3,82000000.0
0,4,3,166,6,4000.0,21.0,65000000.0
1,5,3,51,10,2850.0,16.17,22000000.0
0,2,1,154,6,2850.0,14.0,8000000.0
0,1,1,114,13,2850.0,20.0,200000000.0
1,4,3,38,14,4000.0,17.8,32500000.0
0,7,5,166,4,3540.0,11.0,72000000.0
0,3,2,166,4,1450.0,7.0,23500000.0
0,4,3,50,6,5000.0,45.0,85000000.0
1,3,2,139,4,3200.0,10.0,110000000.0
0,2,1,109,6,5000.0,10.0,4200000.0
0,2,1,48,5,2850.0,29.0,8000000.0
0,4,1,165,6,2850.0,10.5,8000000.0
0,4,3,76,10,2850.0,9.0,28000000.0
0,2,1,61,4,2850.0,17.0,9000000.0
1,5,5,166,4,5000.0,16.0,55000000.0
1,3,1,166,6,2850.0,12.5,5600000.0
1,3,2,166,4,2850.0,10.0,18000000.0
0,3,2,76,10,3900.0,10.0,37500000.0
0,5,4,166,4,2850.0,11.0,45000000.0
1,3,1,109,6,2850.0,30.0,10500000.0
0,1,1,62,9,2850.0,10.0,29500000.0
0,5,2,50,6,2850.0,16.5,32000000.0
0,3,1,66,6,2850.0,17.5,13500000.0
0,2,1,105,4,2850.0,8.0,14500000.0
0,2,1,119,6,2850.0,11.0,35000.0
1,4,1,126,9,2850.0,19.74,25000000.0
1,4,2,73,9,2850.0,12.5,25000000.0
1,3,1,50,6,2850.0,12.5,12000000.0
0,3,1,8,4,2850.0,12.0,8800000.0
0,1,1,41,4,2850.0,10.1,45000000.0
0,1,1,17,7,2850.0,3.0,15000000.0
0,2,1,13,9,3000.0,11.5,27500000.0
1,4,2,62,9,2850.0,15.0,19500000.0
1,4,3,8,4,3450.0,6.5,37500000.0
0,3,2,84,6,2100.0,9.0,32000000.0
0,4,2,89,4,2250.0,10.0,24000000.0
0,3,1,52,6,2850.0,16.5,6000000.0
1,4,3,41,4,2650.0,6.0,48000000.0
1,6,3,92,13,6000.0,432.0,130000000.0
0,2,1,73,9,2850.0,8.6,19500000.0
1,2,1,166,4,2850.0,10.0,11000000.0
0,4,4,166,4,2850.0,14.0,45000000.0
1,5,1,101,15,2850.0,9.0,9000000.0
0,4,1,66,6,2850.0,23.0,18000000.0
0,2,1,149,15,2850.0,40.0,8500000.0
0,1,1,21,11,2850.0,92.0,11000000.0
1,1,1,44,20,2850.0,39.0,12090000.0
0,2,1,50,6,2850.0,5.0,11500000.0
1,5,2,166,4,5000.0,20.0,45000000.0
0,5,5,166,4,2850.0,56.0,77000000.0
0,4,2,76,10,2850.0,10.0,19500000.0
1,3,1,50,6,2850.0,15.0,27500000.0
0,3,2,166,4,2850.0,5.6,28000000.0
0,1,1,101,15,2850.0,11.0,120000.0
0,2,2,34,4,2850.0,11.0,160000.0
1,3,2,154,6,2850.0,12.5,13500000.0
1,3,3,166,4,2850.0,3.0,40000000.0
0,7,4,166,4,3500.0,13.15,69500000.0
1,3,1,166,4,2850.0,13.0,17500000.0
0,3,1,13,9,2850.0,10.0,11500000.0
0,4,3,166,4,4200.0,23.0,70000000.0
0,4,3,166,4,4000.0,11.2,45000000.0
1,4,1,92,13,2850.0,23.0,14500000.0
1,5,2,119,6,3000.0,18.0,18500000.0
1,4,4,166,4,2850.0,11.0,72500000.0
0,3,1,165,6,2850.0,15.0,16000000.0
1,5,2,166,4,2850.0,12.0,33000000.0
0,3,1,50,6,2850.0,17.0,8500000.0
0,3,3,87,4,2850.0,7.0,36000000.0
1,3,1,50,6,2850.0,19.1,13500000.0
0,3,2,50,6,2850.0,9.5,19500000.0
0,3,1,66,6,2850.0,7.5,7.5
0,4,3,50,6,2300.0,12.0,43500000.0
0,3,1,105,4,2850.0,7.0,11500000.0
1,4,2,41,4,2850.0,8.0,47000000.0
1,10,10,122,17,2850.0,101.0,440000000.0
0,6,1,58,4,2850.0,146.0,21900000.0
0,4,2,35,4,2850.0,11.0,98000000.0
0,3,1,101,15,2850.0,15.0,12500000.0
0,5,4,31,4,4000.0,12.8,265000000.0
0,3,2,76,10,2850.0,8.5,15500000.0
0,3,1,166,4,2850.0,6.5,8500000.0
0,2,2,166,4,2850.0,6.0,14000000.0
1,5,2,50,6,2900.0,15.0,23000000.0
0,1,1,36,4,2850.0,2.29,8000000.0
0,3,2,121,4,1500.0,10.0,85000.0
0,1,1,152,22,3500.0,11.0,1950000.0
0,5,3,76,10,2850.0,8.0,30000000.0
1,3,2,133,4,2850.0,6.5,17500000.0
0,3,1,50,6,2850.0,13.5,7500000.0
0,3,4,166,4,2988.0,10.3,54000000.0
0,3,2,117,6,2850.0,10.0,225000000.0
0,3,1,61,4,2850.0,10.0,18500000.0
0,1,1,73,9,2850.0,11.0,21000000.0
1,3,1,166,4,2850.0,16.0,29000000.0
1,4,2,92,13,2850.0,15.0,19000000.0
1,3,2,166,4,3000.0,7.0,51000000.0
1,3,1,66,6,2850.0,10.0,6700000.0
0,3,2,105,4,1480.0,10.0,19500000.0
1,3,1,73,9,2850.0,10.0,6600000.0
1,4,1,79,11,2850.0,80.0,6500000.0
0,5,2,62,9,2850.0,24.0,30000000.0
0,4,3,98,4,2850.0,10.0,55000000.0
1,5,4,166,4,5000.0,92.0,350000000.0
0,3,1,66,6,2850.0,8.0,12000000.0
0,3,1,166,6,2850.0,11.0,8300000.0
1,4,2,81,6,2750.0,5.13,19500000.0
0,2,2,166,4,840.0,3.5,15000000.0
0,3,1,166,6,2850.0,44.0,7000000.0
1,3,1,41,4,2850.0,14.0,55000000.0
0,5,4,50,6,2850.0,11.0,28500000.0
0,3,2,50,6,3700.0,15.0,35000000.0
1,3,1,76,10,2850.0,20.0,6500000.0
0,3,2,50,6,2850.0,6.33,13500000.0
0,5,5,166,4,2850.0,16.0,95000000.0
1,8,5,166,4,2850.0,7.5,65000000.0
0,3,2,50,6,2850.0,8.0,13500000.0
0,3,1,166,4,2850.0,10.0,10500000.0
0,4,2,76,10,2850.0,10.0,9800000.0
1,5,4,76,10,2850.0,20.0,47000000.0
1,2,1,64,6,2850.0,10.0,13500000.0
0,4,4,147,4,3345.0,11.0,60000000.0
1,3,1,121,4,2850.0,11.0,22500000.0
0,3,1,76,10,2850.0,21.0,9500000.0
0,3,2,152,22,2850.0,9.5,16000000.0
1,3,1,85,6,2850.0,32.0,2700000.0
1,3,3,166,4,2850.0,6.0,33000000.0
1,4,1,109,6,2850.0,120.0,17500000.0
0,1,1,76,10,2850.0,13.0,18500000.0
1,2,1,50,6,2850.0,5.2,6300000.0
1,2,1,110,6,2850.0,25.0,11200000.0
1,4,3,147,4,4516.0,9.8,88000000.0
1,4,1,157,6,3600.0,7.0,70000000.0
0,3,1,50,6,2850.0,7.0,8000000.0
1,1,1,50,6,2850.0,12.01,14000000.0
1,1,1,73,9,2850.0,13.0,17000000.0
1,5,5,166,4,6400.0,20.5,260000000.0
1,3,2,166,4,2850.0,6.1,26000000.0
0,4,1,142,4,2850.0,11.0,40000000.0
0,3,1,166,4,2850.0,13.0,14200000.0
0,4,4,113,4,2850.0,13.64,65000000.0
1,3,1,50,6,2850.0,13.0,18000000.0
0,6,2,166,4,2850.0,12.0,85000000.0
0,3,1,133,4,2850.0,7.0,21000000.0
1,5,3,147,4,40000.0,8.0,46000000.0
1,2,1,166,6,2850.0,17.4,5000000.0
0,3,1,66,6,2850.0,15.5,13000000.0
0,2,1,44,20,2850.0,40.0,6800000.0
0,2,1,126,9,2700.0,7.5,5300000.0
1,2,1,50,6,1850.0,10.0,16000000.0
0,4,1,64,6,2850.0,15.8,24000000.0
0,3,1,166,4,950.0,11.0,35000000.0
0,2,1,166,4,2850.0,11.0,35000.0
0,3,2,142,4,2850.0,5.0,16000000.0
0,4,4,155,9,2850.0,10.0,35000000.0
0,6,3,166,4,2850.0,13.8,70000000.0
0,7,6,33,4,4500.0,8.3,85000000.0
0,3,3,166,4,2850.0,7.0,29500000.0
0,3,1,166,4,2850.0,3.0,21000000.0
1,4,6,157,6,3800.0,8.0,69000000.0
1,3,1,17,7,2850.0,8.33,5000000.0
0,3,1,66,6,2850.0,24.0,12500000.0
0,2,1,62,9,2850.0,2.5,3200000.0
0,4,4,166,4,5000.0,11.0,285000000.0
0,4,3,138,6,2850.0,10.0,16500000.0
0,1,1,148,16,2850.0,40.0,4500000.0
0,3,1,62,9,2850.0,14.0,10000000.0
0,5,2,166,4,2850.0,14.01,100000000.0
1,3,1,41,4,2850.0,8.08,39000000.0
0,2,2,166,4,2850.0,3.6,12000000.0
0,3,2,166,4,2850.0,6.0,35000000.0
1,5,4,33,4,2850.0,7.8,149300000.0
0,2,1,62,9,2850.0,6.5,6000000.0
1,4,2,166,4,1468.0,17.2,10000000.0
1,4,3,35,4,3280.0,12.8,325000000.0
1,4,2,166,4,2850.0,25.75,120000000.0
1,3,2,78,6,2850.0,8.7,22700000.0
0,4,2,64,6,2000.0,8.0,27500000.0
1,3,1,61,4,2850.0,10.0,14500000.0
0,3,1,62,9,2850.0,10.0,14500000.0
0,3,1,66,6,2850.0,7.0,13500000.0
1,3,1,61,4,2850.0,7.0,17000000.0
0,3,1,166,4,2850.0,3.0,21000000.0
0,4,3,166,4,3100.0,6.0,39000000.0
0,5,5,35,4,6500.0,11.0,750000000.0
1,5,2,166,4,2850.0,10.0,20000000.0
1,3,3,15,4,2350.0,9.9,63000000.0
0,3,2,128,4,2850.0,7.75,19000000.0
0,5,2,48,5,2850.0,208.0,83200000.0
0,4,2,84,6,2450.0,7.0,37500000.0
1,3,1,61,4,2850.0,6.0,9500000.0
1,2,1,96,4,2850.0,6.5,9000000.0
0,4,3,76,10,2850.0,20.0,36500000.0
0,4,1,160,15,2850.0,11.0,9720000.0
0,2,1,133,4,2850.0,6.0,7800000.0
1,3,2,96,4,2850.0,7.0,24000000.0
0,1,1,166,4,2850.0,11.0,11500000.0
0,3,2,61,4,2850.0,7.0,13000000.0
1,2,1,50,6,2850.0,10.0,15000000.0
0,6,5,41,4,2850.0,3.3,35000000.0
1,6,5,117,6,2850.0,10.0,26000000.0
0,3,3,166,5,2850.0,16.9,30000000.0
0,3,2,157,6,2000.0,6.75,37000000.0
0,3,1,50,6,2850.0,12.8,18000000.0
0,8,8,78,6,2850.0,19.0,65000000.0
0,3,1,66,6,2850.0,7.5,16000000.0
1,6,2,41,4,2850.0,7.3,60000000.0
0,4,2,50,6,2850.0,10.0,9500000.0
0,4,2,166,4,2850.0,9.4,22000000.0
1,1,1,138,6,2850.0,11.0,11000000.0
0,2,1,123,4,2850.0,6.0,3800000.0
0,3,2,100,14,2850.0,80.0,9500000.0
1,1,1,166,4,2850.0,23.0,80500000.0
0,5,4,76,10,2850.0,20.0,47000000.0
0,4,3,50,6,2850.0,11.0,33500000.0
0,3,1,83,12,2850.0,11.0,9500000.0
0,4,2,101,15,2850.0,9.8,33500000.0
1,3,2,8,4,2850.0,12.0,11000000.0
1,3,1,66,6,2850.0,16.0,8000000.0
1,4,1,50,6,2850.0,10.0,4800000.0
0,5,2,133,4,2850.0,11.0,28000000.0
0,3,1,50,6,2850.0,15.0,5000000.0
1,5,2,61,4,2850.0,8.5,24000000.0
1,4,1,166,13,2850.0,25.0,3600000.0
0,3,2,50,6,2500.0,8.38,22000000.0
0,1,1,92,13,2850.0,11.0,7000000.0
1,2,1,166,11,2850.0,9.0,20000000.0
0,4,4,166,4,3300.0,11.47,120000000.0
0,6,3,50,6,2850.0,17.9,39800000.0
0,4,3,133,4,2850.0,11.0,23000000.0
0,3,1,61,4,2850.0,23.0,9800000.0
0,3,2,155,9,2850.0,13.0,9000000.0
0,3,2,166,6,1010.0,5.05,14000000.0
0,10,4,66,6,2850.0,25.0,40000000.0
1,4,3,82,4,2200.0,9.0,35000000.0
1,5,2,166,4,2850.0,12.0,85000000.0
0,9,9,112,16,2850.0,80.0,33000000.0
0,3,1,50,6,2850.0,23.0,20000000.0
0,5,4,32,4,5500.0,10.0,155000000.0
0,2,1,30,4,2850.0,11.0,5500000.0
1,5,2,50,6,3000.0,10.0,35000000.0
0,2,1,50,6,2850.0,7.5,14000000.0
1,6,5,166,4,2850.0,13.0,130000000.0
1,2,1,166,4,2850.0,10.0,17500000.0
0,3,2,142,4,2850.0,7.31,23000000.0
1,3,1,166,4,2850.0,10.0,12500000.0
0,5,4,166,4,4000.0,21.3,80000000.0
1,5,1,50,6,2850.0,13.0,21500000.0
1,4,4,166,6,6000.0,13.5,150000000.0
0,6,4,166,4,4000.0,10.0,30000000.0
0,3,1,50,6,2850.0,14.0,9000000.0
1,5,5,166,4,2042.0,7.5,65000000.0
1,3,2,157,6,2850.0,10.0,33000000.0
0,3,1,61,4,2850.0,6.6,9000000.0
0,3,1,92,13,2850.0,32.0,3750000.0
0,4,1,50,6,2850.0,10.0,52500000.0
1,8,8,166,4,5000.0,15.0,135000000.0
0,5,4,8,4,5000.0,12.0,47000000.0
0,3,1,42,6,2850.0,15.0,5300000.0
0,4,3,166,4,1690.0,8.0,31000000.0
0,1,1,25,4,2850.0,16.3,175000000.0
0,3,1,166,4,2850.0,7.2,15500000.0
0,4,2,108,9,2850.0,30.0,38000000.0
1,5,4,166,4,3509.0,23.7,98400000.0
0,3,2,50,6,1350.0,12.5,19800000.0
1,3,2,36,4,2325.0,7.6,70000000.0
1,4,2,73,9,2850.0,10.0,15000000.0
0,2,1,62,9,2850.0,12.5,15000000.0
1,5,3,126,9,2850.0,10.0,22000000.0
0,3,2,89,4,2850.0,7.5,15000000.0
1,2,1,73,9,2850.0,11.0,8500000.0
0,3,2,82,4,1800.0,11.4,21500000.0
0,3,3,166,4,2100.0,7.0,34500000.0
1,3,1,166,4,2850.0,8.6,19500000.0
1,4,3,139,4,4500.0,13.0,133000000.0
1,3,2,166,4,2850.0,8.7,26000000.0
0,4,2,89,4,2850.0,15.0,19000000.0
1,3,2,166,4,2850.0,5.0,22000000.0
0,3,3,126,9,2850.0,10.0,21000000.0
1,4,3,13,9,2850.0,20.0,22500000.0
0,3,1,44,20,2850.0,40.0,2500000.0
0,1,1,54,4,2850.0,11.0,30000.0
0,3,1,8,4,2850.0,9.0,18500000.0
0,2,1,50,6,1050.0,6.0,7900000.0
0,4,3,166,4,4000.0,15.0,60000000.0
0,3,1,64,6,2850.0,11.0,28000000.0
0,5,5,166,4,7000.0,50.0,165000000.0
0,2,1,66,6,2850.0,10.0,5800000.0
0,2,2,166,4,2850.0,10.0,8000000.0
0,3,2,87,4,2850.0,11.0,25000000.0
0,3,2,133,4,2850.0,7.8,25000000.0
0,1,1,109,6,2850.0,13.0,3300000.0
0,3,1,105,4,2850.0,10.0,7000000.0
1,2,1,73,9,2850.0,11.0,7000000.0
0,4,1,92,13,1650.0,20.0,13500000.0
0,4,2,82,4,2850.0,12.0,35000000.0
0,5,3,121,4,2850.0,7.0,32500000.0
0,2,1,166,6,2850.0,11.0,3550000.0
1,4,1,87,4,2850.0,6.5,38000000.0
0,3,1,61,4,2850.0,11.78,10000000.0
0,2,2,166,4,1800.0,12.4,80000000.0
0,6,3,64,6,2850.0,12.5,23000000.0
0,2,1,131,10,2850.0,6.0,12500000.0
0,4,2,50,6,2850.0,6.0,20000000.0
0,3,2,8,4,2850.0,7.7,38700000.0
0,3,1,61,4,2850.0,11.0,12000000.0
1,7,7,166,4,8500.0,11.0,160000000.0
0,4,3,133,4,2850.0,11.0,25800000.0
0,5,2,76,10,2850.0,10.6,24500000.0
1,4,2,50,6,2850.0,12.5,48500000.0
1,3,2,166,4,1664.0,11.0,25000000.0
0,2,1,92,13,2850.0,23.0,4500000.0
0,3,1,146,7,2850.0,20.0,2200000.0
1,6,4,166,4,2800.0,6.5,61000000.0
0,3,2,61,4,2850.0,12.5,17200000.0
0,3,2,61,4,2850.0,7.8,15000000.0
0,3,1,141,20,2850.0,22.0,6500000.0
0,6,6,7,11,5609.0,36.22,25000000.0
1,5,4,166,4,4500.0,10.0,55000000.0
0,2,1,166,4,2850.0,3.0,14500000.0
0,1,1,43,20,2850.0,6.5,2500000.0
0,4,3,98,4,4500.0,7.5,51000000.0
0,3,1,61,4,2850.0,10.0,11700000.0
0,3,1,73,9,2850.0,25.0,13500000.0
0,8,2,101,15,2850.0,11.0,57500000.0
1,5,2,165,6,2850.0,22.0,30000000.0
1,3,1,75,6,3000.0,14.5,25000000.0
1,3,1,73,9,2850.0,11.0,12500000.0
1,5,2,50,6,2850.0,12.5,60000000.0
0,1,1,138,6,2850.0,11.0,7500000.0
1,3,1,62,9,2850.0,12.5,5500000.0
0,5,1,13,9,2850.0,6.5,9800000.0
0,4,4,166,4,2670.0,11.0,62000000.0
0,3,2,166,6,2850.0,5.0,12000000.0
1,5,2,66,6,2850.0,15.0,32000000.0
1,5,5,166,4,3800.0,6.2,75000000.0
1,5,2,166,4,2850.0,26.8,115000000.0
0,3,1,50,6,2850.0,19.8,19800000.0
1,2,1,17,7,2850.0,30.0,2600000.0
0,3,1,50,6,2850.0,9.8,6800000.0
1,5,4,166,4,6500.0,20.5,170000000.0
1,3,1,166,4,2850.0,12.0,8800000.0
1,3,2,50,6,2850.0,7.0,14000000.0
1,4,1,66,6,2850.0,7.8,25000000.0
0,2,1,166,4,1200.0,12.25,11500000.0
0,7,1,166,4,2850.0,17.0,23000000.0
0,1,1,8,4,2850.0,6.0,9500000.0
0,3,1,50,6,2850.0,10.0,5500000.0
1,3,2,166,4,2500.0,11.78,11000000.0
1,3,2,166,4,2850.0,12.5,12500000.0
0,5,2,116,4,2850.0,9.5,47000000.0
0,1,1,166,4,2850.0,10.0,12500000.0
1,2,1,92,13,2850.0,18.5,12000000.0
0,3,1,62,9,2850.0,13.0,8000000.0
0,4,1,84,6,2850.0,20.0,52000000.0
1,1,1,73,9,2000.0,8.0,9500000.0
1,4,3,76,10,2850.0,17.0,55000000.0
0,1,1,138,6,2850.0,6.5,9500000.0
0,1,1,41,4,2850.0,10.1,45000000.0
1,2,1,166,6,2850.0,15.5,5300000.0
1,3,1,62,9,1700.0,17.0,9500000.0
0,2,1,157,6,2850.0,7.6,9000000.0
0,3,1,123,4,2850.0,10.0,5500000.0
0,6,6,34,4,2850.0,12.7,15200000.0
0,7,1,61,4,2850.0,21.0,55000000.0
1,4,1,126,9,2850.0,12.65,15000000.0
0,5,3,14,2,2850.0,15.0,27500000.0
0,5,1,66,6,2850.0,10.0,13500000.0
1,3,1,62,9,2850.0,12.5,5500000.0
1,3,1,126,9,2850.0,10.0,9800000.0
1,3,2,8,4,2850.0,6.1,26000000.0
0,3,1,166,6,3000.0,15.5,39000000.0
0,4,2,50,6,2850.0,16.0,15200000.0
0,3,1,110,6,2850.0,12.5,2800000.0
0,6,3,166,4,2850.0,15.0,46000000.0
1,4,1,76,10,2850.0,10.0,18000000.0
0,4,4,166,4,3000.0,10.0,125000000.0
0,2,2,126,9,2850.0,8.5,17000000.0
0,3,1,50,6,2850.0,10.0,8000000.0
1,3,2,166,4,2850.0,12.5,18500000.0
0,5,5,15,4,14000.0,32.0,40000000.0
0,3,1,50,6,2850.0,10.0,16500000.0
0,2,1,42,6,2850.0,6.5,3500000.0
0,3,1,76,10,2850.0,45.0,7500000.0
1,1,1,166,4,3500.0,23.64,465000000.0
1,5,1,92,13,2850.0,6.0,13000000.0
0,4,2,92,13,2850.0,21.0,22500000.0
1,5,4,31,4,5000.0,18.38,350000000.0
0,6,5,33,4,3500.0,11.0,240000000.0
0,3,1,13,9,2850.0,9.0,3500000.0
0,6,3,166,4,2850.0,13.0,60000000.0
1,1,1,166,4,2850.0,3.5,6000000.0
0,5,3,76,10,2850.0,10.0,58000000.0
0,2,2,138,6,2850.0,13.5,11000000.0
1,2,1,62,9,2850.0,10.0,11000000.0
1,3,2,126,9,2850.0,11.0,30000000.0
1,3,2,166,4,1600.0,11.5,45000000.0
0,4,1,155,9,2000.0,20.0,40000000.0
1,4,4,35,4,5000.0,9.0,285000000.0
0,4,2,157,6,2850.0,11.0,64000000.0
0,3,1,105,4,2850.0,10.0,14000000.0
1,2,1,166,4,2850.0,8.55,22000000.0
0,4,1,141,20,2850.0,15.0,3800000.0
0,5,5,166,4,4012.0,7.0,68500000.0
1,4,3,166,4,2850.0,6.0,31000000.0
1,2,1,166,4,2850.0,3.0,12000000.0
0,5,4,166,4,3700.0,10.0,51000000.0
0,3,1,66,6,2850.0,13.5,12000000.0
1,5,4,166,4,4200.0,16.0,75000000.0
0,3,1,119,6,2850.0,15.0,6000000.0
0,4,3,166,4,2850.0,10.0,20000000.0
0,5,2,165,6,2850.0,11.0,650000.0
0,1,1,1,15,2850.0,11.0,13500000.0
1,4,3,166,4,2455.0,12.44,45000000.0
0,1,1,78,6,2850.0,6.1,1000000.0
1,5,4,166,4,2850.0,22.0,43000000.0
0,2,1,85,6,2850.0,12.5,3000000.0
0,1,1,121,4,2850.0,25.0,150000000.0
0,5,3,166,4,3800.0,20.0,170000000.0
1,5,4,166,4,3192.0,17.5,55000000.0
0,1,1,119,6,2850.0,13.5,6000000.0
1,2,1,50,6,2850.0,14.5,66000000.0
0,4,4,166,4,4000.0,18.0,175000000.0
1,3,1,50,6,2850.0,45.0,23000000.0
0,3,1,61,4,2850.0,12.5,16500000.0
0,6,4,139,4,2850.0,6.0,59000000.0
0,4,2,166,4,2850.0,6.0,19000000.0
0,4,1,166,4,2850.0,15.0,16500000.0
1,5,3,62,9,2850.0,20.0,31000000.0
0,2,2,62,9,2850.0,10.0,8500000.0
1,4,2,166,4,2850.0,7.0,19000000.0
1,1,1,41,4,2850.0,3.6,15000000.0
0,4,1,138,6,2850.0,9.0,16500000.0
1,3,1,90,13,2850.0,53.0,4500000.0
1,4,2,117,6,2850.0,10.0,44000000.0
0,3,1,166,4,2850.0,20.0,28000000.0
1,5,5,166,4,2850.0,11.0,90000000.0
1,3,1,66,6,2850.0,20.0,14000000.0
0,3,1,98,4,2200.0,8.2,42500000.0
1,4,1,107,1,2850.0,70.0,8750000.0
1,3,1,117,6,2850.0,12.0,25000000.0
0,6,4,166,4,4600.0,11.0,65000000.0
0,3,2,155,9,2850.0,10.0,12500000.0
0,4,2,66,6,2850.0,10.0,32000000.0
0,3,1,165,6,2850.0,15.0,16000000.0
0,4,2,166,6,2850.0,12.0,15500000.0
0,2,1,58,4,2850.0,11.0,14500000.0
1,4,2,92,13,2850.0,30.0,7500000.0
0,5,4,64,6,3000.0,11.0,40000000.0
1,2,2,166,4,2850.0,3.6,12000000.0
0,4,2,138,6,1500.0,10.5,12500000.0
0,8,4,50,6,2850.0,10.0,58500000.0
0,1,1,79,11,2850.0,11.5,3800000.0
0,6,3,92,13,2850.0,56.0,31000000.0
1,2,1,166,4,2850.0,10.0,13500000.0
0,4,3,157,6,2850.0,10.0,38000000.0
1,2,1,156,13,2850.0,20.0,6800000.0
1,4,2,166,4,2850.0,9.7,32000000.0
0,5,5,166,4,3500.0,20.0,65000000.0
1,1,1,76,10,2850.0,7.5,4700000.0
0,3,2,20,4,2850.0,10.0,25000000.0
0,4,3,69,4,2850.0,11.0,21500000.0
1,3,1,117,6,2850.0,10.0,22000000.0
0,2,1,50,6,1007.0,11.6,25000000.0
1,4,3,133,4,4000.0,8.0,19500000.0
1,5,3,166,4,2850.0,8.0,35000000.0
1,3,1,74,15,2850.0,75.0,3500000.0
0,1,1,36,4,2850.0,19.65,30457500.0
1,4,4,166,4,2850.0,8.0,35000000.0
0,4,1,101,15,2850.0,320.0,12000000.0
0,4,1,13,9,2850.0,24.0,18500000.0
0,3,1,133,4,2850.0,10.0,12500000.0
0,1,1,76,10,2850.0,20.0,29000000.0
1,5,3,50,6,2850.0,10.5,45000000.0
0,3,2,110,6,2850.0,48.0,3600000.0
0,5,2,166,6,2850.0,10.0,35000000.0
1,1,1,73,9,3200.0,20.0,28000000.0
0,3,1,166,4,2200.0,9.0,39000000.0
0,5,2,126,9,2850.0,10.74,30000000.0
1,3,2,166,4,1380.0,9.8,22500000.0
1,3,2,50,6,2850.0,16.0,9800000.0
1,4,2,133,4,2850.0,8.0,26000000.0
1,3,3,166,4,2850.0,8.0,25500000.0
1,3,2,166,4,4600.0,6.0,18000000.0
1,2,1,166,6,2850.0,9.0,8600000.0
0,3,1,50,6,2850.0,12.5,8500000.0
0,4,3,33,4,2736.0,9.35,110000000.0
0,4,2,66,6,2200.0,10.0,36000000.0
1,4,4,166,4,3100.0,8.0,50000000.0
0,3,2,166,4,1480.0,10.0,19500000.0
0,1,1,75,6,2850.0,10.0,8000000.0
1,3,2,98,4,1250.0,8.0,18500000.0
0,4,3,20,4,3900.0,15.0,95000000.0
1,4,3,166,4,2850.0,9.5,65000000.0
0,1,1,73,9,2850.0,15.0,7500000.0
1,3,1,61,4,2850.0,10.0,14500000.0
1,2,1,166,6,2850.0,8.0,4500000.0
0,5,4,166,4,2850.0,9.5,32000000.0
0,4,3,166,4,2850.0,6.53,24000000.0
0,3,2,166,4,2800.0,8.0,22500000.0
0,5,6,50,6,2850.0,16.5,49500000.0
0,5,2,34,4,3500.0,8.25,90000000.0
1,4,3,166,4,2850.0,28.5,165000000.0
1,3,2,166,4,1720.0,11.0,48000000.0
0,2,1,57,7,2850.0,20.0,4500000.0
0,2,2,64,6,1800.0,10.0,30000000.0
1,3,1,166,6,2850.0,8.5,19000000.0
0,1,1,126,9,2850.0,50.0,75000000.0
1,3,3,89,4,2850.0,14.0,32500000.0
0,2,1,50,6,2850.0,7.0,3500000.0
0,3,1,73,9,2850.0,10.0,16500000.0
0,3,1,166,6,2850.0,40.0,8000000.0
0,5,5,166,4,6300.0,6.0,85000000.0
0,4,1,42,6,1756.0,40.0,9800000.0
0,2,1,58,4,2850.0,14.5,2800000.0
0,3,1,79,11,4000.0,17.9,110000000.0
0,5,4,166,4,3000.0,15.5,85000000.0
0,6,5,166,4,4600.0,8.5,70000000.0
1,3,2,61,4,2850.0,6.5,18500000.0
1,2,1,50,6,2850.0,3.0,7500000.0
1,5,4,139,4,2410.0,11.8,45000000.0
0,3,2,73,9,2850.0,10.0,16500000.0
0,3,1,61,4,2850.0,11.0,16500000.0
1,3,2,48,5,2850.0,10.0,12500000.0
1,3,2,66,6,2850.0,10.0,26000000.0
0,4,3,50,6,2850.0,10.0,27500000.0
0,2,2,166,4,2850.0,6.0,12000000.0
1,1,1,62,9,2850.0,15.0,45000000.0
1,2,1,58,4,2850.0,10.0,9500000.0
0,5,2,92,13,2850.0,100.0,8500000.0
1,4,3,75,6,3600.0,6.8,34000000.0
0,3,1,166,4,2850.0,5.5,30000000.0
